team,league,overall_elo,home_elo,away_elo,form_elo,matches,home_matches,away_matches,wins,draws,losses,goals_for,goals_against,last_result,last_updated
Norway,FIFA World Cup,1481.3549700149883,1486.9484790104918,1500.0,1491.6097365067449,1,1,0,0,0,1,1,2,L,2026-07-12T06:38:55+00:00
England,FIFA World Cup,1542.904581676284,1500.0,1530.0332071733988,1519.3070617543276,2,0,2,2,0,0,8,5,W,2026-07-19T08:26:11+00:00
Västerås SK,Allsvenskan,1489.6869744232295,1518.595426775777,1474.1854553204837,1495.359138490453,7,4,3,3,1,3,5,7,L,2026-09-05T17:47:24+00:00
Degerfors IF,Allsvenskan,1467.2983459693721,1514.4983466840824,1462.610495494478,1485.2842556862174,4,1,3,1,0,3,3,6,L,2026-08-24T06:32:27+00:00
Malmo FF,Allsvenskan,1570.8094932111042,1515.3812222851443,1534.1854229626285,1531.8642719449967,7,3,4,5,1,1,15,5,W,2026-08-31T21:11:09+00:00
IFK Goteborg,Allsvenskan,1479.4318614788504,1509.229812667888,1476.3724903673074,1490.7443376654828,5,1,4,2,0,3,6,13,W,2026-09-07T19:29:04+00:00
KFUM,Eliteserien,1462.2255184934636,1482.380446664164,1491.1774162812605,1483.0014833220587,4,1,3,1,0,3,3,8,L,2026-08-30T18:54:31+00:00
Bodø/Glimt,Eliteserien,1525.1707904797656,1500.0,1517.619553335836,1511.3268557158945,1,0,1,1,0,0,2,0,W,2026-07-12T14:46:04+00:00
Sandefjord,Eliteserien,1520.0744797019152,1477.1293647471707,1536.9227710441703,1509.0335158658618,8,5,3,3,4,1,11,9,D,2026-09-05T09:34:32+00:00
HamKam,Eliteserien,1460.3743497265034,1475.7279053136206,1496.5341394949319,1482.1684573769267,5,2,3,0,3,2,6,10,D,2026-08-10T07:05:36+00:00
GAIS,Allsvenskan,1524.173070397551,1495.823015286489,1521.0981339917967,1510.877881678898,5,2,3,3,0,2,5,3,L,2026-08-17T06:28:44+00:00
IF Elfsborg,Allsvenskan,1545.7298218505682,1510.9528017541475,1521.0580735412502,1520.5784198327556,8,3,5,5,0,3,12,7,L,2026-09-06T16:51:05+00:00
IF Brommapojkarna,Allsvenskan,1471.1949435243112,1489.066273134906,1490.770187332112,1487.0377245859404,6,5,1,2,0,4,8,9,W,2026-09-06T16:51:05+00:00
IK Sirius,Allsvenskan,1483.6829057882667,1447.8057179010189,1540.7723161507674,1492.6573076047198,8,3,5,4,0,4,11,14,W,2026-09-05T17:47:24+00:00
Rosenborg,Eliteserien,1524.2256108581303,1538.0314156056975,1478.9265119949937,1510.9015248861588,5,3,2,3,0,2,13,7,W,2026-08-15T06:17:53+00:00
Kristiansund BK,Eliteserien,1514.2898237739903,1533.621919828865,1476.3809568129284,1506.4304206982954,5,3,2,3,0,2,6,6,W,2026-09-06T19:43:59+00:00
Sarpsborg FK,Eliteserien,1483.708587330814,1486.7519549548524,1501.8440561767172,1492.6688642988663,9,7,2,3,3,3,14,14,D,2026-09-06T17:17:55+00:00
Viking FK,Eliteserien,1487.3256785995088,1500.0,1491.127975019656,1494.2965553697788,5,0,5,1,1,3,4,6,D,2026-09-05T09:34:32+00:00
Mjällby AIF,Allsvenskan,1424.2982902241313,1447.008803156892,1500.0,1465.9342306008593,6,6,0,1,1,4,5,11,L,2026-09-07T19:29:04+00:00
Botafogo,Brazil Serie A,1497.4219386957323,1496.7568967787922,1501.4384603082203,1498.8398724130795,5,3,2,2,1,2,5,5,D,2026-09-07T10:52:58+00:00
Santos,Brazil Serie A,1510.0293356342675,1481.587584044566,1525.432950899421,1504.5132010354205,5,2,3,2,1,2,8,7,W,2026-09-07T10:52:57+00:00
Fluminense,Brazil Serie A,1509.3389590752408,1504.7978200430434,1501.7394513096256,1504.2025315838584,4,3,1,1,3,0,3,2,W,2026-09-06T09:48:36+00:00
Bragantino-SP,Brazil Serie A,1475.8543560598848,1487.8249782940982,1495.2730709478212,1489.1344602269482,4,1,3,0,2,2,5,7,L,2026-09-06T09:48:34+00:00
Mirassol,Brazil Serie A,1502.3895053750166,1484.6443726393563,1517.0282811231555,1501.0752774187577,6,3,3,2,3,1,8,10,W,2026-09-06T16:51:06+00:00
Grêmio,Brazil Serie A,1471.8040361938652,1498.2605486903744,1482.002276645331,1487.3118162872393,3,1,2,0,1,2,2,4,L,2026-09-08T10:12:05+00:00
Tijuana,Liga MX,1533.0425336899984,1522.6772846988995,1500.4524888840995,1514.8691401604992,3,2,1,2,1,0,6,2,D,2026-08-01T08:27:37+00:00
Tigres,Liga MX,1440.07888912094,1500.0,1458.0552223846578,1473.035500104423,6,0,6,0,1,5,6,13,D,2026-08-30T10:49:34+00:00
Atlético San Luis,Liga MX,1464.4112214634379,1486.4959901263924,1488.5918648980141,1483.985049658547,3,2,1,0,1,2,2,6,L,2026-08-17T06:28:44+00:00
Cruz Azul,Liga MX,1544.119450612411,1500.0,1530.8836154286876,1519.8537527755848,2,0,2,2,0,0,6,3,W,2026-08-29T11:52:36+00:00
Necaxa,Liga MX,1499.5499183395839,1499.6849428377088,1500.0,1499.7974632528128,3,3,0,2,0,1,5,5,L,2026-08-29T11:52:36+00:00
Atlante FC,Liga MX,1490.0718865175243,1498.9955619922189,1494.0547585700479,1495.5323489328857,4,2,2,0,3,1,4,5,D,2026-09-06T09:48:36+00:00
Vålerenga,Eliteserien,1522.4203494439482,1503.0605243495409,1512.6337202612228,1510.0891572497771,6,4,2,3,1,2,23,14,D,2026-09-06T17:17:55+00:00
Aalesund,Eliteserien,1451.853947750553,1495.4442421254532,1470.8535212999338,1478.3342764877489,5,2,3,1,1,3,7,19,W,2026-09-05T09:34:31+00:00
Querétaro,Liga MX,1462.625594308509,1457.2368546539824,1516.6010613619742,1483.1815174388291,7,5,2,2,1,4,7,9,L,2026-08-23T06:21:00+00:00
América,Liga MX,1570.29224632324,1511.4081351019859,1537.7964373242821,1531.631510845458,6,1,5,4,2,0,9,3,W,2026-08-22T06:19:03+00:00
Tromso,Eliteserien,1536.9259470884479,1500.0,1525.8481629619132,1516.6166761898016,3,0,3,2,0,1,10,5,L,2026-09-06T19:43:59+00:00
Lillestrom,Eliteserien,1511.246846618717,1494.2193053290869,1513.6534873040148,1505.0610809784228,3,2,1,2,0,1,5,4,W,2026-09-06T09:48:34+00:00
AIK,Allsvenskan,1538.2126818044574,1512.7253631625738,1514.0235141005467,1517.195706812006,3,1,2,2,1,0,6,3,W,2026-08-08T16:18:23+00:00
France,FIFA World Cup,1475.7404483087278,1483.0183138161094,1500.0,1489.0832017389275,1,1,0,0,0,1,4,6,L,2026-07-19T08:26:11+00:00
Spain,FIFA World Cup,1512.825168690485,1508.9776180833396,1500.0,1505.7713259107184,1,1,0,1,0,0,1,0,W,2026-07-20T09:23:48+00:00
Argentina,FIFA World Cup,1487.174831309515,1500.0,1491.0223819166604,1494.2286740892816,1,0,1,0,0,1,0,1,L,2026-07-20T09:23:48+00:00
Kalmar FF,Allsvenskan,1456.3017416788375,1475.0425696318064,1494.3686495433797,1480.335783755477,5,2,3,0,3,2,4,9,L,2026-08-29T18:58:48+00:00
Toluca,Liga MX,1518.5584635006196,1486.9484790104918,1526.042445439942,1508.351308575279,3,1,2,2,0,1,5,4,W,2026-08-23T06:21:00+00:00
Pumas,Liga MX,1514.7954109202242,1497.3052666546487,1513.0515209895082,1506.6579349141007,2,1,1,1,1,0,2,1,D,2026-08-17T06:28:43+00:00
Atletico Mineiro,Brazil Serie A,1480.9929052273094,1497.9630485469158,1488.731985112201,1491.4468073522894,3,1,2,0,2,1,1,3,L,2026-09-06T09:48:34+00:00
Bahia,Brazil Serie A,1544.735415008865,1513.2007231255773,1518.1140673806278,1520.130936753989,7,3,4,3,4,0,13,10,W,2026-09-06T09:48:34+00:00
Coritiba,Brazil Serie A,1458.1675102350855,1456.6394716508219,1514.077785513738,1481.1753796057885,4,3,1,1,0,3,5,8,L,2026-09-06T16:51:06+00:00
Palmeiras,Brazil Serie A,1557.6516224051188,1500.0,1540.3561356835833,1525.9432300823034,4,0,4,2,2,0,8,2,D,2026-09-07T10:52:58+00:00
Sao Paulo,Brazil Serie A,1502.4459723679993,1510.1502312168632,1491.5619494407363,1501.1006875655996,4,3,1,2,0,2,5,4,W,2026-09-06T09:48:34+00:00
Atletico Paranaense,Brazil Serie A,1570.9142098279963,1507.667390788102,1541.9725560914953,1531.9113944225983,6,2,4,4,2,0,10,4,W,2026-08-25T06:23:59+00:00
FC Cincinnati,MLS,1516.3289484313698,1543.0039083773067,1468.4263555246523,1507.3480267941163,8,5,3,5,0,3,18,18,L,2026-08-30T10:49:34+00:00
Vancouver Whitecaps FC,MLS,1518.1351581189217,1498.3611807403722,1514.3334299428727,1508.1608211535145,7,2,5,2,3,2,12,10,W,2026-08-17T06:28:43+00:00
Sporting Kansas City,MLS,1460.5769829100839,1478.4608135720634,1493.9430744649953,1482.2596423095379,6,5,1,1,2,3,5,9,L,2026-08-24T06:32:27+00:00
Minnesota United FC,MLS,1495.0297269586054,1472.2780675275774,1524.2427413434461,1497.7633771313722,11,5,6,2,5,4,23,19,L,2026-09-06T09:48:36+00:00
Los Angeles FC,MLS,1496.0537871577117,1512.1197844125084,1485.1178665978898,1498.2242042209703,7,1,6,1,4,2,7,7,D,2026-09-06T09:48:36+00:00
Real Salt Lake,MLS,1430.1843128656108,1473.659409008158,1477.4696099977696,1468.582940789525,9,5,4,0,4,5,13,19,D,2026-09-06T09:48:36+00:00
Inter Miami CF,MLS,1502.514183478809,1505.8579572585695,1495.9019711765966,1501.1313825654643,7,2,5,3,2,2,11,14,D,2026-08-20T06:24:00+00:00
Chicago Fire,MLS,1524.5848263236796,1500.0,1517.2093784265755,1511.063171845656,6,0,6,2,3,1,12,11,D,2026-09-06T09:48:36+00:00
Philadelphia Union,MLS,1557.5236233417384,1516.6422628439045,1523.6242734953123,1525.8856305037823,6,3,3,4,2,0,15,10,D,2026-08-23T06:21:02+00:00
New York Red Bulls,MLS,1431.5060553271517,1481.3613808397622,1470.6928578892437,1469.177724897218,8,4,4,0,3,5,5,11,D,2026-09-06T09:48:33+00:00
Charlotte FC,MLS,1540.83381802181,1526.3885067823726,1502.1951658328946,1518.3752181098143,6,5,1,3,3,0,14,8,D,2026-09-06T09:48:34+00:00
Atlanta United FC,MLS,1535.1747569090567,1523.9184209935283,1500.7039088428114,1515.8286406090756,8,3,5,5,1,2,15,14,W,2026-08-24T06:32:27+00:00
Austin FC,MLS,1459.4212782546936,1495.472265469464,1476.1226293088214,1481.739575214612,10,6,4,3,2,5,12,14,D,2026-09-06T09:48:34+00:00
Seattle Sounders FC,MLS,1389.137735816427,1460.1480672743605,1462.2483477971386,1450.1119811173924,8,4,4,0,1,7,5,16,D,2026-09-06T09:48:33+00:00
LA Galaxy,MLS,1487.692282864174,1497.9952753855962,1493.389322619326,1494.4615272888786,10,4,6,2,5,3,11,14,W,2026-09-06T09:48:33+00:00
St. Louis City SC,MLS,1588.49387638482,1517.678377828256,1544.2673356411178,1539.822244373169,10,5,5,6,4,0,20,11,D,2026-08-31T11:58:57+00:00
New England Revolution,MLS,1560.9585124535452,1512.6509471857853,1530.0200115316966,1527.4313306040956,11,2,9,5,3,3,23,13,L,2026-09-06T09:48:33+00:00
Toronto FC,MLS,1515.4706733239589,1514.9097888393649,1495.9196824874064,1506.9618029957815,7,4,3,2,4,1,13,12,D,2026-09-06T09:48:36+00:00
Houston Dynamo,MLS,1557.0674822982864,1520.5721998325557,1519.3750377762449,1525.6803670342288,8,3,5,4,2,2,11,5,D,2026-09-06T09:48:34+00:00
D.C. United,MLS,1437.8546577513405,1470.8144960907675,1485.6837643351703,1472.0345959881033,9,5,4,1,4,4,8,17,D,2026-08-30T10:49:34+00:00
Colorado Rapids,MLS,1469.5471453768923,1549.1519990864572,1429.5310026773673,1486.2962154196011,11,6,5,6,0,5,6,13,L,2026-09-06T09:48:34+00:00
San Diego FC,MLS,1520.2362946307005,1540.8585389933805,1473.30686724811,1509.106332583815,7,3,4,3,1,3,11,7,L,2026-09-06T09:48:34+00:00
Columbus Crew SC,MLS,1473.742141212547,1501.7150777419026,1479.90442110688,1488.1839635456465,12,8,4,4,1,7,21,23,W,2026-09-06T09:48:34+00:00
New York City FC,MLS,1462.4504131661715,1474.6204127244591,1499.0948764918608,1483.102685924777,7,4,3,1,2,4,9,12,D,2026-09-05T09:34:31+00:00
Sarmiento de Junin,Argentina Primera Division,1541.6583878053602,1520.7710606398657,1508.3898108238866,1518.7462745124124,6,4,2,4,0,2,12,7,W,2026-09-05T09:34:32+00:00
Argentinos Juniors,Argentina Primera Division,1513.3477515827597,1507.5962627823935,1501.7471633255382,1506.006488212242,5,1,4,2,2,1,5,5,D,2026-09-08T10:12:05+00:00
Gimnasia Mendoza,Argentina Primera Division,1525.1463740723034,1527.4867928171889,1490.1156690334237,1511.3158683325366,5,4,1,3,1,1,8,4,D,2026-09-06T09:48:35+00:00
Central Córdoba,Argentina Primera Division,1415.8907780181592,1450.101162696051,1491.0223819166604,1462.1508501081712,5,4,1,0,0,5,0,6,L,2026-09-07T10:52:58+00:00
Velez Sarsfield BA,Argentina Primera Division,1549.6576118330802,1517.538078133525,1517.2222501496312,1522.3459253248861,4,2,2,3,1,0,6,2,D,2026-08-30T10:49:34+00:00
Instituto de Córdoba,Argentina Primera Division,1525.585883549791,1500.0,1517.9101184848537,1511.5136475974061,5,0,5,3,0,2,5,4,L,2026-09-08T10:12:05+00:00
Viborg FF,Danish Superliga,1487.6543742480892,1498.7282729422843,1492.629789031378,1494.4444684116404,5,3,2,2,1,2,3,4,L,2026-09-05T09:34:31+00:00
OB Odense BK,Danish Superliga,1476.3406053833648,1500.0,1483.4384237683553,1489.353272422514,3,0,3,0,1,2,2,4,D,2026-08-23T16:11:24+00:00
Platense,Argentina Primera Division,1480.0272589633505,1493.9338015719925,1492.085279702353,1491.0122665335077,4,3,1,0,3,1,4,5,D,2026-09-05T09:34:31+00:00
Union Santa Fe,Argentina Primera Division,1536.8280851509594,1518.79482771261,1506.9848318930615,1516.5726383179317,5,2,3,3,1,1,10,8,W,2026-09-08T10:12:05+00:00
Estudiantes de Río Cuarto,Argentina Primera Division,1468.1362869303587,1477.6954008512512,1500.0,1485.6613291186618,4,4,0,1,1,2,1,3,L,2026-09-05T09:34:32+00:00
CA Tigre BA,Argentina Primera Division,1517.886306698233,1513.3932230024689,1499.1271916862943,1508.0488380142049,5,2,3,3,0,2,6,4,L,2026-09-06T09:48:35+00:00
Lanus,Argentina Primera Division,1484.6301918418508,1477.7990563195294,1511.4420779697662,1493.083586328833,5,3,2,2,0,3,6,6,L,2026-08-18T06:21:31+00:00
San Lorenzo,Argentina Primera Division,1513.4945029814817,1516.585024831763,1492.8611272552741,1506.0725263416666,4,2,2,2,1,1,2,1,W,2026-09-06T09:48:36+00:00
Internacional,Brazil Serie A,1439.9927550919053,1484.7341760348008,1473.260752529533,1472.9967397913574,6,3,3,0,2,4,7,12,L,2026-09-07T10:52:57+00:00
San Jose Earthquakes,MLS,1378.8711740397457,1429.9418122106583,1485.2680096171637,1445.4920283178856,9,6,3,0,3,6,9,24,D,2026-09-06T09:48:34+00:00
CF Montreal,MLS,1475.2568615052855,1470.8963150027027,1511.7834880509974,1488.8655876773782,8,7,1,1,5,2,11,12,D,2026-08-23T06:21:03+00:00
River Plate,Argentina Primera Division,1475.8665311306145,1491.0731527541268,1492.0334190373032,1489.1399390087765,7,3,4,2,0,5,5,7,W,2026-08-31T11:58:57+00:00
Barracas Central,Argentina Primera Division,1521.170701110086,1489.3252339233882,1525.494256853672,1509.5268154995383,6,4,2,3,2,1,3,1,D,2026-09-08T10:12:05+00:00
Orlando City SC,MLS,1502.780728097162,1499.6884004940612,1502.2581091739523,1501.251327643723,6,5,1,3,1,2,9,8,W,2026-09-06T09:48:34+00:00
Nashville SC,MLS,1594.549069472751,1553.7712997777785,1512.4130488531475,1542.5470812627377,10,5,5,7,2,1,22,9,D,2026-09-05T09:34:31+00:00
FC Luzern,Swiss Super League,1494.2684653799297,1503.5838131781768,1492.4041125877739,1497.4208094209685,6,3,3,2,2,2,7,10,W,2026-09-03T10:14:29+00:00
FC Thun,Swiss Super League,1452.8560590721684,1470.8278169524806,1496.1714243980373,1478.7852265824756,5,2,3,1,1,3,7,15,D,2026-09-03T10:14:28+00:00
Vasco da Gama,Brazil Serie A,1478.3048480263615,1491.31182494873,1493.5015686697232,1490.2371816118625,5,3,2,1,2,2,4,6,L,2026-09-06T09:48:36+00:00
FC Lausanne-Sport,Swiss Super League,1481.4687313436787,1495.476233136737,1491.5518788038382,1491.6609291046555,7,3,4,1,4,2,7,9,L,2026-09-06T09:48:35+00:00
Grasshopper Zürich,Swiss Super League,1454.4782801536278,1479.002211654856,1489.1325844526832,1479.5152260691325,3,1,2,0,1,2,4,10,L,2026-08-30T18:54:31+00:00
Servette,Swiss Super League,1433.7803191017572,1469.3391488686766,1484.3070745025534,1470.2011435957909,5,3,2,0,1,4,2,7,L,2026-09-06T16:51:05+00:00
FC Basel,Swiss Super League,1547.43431777666,1507.8741227888722,1525.3298996547896,1521.3454429994968,5,3,2,4,0,1,11,6,W,2026-08-23T06:21:01+00:00
SK Brann,Eliteserien,1497.1754120317494,1495.5673360225726,1502.4554523996521,1498.728935414287,5,4,1,2,1,2,9,9,L,2026-09-06T09:48:34+00:00
FC St Gallen,Swiss Super League,1530.2540975591617,1505.3636415085555,1515.814226782858,1513.614343901623,3,2,1,2,1,0,6,3,W,2026-09-06T16:51:05+00:00
FC Zurich,Swiss Super League,1482.1734868546027,1496.4990588815615,1491.0223819166604,1491.9780690845712,3,2,1,1,0,2,4,5,L,2026-08-23T06:21:01+00:00
AC Horsens,Danish Superliga,1536.2878832744002,1506.1965008727088,1519.2050174193714,1516.32954747348,3,2,1,2,1,0,8,4,W,2026-09-06T16:51:06+00:00
FC Nordsjaelland,Danish Superliga,1537.1619549168431,1508.777437546843,1517.2359308949472,1516.7228797125797,6,1,5,2,3,1,9,7,D,2026-09-07T19:29:04+00:00
Deportivo Riestra,Argentina Primera Division,1488.5248792157463,1512.7978182367792,1479.1695972142431,1494.836195647086,7,4,3,2,2,3,8,7,D,2026-09-05T09:34:31+00:00
Boca Juniors,Argentina Primera Division,1504.2251607294909,1508.6889440600296,1494.268668450614,1501.901322328271,6,1,5,1,4,1,7,9,D,2026-09-06T09:48:35+00:00
Pachuca,Liga MX,1487.229790888457,1472.7109263518053,1518.3499272701147,1494.2534058998058,4,3,1,1,1,2,6,6,W,2026-09-05T09:34:31+00:00
Cruzeiro,Brazil Serie A,1510.7997890444128,1496.9032394113337,1510.6566129197552,1504.8599050699859,5,2,3,3,0,2,6,6,L,2026-08-30T10:49:34+00:00
Estudiantes,Argentina Primera Division,1461.0199958756189,1503.2804660711502,1469.433531041783,1482.4589981440283,5,2,3,1,0,4,4,7,L,2026-08-24T06:32:27+00:00
Independiente,Argentina Primera Division,1546.6354506926955,1496.11858464489,1536.526230839997,1520.985952811713,5,1,4,3,1,1,6,2,W,2026-09-07T10:52:58+00:00
Monterrey,Liga MX,1471.2911874165172,1500.0,1479.9038311915622,1487.0810343374328,2,0,2,0,0,2,1,4,L,2026-08-22T06:19:03+00:00
Randers FC,Danish Superliga,1424.7282227022017,1456.0871934383845,1491.222562453157,1466.1277002159907,6,5,1,1,1,4,3,14,L,2026-08-17T06:28:44+00:00
Silkeborg IF,Danish Superliga,1469.2891854537313,1476.4654783645276,1502.0369514530842,1486.180133454179,4,3,1,1,1,2,4,7,W,2026-08-11T06:43:23+00:00
Fredrikstad FK,Eliteserien,1510.8208493369175,1509.2548542537284,1498.3197402821138,1504.869382201613,3,1,2,2,0,1,2,4,W,2026-08-17T06:28:44+00:00
BK Hacken,Allsvenskan,1553.7403343209876,1494.6767160487025,1542.941517975989,1524.1831504444444,5,3,2,2,3,0,8,2,W,2026-08-22T06:19:03+00:00
Banfield,Argentina Primera Division,1466.513123757828,1476.5591866304794,1500.0,1484.9309056910226,3,3,0,1,0,2,5,7,L,2026-08-31T11:58:57+00:00
Rosario Central,Argentina Primera Division,1514.1281748675603,1483.6910737682617,1526.1986486390306,1506.3576786904023,4,2,2,2,1,1,3,2,L,2026-08-30T10:49:34+00:00
Racing Club,Argentina Primera Division,1448.1189829869818,1480.8189496947773,1482.8643383961098,1476.6535423441417,5,2,3,0,2,3,4,9,L,2026-08-31T11:58:57+00:00
Defensa y Justicia,Argentina Primera Division,1537.133034699765,1525.9931242898354,1500.0,1516.7098656148942,3,3,0,3,0,0,5,2,W,2026-09-01T10:39:11+00:00
Gimnasia La Plata,Argentina Primera Division,1516.7849378767162,1518.3775011420332,1493.371955371668,1507.5532220445223,4,2,2,3,0,1,5,6,W,2026-09-06T09:48:35+00:00
Flamengo,Brazil Serie A,1523.64812943161,1500.0,1516.553690602127,1510.6416582442243,3,0,3,1,1,1,7,4,L,2026-08-23T06:21:02+00:00
Vitoria,Brazil Serie A,1496.3485401968353,1497.4439781377846,1500.0,1498.3568430885757,3,3,0,2,0,1,2,4,W,2026-09-08T10:12:05+00:00
Aldosivi Mar del Plata,Argentina Primera Division,1463.4158079089507,1482.735264178349,1491.6558013579163,1483.5371135590278,2,1,1,0,0,2,1,4,L,2026-08-22T06:19:03+00:00
Corinthians,Brazil Serie A,1480.0234766223366,1486.0164336356354,1500.0,1491.0105644800512,2,2,0,0,1,1,1,2,L,2026-08-17T06:28:44+00:00
Talleres,Argentina Primera Division,1423.3563534399864,1462.1189645715856,1484.230482836405,1465.5103590479937,4,2,2,0,0,4,2,10,L,2026-09-06T09:48:36+00:00
Atlético Tucuman,Argentina Primera Division,1544.5477928717355,1500.0,1531.1834550102149,1520.0465067922808,3,0,3,2,1,0,3,0,W,2026-08-18T06:21:31+00:00
Puebla,Liga MX,1524.7704176378443,1504.6484647097545,1512.6908276367367,1511.1466879370298,4,3,1,2,2,0,8,6,W,2026-08-23T06:21:02+00:00
Guadalajara,Liga MX,1506.5598241512932,1500.0,1504.591876905905,1502.951920868082,3,0,3,0,3,0,3,3,D,2026-08-30T10:49:34+00:00
LASK,Austrian Bundesliga,1563.907861986188,1514.3641889333433,1530.3713144569883,1528.7585378937847,3,1,2,3,0,0,7,0,W,2026-08-10T07:05:36+00:00
Grazer AK,Austrian Bundesliga,1455.6504084386918,1509.5014206723358,1459.4538652347483,1480.0426837974112,4,1,3,1,0,3,2,13,L,2026-08-22T06:19:03+00:00
WSG Tirol,Austrian Bundesliga,1468.8309951663734,1478.0860104169901,1500.0956861994712,1485.973947824868,4,2,2,1,1,2,3,7,W,2026-09-02T19:02:42+00:00
Sturm Graz,Austrian Bundesliga,1502.9099306472633,1500.0,1502.0369514530842,1501.3094687912685,1,0,1,0,1,0,1,1,D,2026-08-01T17:05:26+00:00
Falkirk F.C.,Scottish Premiership,1482.221974399945,1482.380446664164,1505.1749354157976,1491.9998884799754,3,1,2,0,2,1,1,3,D,2026-09-05T17:47:24+00:00
St Mirren,Scottish Premiership,1525.1707904797656,1500.0,1517.619553335836,1511.3268557158945,1,0,1,1,0,0,2,0,W,2026-08-01T17:05:27+00:00
Aberdeen,Scottish Premiership,1512.825168690485,1508.9776180833396,1500.0,1505.7713259107184,1,1,0,1,0,0,2,1,W,2026-08-02T08:30:15+00:00
Hearts,Scottish Premiership,1512.9816354259538,1500.0,1509.0871447981676,1505.8417359416792,2,0,2,1,0,1,4,3,W,2026-09-04T10:04:23+00:00
Lyngby,Danish Superliga,1490.8473352197677,1495.2901064238058,1498.3030282300317,1495.8813008488953,6,3,3,1,3,2,7,8,W,2026-09-05T09:34:31+00:00
AGF Aarhus,Danish Superliga,1462.099546895892,1480.4315819744245,1493.0381008526997,1482.9447961031515,4,2,2,0,2,2,5,8,L,2026-09-03T10:14:29+00:00
Portland Timbers,MLS,1546.4196468541802,1532.4937527979262,1500.0,1520.8888410843813,4,4,0,4,0,0,12,7,W,2026-09-06T09:48:36+00:00
BSC Young Boys,Swiss Super League,1544.2406143673995,1500.0,1530.9684300571796,1519.90827646533,3,0,3,1,2,0,10,4,D,2026-08-09T06:34:57+00:00
FC Dallas,MLS,1571.6038466527702,1500.0,1550.122692656939,1532.2217309937469,6,0,6,4,2,0,15,11,D,2026-08-31T11:58:57+00:00
Brondby IF,Danish Superliga,1513.4659927646283,1509.42619493524,1500.0,1506.0596967440827,1,1,0,1,0,0,1,0,W,2026-08-02T16:13:05+00:00
FC Lugano,Swiss Super League,1539.876108993925,1506.9154879506036,1520.997788345144,1517.944249047266,2,1,1,2,0,0,5,1,W,2026-09-04T10:04:23+00:00
Molde,Eliteserien,1513.0792998862282,1498.1559438232828,1510.9995660970771,1505.8856849488025,6,2,4,2,2,2,16,16,W,2026-08-30T18:54:31+00:00
FC Sion,Swiss Super League,1518.5785247799536,1513.0049673459675,1500.0,1508.360336150979,1,1,0,1,0,0,3,0,W,2026-08-02T17:05:44+00:00
Austria Lustenau,Austrian Bundesliga,1495.5077935647016,1506.3568761676272,1490.4985793276642,1497.9785071041156,4,3,1,1,2,1,5,5,W,2026-08-16T06:19:27+00:00
Ried,Austrian Bundesliga,1504.677264154027,1507.6820369926377,1495.592047915181,1502.1047688693122,4,1,3,1,2,1,5,5,L,2026-08-30T18:54:30+00:00
Wolfsberger AC,Austrian Bundesliga,1502.104960109402,1511.7303071552785,1489.7431649213029,1500.947232049231,3,2,1,1,1,1,5,3,L,2026-08-16T06:19:27+00:00
Austria Wien,Austrian Bundesliga,1417.9743161534661,1456.9462102407697,1485.6358110666567,1463.0884422690597,4,3,1,0,0,4,0,8,L,2026-09-02T19:02:42+00:00
Rapid Wien,Austrian Bundesliga,1514.97194281776,1527.4775269226104,1483.002833049822,1506.7373742679922,3,2,1,2,0,1,10,5,L,2026-09-03T10:14:28+00:00
Rheindorf Altach,Austrian Bundesliga,1468.875673266099,1487.190589369609,1491.0223819166604,1485.9940529697446,4,3,1,1,0,3,5,6,L,2026-08-23T06:21:03+00:00
FC Copenhagen,Danish Superliga,1638.3881128900355,1508.6223094374184,1588.2493695856065,1562.274650800516,6,1,5,6,0,0,20,2,W,2026-09-04T10:04:23+00:00
Newells Old Boys,Argentina Primera Division,1502.9540433805807,1510.4462496801655,1491.621580686241,1501.3293195212614,3,2,1,1,1,1,5,4,W,2026-08-16T06:19:26+00:00
Hibernian,Scottish Premiership,1463.4137826166384,1468.8837161289846,1505.5059317026623,1483.5362021774872,4,2,2,1,0,3,5,8,L,2026-09-06T16:51:06+00:00
Motherwell,Scottish Premiership,1513.9624831187791,1496.722217193637,1513.0515209895082,1506.2831174034504,2,1,1,1,1,0,2,1,D,2026-08-09T16:19:56+00:00
Atlético Huracán,Argentina Primera Division,1479.8732019979457,1498.7093347629184,1487.2019066356436,1490.9429408990757,2,1,1,0,1,1,0,2,L,2026-08-17T06:28:44+00:00
Independiente Rivadavia,Argentina Primera Division,1492.963875721696,1511.5763502745808,1483.4983627306065,1496.8337440747632,4,1,3,1,1,2,4,5,W,2026-08-31T11:58:57+00:00
VfL Bochum,2. Bundesliga,1481.3549700149883,1486.9484790104918,1500.0,1491.6097365067449,1,1,0,0,0,1,0,1,L,2026-08-08T06:30:53+00:00
Hertha Berlin,2. Bundesliga,1554.6479677783082,1506.9794672640019,1531.2741101808138,1524.5915855002386,3,1,2,3,0,0,8,4,W,2026-09-06T16:51:05+00:00
Estoril,Primeira Liga,1471.4492650413893,1480.0144855289725,1500.0,1487.1521692686251,2,2,0,0,1,1,1,3,L,2026-08-23T06:21:02+00:00
Famalicão,Primeira Liga,1492.265847094827,1498.6337924607183,1495.9523005056603,1496.519631192672,4,1,3,0,3,1,3,4,D,2026-09-05T17:47:24+00:00
Yokohama F Marinos,J-League,1478.6935307892943,1485.085471552506,1500.0,1490.4120888551824,2,2,0,0,1,1,4,5,D,2026-09-02T19:02:42+00:00
Kashima Antlers,J-League,1511.159543321012,1508.3441986420837,1499.4674816826248,1505.0217944944554,3,1,2,2,0,1,8,8,L,2026-09-02T19:02:42+00:00
SonderjyskE,Danish Superliga,1440.8598203250747,1458.6018742275523,1500.0,1473.3869191462836,3,3,0,0,1,2,2,8,L,2026-09-06T16:51:06+00:00
Karlsruher SC,2. Bundesliga,1455.3132221394446,1468.7192554976114,1500.0,1479.8909499627503,3,3,0,1,0,2,6,11,L,2026-08-29T18:58:47+00:00
Arminia Bielefeld,2. Bundesliga,1511.6399344329382,1531.1454627112275,1477.0024913918292,1505.237970494822,4,2,2,2,0,2,8,6,L,2026-08-30T10:49:34+00:00
SV Darmstadt 98,2. Bundesliga,1460.0252441146945,1484.2038770569964,1487.8137938232899,1482.0113598516125,3,2,1,0,1,2,2,6,L,2026-09-05T17:47:24+00:00
Holstein Kiel,2. Bundesliga,1483.3143904675821,1500.3283862856156,1487.9916870416916,1492.491475710412,3,1,2,0,2,1,4,6,D,2026-09-05T17:47:24+00:00
1. FC Heidenheim,2. Bundesliga,1512.825168690485,1508.9776180833396,1500.0,1505.7713259107184,1,1,0,1,0,0,4,3,W,2026-08-08T16:18:22+00:00
VfL Osnabrück,2. Bundesliga,1487.174831309515,1500.0,1491.0223819166604,1494.2286740892816,1,0,1,0,0,1,3,4,L,2026-08-08T16:18:22+00:00
1. FC Magdeburg,2. Bundesliga,1473.0926672763835,1488.1443343574704,1493.0205327359981,1487.8917002743724,3,2,1,1,0,2,4,8,L,2026-09-06T16:51:05+00:00
Eintracht Braunschweig,2. Bundesliga,1510.9690583751665,1481.7774108086944,1525.9009300539221,1504.936076268825,2,1,1,1,0,1,9,6,L,2026-08-29T11:52:36+00:00
Avispa Fukuoka,J-League,1461.950178849204,1473.3651251944427,1500.0,1482.8775804821419,3,3,0,0,1,2,3,5,D,2026-09-05T17:47:24+00:00
Vissel Kobe,J-League,1541.695045807312,1500.0,1529.1865320651184,1518.7627706132903,2,0,2,2,0,0,3,0,W,2026-09-02T19:02:42+00:00
Örgryte IS,Allsvenskan,1477.9314243628203,1484.551997053974,1500.0,1490.069140963269,2,2,0,0,1,1,4,5,D,2026-08-22T16:10:48+00:00
Cerezo Osaka,J-League,1532.1870799852893,1522.5309559897025,1500.0,1514.4841859933802,2,2,0,2,0,0,4,1,W,2026-09-02T19:02:42+00:00
Fagiano Okayama,J-League,1528.255804368787,1516.5140723910804,1503.2649906670706,1512.7151119659543,5,3,2,3,1,1,7,5,W,2026-09-06T16:51:06+00:00
Go Ahead Eagles,Eredivisie,1552.8051572215966,1536.9636100551177,1500.0,1523.7623207497186,3,3,0,3,0,0,11,3,W,2026-08-23T16:11:24+00:00
Willem II,Eredivisie,1431.7356440944336,1478.7638925618278,1473.4510583042756,1469.2810398424951,4,2,2,0,1,3,4,13,L,2026-09-06T09:48:35+00:00
Sochaux,Ligue 2,1478.9705483766236,1479.117566416787,1506.1618174468495,1490.5367467694807,3,1,2,0,2,1,1,4,D,2026-09-05T09:34:31+00:00
Saint Etienne,Ligue 2,1529.8320479760184,1500.0,1520.882433583213,1513.4244215892084,1,0,1,1,0,0,3,0,W,2026-08-09T06:34:57+00:00
Clermont,Ligue 2,1500.840714335368,1497.9630485469158,1502.625451487842,1500.3783214509156,2,1,1,0,2,0,1,1,D,2026-09-05T09:34:32+00:00
Stade de Reims,Ligue 2,1515.7738772299358,1509.0047626078708,1502.0369514530842,1507.0982447534711,3,2,1,1,2,0,5,3,D,2026-09-05T17:47:25+00:00
Vitória SC,Primeira Liga,1481.3549700149883,1486.9484790104918,1500.0,1491.6097365067449,1,1,0,0,0,1,0,1,L,2026-08-09T06:34:57+00:00
Arouca,Primeira Liga,1551.2650769062413,1522.834032844861,1513.0515209895082,1523.0692846078086,3,2,1,3,0,0,7,1,W,2026-08-29T18:58:48+00:00
Nantes,Ligue 2,1468.5954787853177,1486.9484790104918,1491.0683561392307,1485.867965453393,2,1,1,0,0,2,1,3,L,2026-08-15T06:17:54+00:00
Red Star,Ligue 2,1516.1019599310996,1496.5979973985895,1514.67337455318,1507.2458819689946,3,1,2,1,2,0,2,1,D,2026-08-22T06:19:03+00:00
Montpellier,Ligue 2,1497.0900693527367,1497.9630485469158,1500.0,1498.6905312087315,1,1,0,0,1,0,1,1,D,2026-08-09T06:34:57+00:00
Dijon,Ligue 2,1505.5968162867257,1500.0,1503.9177714007078,1502.5185673290266,2,0,2,0,2,0,2,2,D,2026-09-05T09:34:32+00:00
Westerlo,Belgian Pro League,1490.039218942661,1475.9512476752234,1517.0762055846392,1495.5176485241975,3,1,2,1,0,2,7,8,W,2026-09-06T09:48:36+00:00
Union Saint-Gilloise,Belgian Pro League,1580.6914467149543,1500.0,1556.4840127004677,1536.3111510217293,3,0,3,3,0,0,11,3,W,2026-09-05T17:47:24+00:00
USL Dunkerque,Ligue 2,1513.5633327495236,1509.4943329246664,1500.0,1506.1034997372856,2,2,0,1,1,0,5,3,D,2026-09-05T09:34:32+00:00
Grenoble,Ligue 2,1474.008740199504,1472.340271136161,1509.4658470034917,1488.3039330897768,5,3,2,1,1,3,7,8,L,2026-09-05T09:34:32+00:00
NEC Nijmegen,Eredivisie,1482.9696233001655,1469.044895784951,1519.0338405251648,1492.3363304850745,3,2,1,1,0,2,5,6,L,2026-09-05T17:47:24+00:00
SC Telstar,Eredivisie,1482.948600130675,1475.0124991019643,1513.0515209895082,1492.3268700588037,2,1,1,1,0,1,2,5,L,2026-08-30T18:54:30+00:00
IK Start,Eliteserien,1479.0825088793476,1500.9135981919471,1484.4441580235962,1490.5871289957063,3,2,1,1,0,2,4,4,L,2026-09-05T09:34:31+00:00
Metz,Ligue 2,1531.7647256057667,1521.1189718986675,1501.1163360253693,1514.294126522595,4,3,1,2,2,0,7,3,W,2026-09-05T17:47:25+00:00
Guingamp,Ligue 2,1491.4313070271946,1500.0,1494.0019149190362,1496.1440881622375,2,0,2,0,1,1,3,4,D,2026-09-05T17:47:25+00:00
Rodez AF,Ligue 2,1496.2694078880486,1512.1197844125084,1485.2688011091257,1498.3212335496219,2,1,1,1,0,1,4,5,L,2026-09-05T17:47:25+00:00
Stade Lavallois,Ligue 2,1468.3086758682962,1487.3460124447693,1490.470060663038,1485.7389041407334,4,2,2,1,1,2,4,8,L,2026-08-29T11:52:37+00:00
1. FC Nürnberg,2. Bundesliga,1557.4863513356283,1540.5688322205556,1499.6716137143844,1525.8688581010329,4,3,1,3,1,0,12,3,D,2026-09-05T17:47:24+00:00
Dynamo Dresden,2. Bundesliga,1462.0729404346796,1500.0,1473.4510583042756,1482.9328231956058,2,0,2,0,0,2,0,6,L,2026-08-09T16:19:53+00:00
FC Energie Cottbus,2. Bundesliga,1487.9026028395315,1522.6772846988995,1468.8545372887725,1494.556171277789,4,2,2,2,0,2,6,8,L,2026-08-16T16:10:55+00:00
Hannover 96,2. Bundesliga,1487.2598382728854,1500.0,1491.08188679102,1494.2669272227986,3,0,3,1,0,2,3,6,W,2026-08-30T18:54:30+00:00
FC St. Pauli,2. Bundesliga,1475.9826248459328,1483.1878373921531,1500.0,1489.1921811806696,3,3,0,0,2,1,3,4,L,2026-08-30T18:54:30+00:00
Greuther Fürth,2. Bundesliga,1505.5713698729573,1500.0,1503.89995891107,1502.507116442831,2,0,2,0,2,0,2,2,D,2026-08-09T16:19:55+00:00
Charleroi,Belgian Pro League,1540.2269539835427,1499.15353919665,1529.00532859183,1518.1021292925943,4,2,2,3,0,1,9,5,L,2026-09-05T17:47:24+00:00
Leuven,Belgian Pro League,1420.7161102479902,1479.8186705765925,1464.6826065970006,1464.3222496115957,4,1,3,0,0,4,1,12,L,2026-09-07T10:52:58+00:00
SV Zulte-Waregem,Belgian Pro League,1558.597898643108,1525.5197907485967,1515.498738301579,1526.3690543893986,3,2,1,3,0,0,8,1,W,2026-09-06T16:51:06+00:00
Genk,Belgian Pro League,1504.1876333811786,1508.2482888638274,1494.6830545029975,1501.8844350215302,4,1,3,1,2,1,8,8,D,2026-09-06T19:43:59+00:00
Gent,Belgian Pro League,1517.3139777321549,1512.1197844125084,1500.0,1507.7912899794696,1,1,0,1,0,0,2,0,W,2026-08-09T16:19:55+00:00
KV Mechelen,Belgian Pro League,1446.50817305575,1474.6755055515334,1487.8802155874916,1475.9286778750875,2,1,1,0,0,2,0,6,L,2026-09-06T09:48:36+00:00
Tokyo Verdy,J-League,1453.1223202968886,1464.306438193525,1502.8791860142971,1478.9050441335999,4,3,1,0,2,2,2,6,L,2026-09-02T19:02:42+00:00
Kawasaki Frontale,J-League,1502.9099306472633,1500.0,1502.0369514530842,1501.3094687912685,1,0,1,0,1,0,1,1,D,2026-08-09T16:19:56+00:00
V-Varen Nagasaki,J-League,1495.8498284970476,1506.9792109145096,1490.1156690334237,1498.1324228236715,3,2,1,1,1,1,4,4,D,2026-09-02T19:02:42+00:00
Kyoto Purple Sanga,J-League,1489.836270535209,1500.0,1492.8853893746461,1495.426321740844,2,0,2,0,1,1,2,3,D,2026-09-02T19:02:42+00:00
Gil Vicente,Primeira Liga,1494.9884513403522,1495.125708398965,1501.3662075392817,1497.7448031031586,3,2,1,1,1,1,1,1,L,2026-09-07T10:52:58+00:00
Rio Ave FC,Primeira Liga,1512.8156356208624,1500.0,1508.9709449346037,1505.767036029388,2,0,2,1,0,1,2,1,W,2026-08-23T06:21:02+00:00
Halmstads BK,Allsvenskan,1469.3651801414665,1475.6437813878156,1502.9118447112112,1486.2143310636598,4,3,1,1,1,2,2,5,W,2026-08-29T18:58:48+00:00
RB Salzburg,Austrian Bundesliga,1556.440124083098,1516.997166950178,1522.5109199079905,1525.398055837394,3,1,2,2,1,0,9,2,W,2026-09-03T10:14:28+00:00
Moreirense FC,Primeira Liga,1475.380359286709,1497.9630485469158,1484.8032029537806,1488.921161679019,2,1,1,0,1,1,2,6,L,2026-08-17T06:28:44+00:00
Braga,Primeira Liga,1502.9099306472633,1500.0,1502.0369514530842,1501.3094687912685,1,0,1,0,1,0,2,2,D,2026-08-10T07:05:35+00:00
Heerenveen,Eredivisie,1472.699420455104,1478.031114174625,1502.858480143948,1487.7147392047968,5,3,2,1,2,2,7,9,L,2026-09-06T16:51:06+00:00
FC Twente Enschede,Eredivisie,1490.6221647638056,1500.0,1493.435515334664,1495.7799741437125,2,0,2,0,1,1,2,3,D,2026-09-06T16:51:05+00:00
Rangers,Scottish Premiership,1480.7070264318368,1486.4949185022856,1500.0,1491.3181618943265,1,1,0,0,0,1,1,2,L,2026-08-10T07:05:36+00:00
Santa Clara,Primeira Liga,1529.5911252382564,1506.4989927665317,1514.2147949002479,1513.3160063572154,4,2,2,2,2,0,5,3,D,2026-08-29T18:58:48+00:00
Nacional,Primeira Liga,1502.9099306472633,1500.0,1502.0369514530842,1501.3094687912685,1,0,1,0,1,0,2,2,D,2026-08-11T06:43:22+00:00
Djurgardens IF,Allsvenskan,1513.4963619037794,1500.0,1509.4474533326454,1506.0733628567007,2,0,2,1,0,1,2,1,W,2026-09-04T10:04:23+00:00
Belgrano de Cordoba,Argentina Primera Division,1540.478532308314,1510.3208012860714,1518.0141713297485,1518.215339538741,2,1,1,2,0,0,4,0,W,2026-08-16T06:19:26+00:00
Kashiwa Reysol,J-League,1523.4022469434617,1500.0,1516.3815728604231,1510.5310111245578,3,0,3,2,0,1,4,3,L,2026-09-02T19:02:42+00:00
Real Sociedad B,Segunda Division,1500.6479435831516,1486.9484790104918,1513.5050814977144,1500.2915746124183,2,1,1,1,0,1,2,2,W,2026-08-23T06:21:01+00:00
CD Castellón,Segunda Division,1518.6450299850117,1500.0,1513.0515209895082,1508.3902634932551,1,0,1,1,0,0,1,0,W,2026-08-15T06:17:53+00:00
Notts County,League One,1503.134707368929,1497.9630485469158,1504.2312466113347,1501.410618316018,3,1,2,0,3,0,3,3,D,2026-09-02T10:04:01+00:00
Leicester City,League One,1521.3771902588173,1510.8901302750035,1504.0739029061683,1509.6197356164678,3,1,2,1,2,0,3,1,W,2026-09-02T10:04:01+00:00
Barnsley,League One,1461.0412334394,1472.72886340758,1500.0,1482.4685550477302,3,3,0,1,0,2,3,7,L,2026-09-05T17:47:24+00:00
Bromley FC,League One,1489.867140120174,1497.4195585721848,1495.4874395119373,1495.4402130540782,3,1,2,1,1,1,4,8,L,2026-08-29T18:58:48+00:00
Bradford City,League One,1537.8122675280615,1526.468587269643,1500.0,1517.0155203876275,3,3,0,3,0,0,4,0,W,2026-09-05T17:47:25+00:00
Peterborough United,League One,1480.396068624011,1498.3970324493162,1487.8802155874916,1491.178230880805,2,1,1,0,1,1,0,2,D,2026-09-02T10:04:01+00:00
Grimsby Town,League Two,1518.0832442894846,1508.9776180833396,1503.6806529192997,1508.137459930268,4,1,3,1,3,0,7,6,D,2026-09-05T17:47:24+00:00
Exeter City,League Two,1503.3011091934547,1511.288394518758,1491.0223819166604,1501.4854991370546,3,2,1,1,1,1,3,2,D,2026-09-02T10:04:01+00:00
Leyton Orient,League One,1481.3549700149883,1486.9484790104918,1500.0,1491.6097365067449,1,1,0,0,0,1,1,2,L,2026-08-15T16:10:27+00:00
Sheffield Wednesday,League One,1560.6103715887891,1517.5640814775709,1524.8631786345816,1527.2746672149551,3,1,2,3,0,0,11,4,W,2026-09-02T10:04:01+00:00
Oxford United,League One,1497.0900693527367,1497.9630485469158,1500.0,1498.6905312087315,1,1,0,0,1,0,2,2,D,2026-08-15T16:10:27+00:00
Milton Keynes Dons,League One,1481.8209097677518,1497.9630485469158,1489.3115882905104,1491.8194093954883,3,1,2,0,2,1,3,5,L,2026-09-03T10:14:29+00:00
Newport County,League Two,1520.5202699047761,1514.3641889333433,1500.0,1509.2341214571493,1,1,0,1,0,0,3,0,W,2026-08-15T16:10:28+00:00
Rochdale,League Two,1461.578934499497,1487.4694430829913,1485.6358110666567,1482.7105205247738,2,1,1,0,0,2,1,5,L,2026-08-22T16:10:49+00:00
Reading,League One,1524.514814895984,1517.1603704271888,1500.0,1511.0316667031927,3,3,0,2,0,1,11,5,W,2026-09-05T17:47:25+00:00
Luton,League One,1536.3967932315386,1512.426234272569,1513.0515209895082,1516.3785569541922,2,1,1,2,0,0,6,3,W,2026-09-03T10:14:29+00:00
Chesterfield FC,League Two,1486.6144353861453,1486.1250617000608,1504.505043070241,1493.9764959237657,4,2,2,1,1,2,5,6,D,2026-09-05T17:47:25+00:00
Fleetwood Town,League Two,1512.330202972508,1495.5796210912476,1513.0515209895082,1505.5485913376285,3,2,1,1,2,0,2,1,D,2026-09-02T10:04:01+00:00
Urawa Red Diamonds,J-League,1489.2052161273996,1479.117566416787,1513.3260848723926,1495.1423472573297,2,1,1,1,0,1,4,6,W,2026-09-02T19:02:42+00:00
Hiroshima Sanfrecce FC,J-League,1516.247865920588,1500.0,1511.3735061444117,1507.3115396642647,2,0,2,1,0,1,6,4,L,2026-09-06T16:51:06+00:00
York City,League Two,1498.7046958810904,1508.9776180833396,1490.1156690334237,1499.4171131464907,2,1,1,1,0,1,5,5,L,2026-09-02T10:04:01+00:00
Bristol Rovers,League Two,1513.765496645541,1500.0,1509.6358476518785,1506.1944734904932,2,0,2,1,0,1,4,3,W,2026-08-29T18:58:48+00:00
JEF United Chiba,J-League,1469.2781173945552,1478.4946821761887,1500.0,1486.1751528275497,3,3,0,1,0,2,3,6,W,2026-09-06T16:51:06+00:00
FC Machida Zelvia,J-League,1557.2083577300318,1500.0,1540.0458504110222,1525.7437609785143,2,0,2,2,0,0,7,1,W,2026-09-06T16:51:05+00:00
Norwich City,Championship,1522.0635651305283,1503.140059984895,1512.3044356064747,1509.928604308738,6,2,4,3,0,3,11,9,W,2026-09-05T17:47:24+00:00
West Bromwich Albion,Championship,1530.3603968138143,1508.2007567801618,1513.0515209895082,1513.6621785662164,2,1,1,2,0,0,3,1,W,2026-09-05T17:47:24+00:00
Plymouth Argyle,League One,1463.2224607045189,1482.380446664164,1491.8752758289993,1483.4501073170336,3,1,2,0,1,2,2,6,L,2026-09-02T10:04:01+00:00
Stockport County FC,League One,1541.6389670355336,1500.0,1529.1472769248735,1518.7375351659903,3,0,3,2,0,1,7,3,W,2026-09-05T17:47:24+00:00
Nagoya Grampus,J-League,1465.2267189595295,1484.0029019137544,1491.6558013579163,1484.3520235317883,2,1,1,0,0,2,2,5,L,2026-09-06T16:51:05+00:00
Sevilla,La Liga,1486.8120622691092,1490.7684435883766,1500.0,1494.0654280210993,2,2,0,1,0,1,3,4,L,2026-08-30T10:49:34+00:00
Rayo Vallecano,La Liga,1499.0005564774856,1508.2780076175795,1491.0223819166604,1499.5502504148685,3,2,1,1,1,1,5,5,W,2026-09-06T09:48:34+00:00
Kasimpasa SK,Turkish Super Lig,1494.9467765926165,1496.4627436148317,1500.0,1497.7260494666775,2,2,0,0,2,0,3,3,D,2026-09-06T16:51:06+00:00
Trabzonspor,Turkish Super Lig,1514.4167794945536,1518.0261562157289,1492.0655894304584,1506.487550772549,4,2,2,2,1,1,6,5,L,2026-08-31T21:11:09+00:00
Atlas,Liga MX,1516.1828269936877,1511.3279788955815,1500.0,1507.2822721471596,3,3,0,2,1,0,5,3,D,2026-09-06T09:48:36+00:00
Alavés,La Liga,1571.0450370419292,1548.7158119875967,1501.0157139417536,1531.9702666688681,5,4,1,4,1,0,15,5,W,2026-09-06T19:43:59+00:00
Getafe,La Liga,1478.4808640380002,1507.556908538523,1477.3796962880772,1490.3163888171002,4,2,2,1,1,2,2,5,D,2026-09-07T19:29:04+00:00
Excelsior,Eredivisie,1509.967434500417,1486.9484790104918,1520.0287251398001,1504.4853455251878,2,1,1,1,0,1,4,2,W,2026-09-06T09:48:35+00:00
PSV Eindhoven,Eredivisie,1518.6450299850117,1500.0,1513.0515209895082,1508.3902634932551,1,0,1,1,0,0,2,1,W,2026-08-16T06:19:27+00:00
Club Brugge,Belgian Pro League,1528.8304706048677,1500.0,1520.1813294234075,1512.9737117721904,1,0,1,1,0,0,3,0,W,2026-08-16T06:19:27+00:00
Fortuna Sittard,Eredivisie,1517.3139777321549,1512.1197844125084,1500.0,1507.7912899794696,1,1,0,1,0,0,3,1,W,2026-08-16T06:19:27+00:00
SC Cambuur,Eredivisie,1482.6860222678451,1500.0,1487.8802155874916,1492.2087100205304,1,0,1,0,0,1,1,3,L,2026-08-16T06:19:27+00:00
Alverca,Primeira Liga,1495.531244803404,1496.871871362383,1500.0,1497.9890601615318,2,2,0,0,2,0,3,3,D,2026-08-29T18:58:48+00:00
CF Estrela,Primeira Liga,1499.4080831155602,1497.548706727808,1502.0369514530842,1499.7336374020022,2,1,1,0,2,0,4,4,D,2026-09-05T17:47:24+00:00
Académico de Viseu,Primeira Liga,1501.0404170980853,1486.876382284285,1513.8519096843747,1500.4681876941384,2,1,1,1,0,1,1,1,W,2026-09-07T10:52:58+00:00
Oviedo,Segunda Division,1476.0080604806337,1483.2056423364438,1500.0,1489.2036272162852,3,3,0,0,2,1,0,1,D,2026-09-06T16:51:05+00:00
Granada CF,Segunda Division,1482.7389514335175,1500.0,1487.9172660034621,1492.2325281450828,2,0,2,0,1,1,0,3,L,2026-09-06T16:51:06+00:00
Torku Konyaspor,Turkish Super Lig,1468.4370014427557,1486.9484790104918,1490.9574219994372,1485.79665064924,2,1,1,0,0,2,0,2,L,2026-09-05T17:47:24+00:00
Çaykur Rizespor,Turkish Super Lig,1512.0129220064973,1481.6750916989495,1526.7339537055987,1505.4058149029238,3,1,2,2,0,1,3,3,W,2026-08-30T10:49:34+00:00
Watford,Championship,1483.963043161212,1506.5951889381504,1482.178941274698,1492.7833694225453,6,2,4,1,3,2,5,7,L,2026-09-05T17:47:24+00:00
Southampton,Championship,1546.2281477103847,1540.1822204439654,1492.1774829533038,1520.802666469673,5,3,2,3,1,1,13,6,D,2026-09-02T10:04:01+00:00
FC Midtjylland,Danish Superliga,1522.8769659259715,1496.3158355071769,1519.698040641003,1510.2946346666872,5,2,3,1,4,0,8,6,D,2026-09-07T19:29:04+00:00
SK Beveren,Belgian Pro League,1522.3329348693906,1532.1752270738307,1483.457827334743,1510.049820691226,4,3,1,3,0,1,7,4,W,2026-09-07T10:52:58+00:00
Anderlecht,Belgian Pro League,1484.8994184364112,1498.4072109888275,1491.0223819166604,1493.204738296385,2,1,1,0,1,1,0,1,D,2026-09-06T19:43:59+00:00
Chapecoense,Brazil Serie A,1509.24781764264,1506.473472349848,1500.0,1504.1615179391881,2,2,0,1,1,0,4,3,W,2026-08-24T06:32:27+00:00
Espanyol,La Liga,1537.9270595653204,1526.5489416957244,1500.0,1517.0671768043942,2,2,0,2,0,0,6,0,W,2026-08-17T06:28:41+00:00
Levante,La Liga,1515.5780949016685,1531.2584140931754,1479.646252337992,1507.0101427057507,7,2,5,2,3,2,10,10,D,2026-09-06T19:43:59+00:00
Real Racing Club de Santander,La Liga,1481.5141079442803,1505.8550177926654,1481.204857768331,1491.681348574926,5,3,2,1,2,2,9,10,L,2026-09-06T09:48:34+00:00
Villarreal,La Liga,1498.4116216461919,1500.0,1498.8881351523341,1499.2852297407865,5,0,5,0,4,1,8,9,L,2026-08-29T11:52:37+00:00
Basaksehir,Turkish Super Lig,1473.2196237563169,1499.2798928451507,1481.9738437842711,1487.9488306903427,4,2,2,1,0,3,6,7,L,2026-09-05T09:34:32+00:00
Kocaelispor,Turkish Super Lig,1540.2387497488546,1540.2869092367066,1487.8802155874916,1518.1074373869847,5,4,1,4,0,1,5,2,W,2026-09-06T19:43:59+00:00
Hammarby IF,Allsvenskan,1534.6465689202669,1500.0,1524.2525982441869,1515.5909560141201,1,0,1,1,0,0,4,0,W,2026-08-17T06:28:44+00:00
SD Eibar,Segunda Division,1527.5179581871037,1506.3671710746198,1512.8953996563528,1512.3830811841967,4,3,1,3,0,1,6,3,W,2026-09-06T16:51:06+00:00
Tenerife,Segunda Division,1517.3102120256167,1494.4975950820958,1517.619553335836,1507.7895954115274,3,2,1,2,0,1,4,2,L,2026-08-29T11:52:37+00:00
Burnley,Championship,1467.0418689540084,1493.1208892422094,1483.8084190255968,1485.1688410293036,5,4,1,0,4,1,7,10,D,2026-09-03T10:14:29+00:00
West Ham United,Championship,1527.3844308032708,1512.8867135060302,1506.2823880562592,1512.322993861472,4,1,3,1,3,0,9,7,W,2026-09-02T10:04:01+00:00
Lommel SK,Belgian Pro League,1481.9809558719576,1487.3866691103703,1500.0,1491.8914301423808,1,1,0,0,0,1,0,1,L,2026-08-17T06:28:44+00:00
Ajax,Eredivisie,1533.3377186463708,1498.348902154424,1524.9875008980357,1515.0019733908669,2,1,1,1,1,0,6,2,W,2026-08-30T18:54:30+00:00
Deportivo La Coruña,La Liga,1517.4289478692313,1510.0770826543996,1502.1231808540624,1507.8430265411541,3,2,1,1,2,0,5,3,W,2026-08-31T11:58:57+00:00
Elche CF,La Liga,1470.154010579316,1486.8258326561722,1492.2819747493488,1486.5693047606921,3,1,2,0,1,2,5,7,L,2026-09-08T10:12:05+00:00
Samsunspor,Turkish Super Lig,1485.6333150232351,1497.9630485469158,1491.980271969349,1493.5349917604556,5,1,4,1,1,3,5,6,L,2026-09-06T19:43:59+00:00
Goztepe,Turkish Super Lig,1502.9099306472633,1500.0,1502.0369514530842,1501.3094687912685,1,0,1,0,1,0,3,3,D,2026-08-18T06:21:31+00:00
Amed SK,Turkish Super Lig,1516.990832832926,1524.335550955969,1487.5580320270792,1507.6458747748168,4,2,2,2,1,1,7,5,D,2026-09-06T16:51:06+00:00
Erzurum BB,Turkish Super Lig,1492.3976986674566,1509.0425780005628,1485.6358110666567,1496.5789644003555,2,1,1,1,0,1,1,3,W,2026-09-05T17:47:24+00:00
Real Betis,La Liga,1468.17029141452,1508.9776180833396,1468.7415859068246,1485.676631136534,3,1,2,1,0,2,5,10,L,2026-08-29T18:58:48+00:00
Real Sociedad,La Liga,1502.8328912264224,1497.7864745980073,1504.1965492604882,1501.2748010518899,3,1,2,1,1,1,3,3,W,2026-09-08T10:12:05+00:00
Marseille,Ligue 1,1543.1622453781113,1530.213571764678,1500.0,1519.42301042015,2,2,0,2,0,0,8,0,W,2026-08-22T06:19:03+00:00
Strasbourg,Ligue 1,1508.8563453488562,1511.290237398923,1494.9092043452763,1503.9853554069855,4,1,3,2,0,2,8,11,W,2026-09-06T16:51:05+00:00
Standard Liege,Belgian Pro League,1517.3139777321549,1512.1197844125084,1500.0,1507.7912899794696,1,1,0,1,0,0,2,0,W,2026-08-22T06:19:03+00:00
RAAL La Louvière,Belgian Pro League,1482.6860222678451,1500.0,1487.8802155874916,1492.2087100205304,1,0,1,0,0,1,0,2,L,2026-08-22T06:19:03+00:00
FC Juárez,Liga MX,1457.1426123427623,1469.9998286399336,1500.0,1480.714175554243,2,2,0,0,0,2,1,4,L,2026-09-05T09:34:31+00:00
León,Liga MX,1516.5096423069847,1511.5567496148892,1500.0,1507.429339038143,1,1,0,1,0,0,2,0,W,2026-08-22T06:19:03+00:00
Boulogne,Ligue 2,1494.9961806981491,1496.4973264887044,1500.0,1497.7482813141671,2,2,0,0,2,0,2,2,D,2026-09-05T09:34:32+00:00
Vicenza,Serie B,1491.2655175444952,1508.9776180833396,1484.908244197807,1496.069482895023,3,1,2,1,1,1,5,7,D,2026-09-06T16:51:05+00:00
US Catanzaro 1929,Serie B,1487.174831309515,1500.0,1491.0223819166604,1494.2286740892816,1,0,1,0,0,1,2,3,L,2026-08-22T06:19:03+00:00
Everton,Premier League,1515.7564701551803,1509.5156132408633,1501.5139158677628,1507.090411569831,3,2,1,1,2,0,5,3,D,2026-09-06T16:51:04+00:00
Crystal Palace,Premier League,1501.2837196932423,1500.0,1500.8986037852696,1500.577673861959,2,0,2,1,0,1,3,4,W,2026-09-05T17:47:25+00:00
Birmingham City,Championship,1514.0279886275168,1496.8079475102725,1513.0116445289893,1506.3125948823824,3,2,1,1,2,0,5,4,D,2026-09-02T10:04:01+00:00
Bristol City,Championship,1502.9099306472633,1500.0,1502.0369514530842,1501.3094687912685,1,0,1,0,1,0,2,2,D,2026-08-22T16:10:48+00:00
Millwall,Championship,1437.4697388903326,1472.6399005468,1483.588916676433,1471.8613825006496,4,3,1,1,0,3,4,11,L,2026-09-03T10:14:29+00:00
Queens Park Rangers,Championship,1490.9069281651339,1493.6348497155939,1500.0,1495.9081176743102,3,3,0,1,1,1,2,2,L,2026-09-05T17:47:24+00:00
Bolton Wanderers,Championship,1502.9099306472633,1500.0,1502.0369514530842,1501.3094687912685,1,0,1,0,1,0,0,0,D,2026-08-22T16:10:48+00:00
Stoke City,Championship,1506.441904260002,1528.2804701024,1476.2288628796016,1502.8988569170008,4,2,2,2,0,2,7,6,W,2026-09-05T17:47:24+00:00
Blackburn Rovers,Championship,1499.6831572316987,1508.9776180833396,1490.8005919788495,1499.8574207542645,3,1,2,1,1,1,3,3,L,2026-09-05T17:47:24+00:00
Middlesbrough,Championship,1510.7280989199953,1500.0,1507.5096692439965,1504.8276445139977,4,0,4,1,2,1,4,4,W,2026-09-05T17:47:24+00:00
Derby County,Championship,1497.0900693527367,1497.9630485469158,1500.0,1498.6905312087315,1,1,0,0,1,0,2,2,D,2026-08-22T16:10:48+00:00
Cardiff City,Championship,1473.1558537762648,1500.0,1481.2090976433853,1487.9201341993194,3,0,3,0,1,2,3,6,L,2026-09-05T17:47:24+00:00
Shrewsbury Town,League Two,1487.9462979340717,1491.5624085538502,1500.0,1494.5758340703323,2,2,0,1,0,1,2,3,W,2026-08-29T18:58:48+00:00
Barnet,League Two,1528.3999132715471,1500.0,1519.8799392900828,1512.779960972196,3,0,3,1,2,0,7,5,D,2026-09-05T17:47:25+00:00
Preston North End,Championship,1478.7183541995155,1493.2309525308906,1491.8718954087703,1490.423259389782,3,2,1,1,0,2,3,5,W,2026-09-05T17:47:24+00:00
Wolverhampton Wanderers,Championship,1506.7611997568654,1500.0,1504.7328398298057,1503.0425398905893,2,0,2,1,0,1,5,5,L,2026-09-02T10:04:01+00:00
Gillingham,League Two,1503.686344896879,1500.0,1502.5804414278152,1501.6588552035955,1,0,1,0,1,0,0,0,D,2026-08-22T16:10:48+00:00
Wrexham AFC,Championship,1535.0588199712672,1483.8303566993532,1540.710817280534,1515.7764689870705,5,3,2,2,2,1,9,4,W,2026-09-03T10:14:29+00:00
Salford City,League Two,1480.3635361898084,1495.436437222552,1490.8180381103139,1491.1635912854138,3,2,1,1,0,2,1,2,W,2026-09-05T17:47:25+00:00
Swindon Town,League Two,1524.7345216242593,1532.3960770333654,1484.9180881036164,1511.130534730917,4,3,1,3,0,1,8,6,W,2026-09-02T10:04:01+00:00
Cheltenham Town,League Two,1499.0096342088002,1508.2843620294998,1491.0223819166604,1499.5543353939602,3,2,1,1,1,1,6,6,D,2026-09-05T17:47:24+00:00
Crawley Town,League Two,1477.8624961185599,1481.3865342647819,1503.1172130182101,1490.0381232533518,3,1,2,1,0,2,4,6,L,2026-09-05T17:47:25+00:00
Wycombe Wanderers,League One,1479.1756232156058,1485.4229362509238,1500.0,1490.6290304470226,2,2,0,0,1,1,2,3,L,2026-09-02T10:04:01+00:00
Accrington Stanley,League Two,1492.2961382200026,1507.3326599165753,1487.2746368374262,1496.5332621990012,4,3,1,1,2,1,7,8,W,2026-09-05T17:47:25+00:00
Cambridge United,League One,1503.686344896879,1500.0,1502.5804414278152,1501.6588552035955,1,0,1,0,1,0,1,1,D,2026-08-22T16:10:49+00:00
Toulouse,Ligue 1,1460.9048987940578,1469.8680230518378,1502.7654061040027,1482.407204457326,3,2,1,0,1,2,2,5,L,2026-09-04T10:04:23+00:00
Lyon,Ligue 1,1525.1707904797656,1500.0,1517.619553335836,1511.3268557158945,1,0,1,1,0,0,2,0,W,2026-08-23T06:20:53+00:00
RC Lens,Ligue 1,1504.3913593348861,1514.3641889333433,1488.709762601077,1501.9761117006988,2,1,1,1,0,1,6,4,L,2026-08-29T18:58:48+00:00
Auxerre,Ligue 1,1479.4797300952239,1500.0,1485.6358110666567,1490.7658785428507,1,0,1,0,0,1,2,5,L,2026-08-23T06:20:54+00:00
Brentford,Premier League,1522.542107218047,1514.3641889333433,1501.4152861192895,1510.1439482481212,2,1,1,1,1,0,4,1,D,2026-08-30T18:54:30+00:00
Tottenham Hotspur,Premier League,1479.4797300952239,1500.0,1485.6358110666567,1490.7658785428507,1,0,1,0,0,1,0,3,L,2026-08-23T06:20:54+00:00
Kalamata FC,Greek Super League,1481.3549700149883,1486.9484790104918,1500.0,1491.6097365067449,1,1,0,0,0,1,2,3,L,2026-08-23T06:20:58+00:00
Aris Thessaloniki,Greek Super League,1518.6450299850117,1500.0,1513.0515209895082,1508.3902634932551,1,0,1,1,0,0,3,2,W,2026-08-23T06:20:58+00:00
Südtirol,Serie B,1524.4142316652692,1517.0899621656886,1500.0,1510.9864042493712,2,2,0,2,0,0,2,0,W,2026-08-23T06:21:02+00:00
Virtus Entella,Serie B,1456.3145311464164,1486.5101339681798,1482.9100378343114,1480.3415390158873,4,2,2,0,1,3,3,6,D,2026-09-06T16:51:05+00:00
FC Zwolle,Eredivisie,1504.372839634934,1480.9661594748352,1522.0948282696183,1501.9677778357204,4,1,3,1,2,1,7,7,D,2026-09-05T09:34:32+00:00
Hartberg,Austrian Bundesliga,1548.1487296129296,1508.307910995889,1525.396199733162,1521.6669283258184,3,1,2,3,0,0,7,4,W,2026-08-30T18:54:30+00:00
Albacete,Segunda Division,1480.7070264318368,1486.4949185022856,1500.0,1491.3181618943265,1,1,0,0,0,1,1,2,L,2026-08-23T06:21:01+00:00
Dundee United,Scottish Premiership,1472.1189915067562,1480.4832940547294,1500.0,1487.4535461780404,2,2,0,0,1,1,1,3,D,2026-09-05T17:47:24+00:00
Dundee FC,Scottish Premiership,1521.2202103311904,1497.2345938959973,1517.619553335836,1509.5490946490356,2,1,1,1,1,0,3,1,D,2026-09-03T10:14:29+00:00
Santos Laguna,Liga MX,1482.7680834659652,1496.486082047,1491.4515763791755,1492.2456375596846,2,1,1,0,1,1,2,3,D,2026-08-30T10:49:34+00:00
Troyes,Ligue 1,1461.2003891956592,1472.8402724369616,1500.0,1482.5401751380466,2,2,0,0,1,1,2,6,L,2026-09-06T16:51:05+00:00
Paris FC,Ligue 1,1523.2008015217548,1514.2036096121442,1502.0369514530842,1510.4403606847898,2,1,1,1,1,0,3,0,W,2026-08-30T18:54:30+00:00
Royal Antwerp,Belgian Pro League,1497.0458806069078,1497.9321164248354,1500.0,1498.6706462731086,1,1,0,0,1,0,4,4,D,2026-08-23T06:21:02+00:00
CD Eldense,Segunda Division,1483.0258864452019,1496.3690239783773,1491.7490965332643,1492.3616489003407,3,2,1,0,2,1,2,3,D,2026-09-06T09:48:35+00:00
Cádiz CF,Segunda Division,1499.2905940637756,1497.4664643915587,1502.0369514530842,1499.6807673286992,2,1,1,0,2,0,3,3,D,2026-08-31T11:58:57+00:00
Leganés,Segunda Division,1531.9146804934817,1508.2509034667357,1514.0893728787014,1514.3616062220667,3,1,2,2,1,0,2,0,D,2026-09-05T09:34:32+00:00
Avellino,Serie B,1504.4295818221312,1503.100707275492,1500.0,1501.9933118199592,2,2,0,1,0,1,4,2,W,2026-08-30T10:49:35+00:00
Arezzo,Serie B,1499.3520564168484,1486.4949185022856,1513.0515209895082,1499.7084253875817,2,1,1,1,0,1,4,4,L,2026-08-31T11:58:57+00:00
Empoli,Serie B,1494.6460784582368,1508.9776180833396,1487.2746368374262,1497.5907353062066,2,1,1,1,0,1,2,3,L,2026-08-31T11:58:57+00:00
Cremonese,Serie B,1487.174831309515,1500.0,1491.0223819166604,1494.2286740892816,1,0,1,0,0,1,0,1,L,2026-08-23T06:21:03+00:00
ADO Den Haag,Eredivisie,1485.1219023437238,1500.0,1489.5853316406067,1493.3048560546756,1,0,1,0,0,1,1,3,L,2026-08-23T16:11:24+00:00
Newcastle United,Premier League,1491.6638998369413,1494.164729885859,1500.0,1496.2487549266234,3,3,0,0,3,0,6,6,D,2026-09-05T17:47:24+00:00
Liverpool,Premier League,1505.5713698729573,1500.0,1503.89995891107,1502.507116442831,2,0,2,0,2,0,4,4,D,2026-08-24T06:32:28+00:00
Torino,Serie A,1481.3549700149883,1486.9484790104918,1500.0,1491.6097365067449,1,1,0,0,0,1,1,2,L,2026-08-24T06:32:25+00:00
AC Milan,Serie A,1520.7493656251133,1500.0,1514.5245559375794,1509.337214531301,2,0,2,1,1,0,3,2,D,2026-09-07T10:52:56+00:00
Le Havre,Ligue 1,1448.2509754387754,1463.7756828071429,1500.0,1476.7129389474492,3,3,0,0,0,3,0,3,L,2026-08-24T06:32:25+00:00
AS Monaco,Ligue 1,1551.7490245612246,1500.0,1536.2243171928571,1523.2870610525508,3,0,3,3,0,0,3,0,W,2026-08-24T06:32:25+00:00
Atlético Madrid,La Liga,1498.6969650182468,1496.420395775238,1502.6674797375347,1499.4136342582112,4,2,2,1,2,1,7,8,L,2026-09-05T17:47:24+00:00
Eyüpspor,Turkish Super Lig,1495.7766023944525,1497.0436216761168,1500.0,1498.0994710775037,2,2,0,1,0,1,2,2,W,2026-08-30T18:54:30+00:00
Gazişehir Gaziantep,Turkish Super Lig,1499.0986975334538,1486.3175672839095,1513.0515209895082,1499.594413890054,2,1,1,1,0,1,2,2,L,2026-08-30T10:49:34+00:00
Alanyaspor,Turkish Super Lig,1498.4035363110208,1508.9776180833396,1489.904857334375,1499.2815913399595,2,1,1,1,0,1,2,2,L,2026-08-30T18:54:30+00:00
Besiktas JK,Turkish Super Lig,1506.2686684945943,1500.0,1504.3880679462159,1502.8209008225674,2,0,2,1,0,1,2,2,W,2026-09-06T09:48:36+00:00
Real Valladolid CF,Segunda Division,1501.1309758270622,1508.1251864313358,1492.6664966476076,1500.508939122178,3,1,2,1,1,1,2,2,W,2026-09-06T09:48:36+00:00
Venezia,Serie A,1474.8292095202344,1482.380446664164,1500.0,1488.6731442841055,1,1,0,0,0,1,0,2,L,2026-08-24T06:32:28+00:00
Lecce,Serie A,1498.3986710903996,1500.0,1498.8790697632796,1499.2794019906798,3,0,3,1,0,2,2,2,L,2026-09-07T19:29:04+00:00
Sporting Gijón,Segunda Division,1505.6370738942087,1490.3154422168122,1513.6305095091338,1502.536683252394,3,2,1,2,0,1,2,2,L,2026-09-05T17:47:25+00:00
Burgos CF,Segunda Division,1489.7154652844956,1500.0,1492.8008256991468,1495.371959378023,2,0,2,0,1,1,0,1,D,2026-09-06T16:51:05+00:00
Almería,Segunda Division,1488.388422012529,1500.0,1491.8718954087703,1494.774789905638,1,0,1,0,0,1,0,1,L,2026-08-24T06:32:28+00:00
Fulham,Premier League,1462.7572725895911,1473.9300908127138,1500.0,1483.2407726653162,2,2,0,0,0,2,4,6,L,2026-09-05T17:47:25+00:00
Chelsea,Premier League,1526.4392941651438,1515.9139241046562,1502.5935818109442,1511.8976823743146,4,2,2,3,0,1,12,10,L,2026-09-06T17:51:00+00:00
AS Roma,Serie A,1523.6316752360817,1516.542172665257,1500.0,1510.6342538562367,1,1,0,1,0,0,4,0,W,2026-08-25T06:23:56+00:00
Fiorentina,Serie A,1476.3683247639183,1500.0,1483.457827334743,1489.3657461437633,1,0,1,0,0,1,0,4,L,2026-08-25T06:23:56+00:00
Bologna,Serie A,1481.3549700149883,1486.9484790104918,1500.0,1491.6097365067449,1,1,0,0,0,1,0,1,L,2026-08-25T06:23:56+00:00
Lazio,Serie A,1548.7816934643226,1508.3441986420837,1525.802986782942,1521.9517620589452,3,1,2,3,0,0,4,1,W,2026-09-08T10:12:05+00:00
CA Osasuna,La Liga,1489.3414716184486,1505.1375140786627,1487.4015160542515,1495.2036622283017,5,2,3,2,1,2,7,11,L,2026-09-06T19:43:59+00:00
Annecy FC,Ligue 2,1520.7987103260332,1500.0,1514.5590972282232,1509.359419646715,3,0,3,2,0,1,5,5,W,2026-09-05T09:34:32+00:00
Málaga,La Liga,1492.5717511601968,1494.800225812138,1500.0,1496.6572880220886,3,3,0,0,3,0,1,1,D,2026-09-06T19:43:59+00:00
Celta Fortuna,Segunda Division,1541.639687305012,1512.1197844125084,1517.0279967010001,1518.7378592872553,2,1,1,2,0,0,6,2,W,2026-09-06T09:48:35+00:00
Andorra CF,Segunda Division,1452.656613571147,1487.1046003436472,1479.7550291561558,1478.6954761070162,3,1,2,0,0,3,2,6,L,2026-09-06T09:48:36+00:00
Celta Vigo,La Liga,1487.1376091582833,1486.838288874993,1504.1580375358055,1494.2119241212276,3,1,2,0,2,1,2,3,D,2026-09-07T19:29:04+00:00
Shimizu S Pulse,J-League,1480.1223451070555,1486.085641574939,1500.0,1491.055055298175,2,2,0,0,1,1,1,2,D,2026-09-02T19:02:42+00:00
1. FC Köln,Bundesliga,1512.825168690485,1508.9776180833396,1500.0,1505.7713259107184,1,1,0,1,0,0,3,2,W,2026-08-29T18:58:44+00:00
TSG Hoffenheim,Bundesliga,1468.9914161289553,1487.2716093736083,1491.0223819166604,1486.0461372580298,2,1,1,0,0,2,4,6,L,2026-09-05T17:47:24+00:00
VfL Wolfsburg,2. Bundesliga,1557.5119465510404,1500.0,1540.2583625857283,1525.880375947968,2,0,2,2,0,0,10,4,W,2026-08-29T18:58:47+00:00
Oldham Athletic,League Two,1505.050100836926,1515.0819118963836,1488.4531586894643,1502.2725453766166,3,1,2,1,1,1,4,3,L,2026-09-05T17:47:25+00:00
Bournemouth,Premier League,1500.6019933361547,1498.4860841322372,1501.935311203071,1500.2708970012695,2,1,1,0,2,0,3,3,D,2026-09-05T17:47:24+00:00
Monza,Serie A,1485.0413149118674,1486.9484790104918,1502.5804414278152,1493.2685917103404,2,1,1,0,1,1,3,4,D,2026-09-06T16:51:06+00:00
Udinese,Serie A,1500.428650280106,1487.248534206566,1513.0515209895082,1500.1928926260475,2,1,1,1,0,1,4,4,L,2026-09-08T10:12:05+00:00
Stevenage,League One,1533.455126581787,1497.9630485469158,1525.4555400603351,1515.0548069618042,3,1,2,1,2,0,7,3,W,2026-09-05T17:47:24+00:00
Doncaster Rovers,League One,1496.865292631071,1495.7687533886653,1502.0369514530842,1498.589381683982,3,2,1,0,3,0,4,4,D,2026-09-02T10:04:01+00:00
KV Kortrijk,Belgian Pro League,1454.441805708887,1468.1092639962208,1500.0,1479.498812568999,2,2,0,0,0,2,1,5,L,2026-09-06T16:51:06+00:00
Charlton Athletic,Championship,1485.0093668976056,1508.1281045912297,1481.378452237094,1493.2542151039224,2,1,1,1,0,1,1,4,L,2026-09-05T17:47:24+00:00
CS Maritimo,Primeira Liga,1489.089663144798,1500.0,1492.3627642013585,1495.090348415159,1,0,1,0,0,1,1,2,L,2026-08-29T18:58:48+00:00
Rotherham United,League Two,1515.2145160437763,1509.0000384274733,1501.65012280317,1506.8465322196992,2,1,1,1,1,0,4,3,D,2026-09-02T10:04:01+00:00
Cesena FC,Serie B,1514.8643042065637,1497.9756193755816,1512.429393569013,1506.6889368929537,2,1,1,1,1,0,3,2,D,2026-09-06T16:51:06+00:00
Brest,Ligue 1,1496.0494198514248,1497.2345938959973,1500.0,1498.2222389331412,1,1,0,0,1,0,2,2,D,2026-08-30T10:49:35+00:00
SC Freiburg,Bundesliga,1555.1746040079502,1526.5489416957244,1512.073281109841,1524.8285718035777,3,2,1,3,0,0,9,2,W,2026-09-05T17:47:24+00:00
Werder Bremen,Bundesliga,1481.997039392669,1513.9468692705925,1473.4510583042756,1491.898667726701,3,1,2,1,0,2,5,9,W,2026-09-05T17:47:23+00:00
Leeds United,Premier League,1499.9915357636326,1498.5847138807105,1501.4093611538324,1499.9961910936347,2,1,1,0,2,0,2,2,D,2026-09-05T17:47:25+00:00
Brighton and Hove Albion,Premier League,1475.2524496307303,1498.5906388461676,1484.0860758953438,1488.8636023338286,3,1,2,0,1,2,7,9,D,2026-09-05T17:47:25+00:00
Nice,Ligue 1,1479.7091291255085,1500.0,1485.7963903878558,1490.8691081064787,1,0,1,0,0,1,0,3,L,2026-08-30T18:54:30+00:00
1. FC Kaiserslautern,2. Bundesliga,1535.8548712478387,1512.1862061767101,1512.912203696777,1516.1346920615274,2,1,1,2,0,0,5,1,W,2026-09-05T17:47:24+00:00
Wimbledon,League One,1473.08187444846,1508.9776180833396,1472.1796940305826,1487.886843501807,3,1,2,1,0,2,3,8,L,2026-09-03T10:14:29+00:00
Wigan Athletic,League One,1471.1339817394683,1488.7714053009672,1491.0223819166604,1487.0102917827605,3,2,1,1,0,2,3,6,L,2026-09-05T17:47:24+00:00
FC Vaduz,Swiss Super League,1520.5909946171357,1524.783371134385,1489.63032509761,1509.2659475777111,3,2,1,2,0,1,9,5,W,2026-09-06T09:48:35+00:00
Augsburg,Bundesliga,1549.161542857939,1514.3641889333433,1520.048891067214,1522.1226942860726,2,1,1,2,0,0,7,1,W,2026-09-06T17:51:00+00:00
FC Schalke 04,Bundesliga,1479.4797300952239,1500.0,1485.6358110666567,1490.7658785428507,1,0,1,0,0,1,0,3,L,2026-08-31T11:58:53+00:00
Mantova,Serie B,1521.071062552846,1512.7253631625738,1502.0243806244184,1509.4819781487806,2,1,1,1,1,0,4,2,D,2026-09-06T16:51:06+00:00
Palermo,Serie B,1519.2929735681632,1500.0,1513.5050814977144,1508.6818381056735,1,0,1,1,0,0,3,2,W,2026-08-31T11:58:57+00:00
Genoa,Serie A,1488.0797162255947,1500.0,1491.6558013579163,1494.6358723015176,1,0,1,0,0,1,0,1,L,2026-08-31T11:58:57+00:00
Valencia,La Liga,1482.694236989309,1500.0,1487.8859658925162,1492.212406645189,1,0,1,0,0,1,1,3,L,2026-08-31T11:58:57+00:00
Remo,Brazil Serie A,1479.8888778375172,1485.922214486262,1500.0,1490.9499950268828,1,1,0,0,0,1,2,3,L,2026-09-01T10:39:11+00:00
Lincoln City,Championship,1497.6412887920342,1498.348902154424,1500.0,1498.9385799564154,1,1,0,0,1,0,0,0,D,2026-09-02T10:04:01+00:00
Port Vale,League Two,1453.7714604710113,1500.0,1467.6400223297078,1479.197157211955,3,0,3,0,0,3,2,7,L,2026-09-05T17:47:25+00:00
Tranmere Rovers,League Two,1516.766651411861,1511.7366559883028,1500.0,1507.5449931353376,2,2,0,1,1,0,4,2,W,2026-09-05T17:47:25+00:00
Swansea City,Championship,1518.254715309711,1512.7783007167977,1500.0,1508.21462188937,1,1,0,1,0,0,2,0,W,2026-09-02T10:04:01+00:00
FC Tokyo,J-League,1502.1443527657937,1500.0,1501.5010469360554,1500.9649587446072,1,0,1,0,1,0,1,1,D,2026-09-02T19:02:42+00:00
Mito HollyHock,J-League,1519.7732975007714,1513.5840393068834,1500.2572689436565,1508.897983875347,2,1,1,1,1,0,5,3,D,2026-09-05T17:47:24+00:00
Gamba Osaka,J-League,1481.7319484535064,1500.0,1487.2123639174545,1491.7793768040779,2,0,2,0,1,1,2,4,L,2026-09-06T16:51:06+00:00
Burton Albion,League One,1539.743294242025,1527.8203059694174,1500.0,1517.8844824089113,2,2,0,2,0,0,8,2,W,2026-09-03T10:14:29+00:00
Sint Truiden,Belgian Pro League,1472.1871212002388,1480.5309848401673,1500.0,1487.4842045401076,1,1,0,0,0,1,0,3,L,2026-09-03T10:14:28+00:00
Mansfield Town,League One,1452.1920805717116,1500.0,1466.5344564001982,1478.4864362572705,3,0,3,0,0,3,0,7,L,2026-09-05T17:47:25+00:00
Blackpool,League One,1470.3884177417583,1500.0,1479.2718924192307,1486.6747879837912,2,0,2,0,0,2,2,5,L,2026-09-05T17:47:25+00:00
St Johnstone,Scottish Premiership,1515.3779369986496,1507.999149795052,1502.7654061040027,1506.9200716493924,2,1,1,1,1,0,3,2,W,2026-09-06T16:51:06+00:00
Lille,Ligue 1,1517.8748908747518,1500.0,1512.5124236123263,1508.0437008936383,1,0,1,1,0,0,1,0,W,2026-09-04T10:04:23+00:00
Pau FC,Ligue 2,1496.0574073636585,1497.240185154561,1500.0,1498.2258333136463,1,1,0,0,1,0,1,1,D,2026-09-05T09:34:31+00:00
Sparta Rotterdam,Eredivisie,1494.3220682181152,1496.0254477526807,1500.0,1497.444930698152,2,2,0,0,2,0,4,4,D,2026-09-05T09:34:32+00:00
Galatasaray,Turkish Super Lig,1518.3427022390824,1500.0,1512.8398915673577,1508.254216007587,1,0,1,1,0,0,3,2,W,2026-09-05T09:34:32+00:00
Las Palmas,Segunda Division,1498.4136993561203,1498.8895895492842,1500.0,1499.2861647102543,1,1,0,0,1,0,0,0,D,2026-09-05T09:34:32+00:00
RB Leipzig,Bundesliga,1480.0759010420106,1500.0,1486.0531307294075,1491.0341554689048,1,0,1,0,0,1,1,3,L,2026-09-05T17:47:23+00:00
SC Paderborn,Bundesliga,1482.7524555573702,1487.926718890159,1500.0,1492.2386050008165,1,1,0,0,0,1,0,1,L,2026-09-05T17:47:24+00:00
Feyenoord,Eredivisie,1525.5765474650582,1500.0,1517.9035832255408,1511.5094463592761,1,0,1,1,0,0,3,1,W,2026-09-05T17:47:24+00:00
Ascoli,Serie B,1512.825168690485,1508.9776180833396,1500.0,1505.7713259107184,1,1,0,1,0,0,1,0,W,2026-09-05T17:47:24+00:00
Benevento,Serie B,1487.174831309515,1500.0,1491.0223819166604,1494.2286740892816,1,0,1,0,0,1,0,1,L,2026-09-05T17:47:24+00:00
Sheffield United,Championship,1449.5513203238531,1464.6859242266974,1500.0,1477.298094145734,2,2,0,0,0,2,2,6,L,2026-09-05T17:47:24+00:00
Portsmouth,Championship,1516.639881657722,1511.6479171604053,1500.0,1507.4879467459748,1,1,0,1,0,0,2,0,W,2026-09-05T17:47:24+00:00
Borussia Dortmund,Bundesliga,1518.1834151805597,1500.0,1512.7283906263917,1508.1825368312518,1,0,1,1,0,0,3,2,W,2026-09-05T17:47:24+00:00
Athletic Bilbao,La Liga,1522.2024210820405,1515.5416947574283,1500.0,1509.991089486918,1,1,0,1,0,0,3,0,W,2026-09-05T17:47:24+00:00
Girona FC,Segunda Division,1526.6602512378963,1500.0,1518.6621758665274,1511.9971130570534,1,0,1,1,0,0,2,0,W,2026-09-05T17:47:25+00:00
AD Ceuta FC,Segunda Division,1475.6742904271428,1482.9720032989999,1500.0,1489.0534306922143,1,1,0,0,0,1,0,2,L,2026-09-06T09:48:35+00:00
Mallorca,Segunda Division,1502.277177955055,1500.0,1501.5940245685385,1501.0247300797748,1,0,1,0,1,0,0,0,D,2026-09-06T09:48:35+00:00
Fenerbahce,Turkish Super Lig,1480.9061628149207,1486.6343139704445,1500.0,1491.4077732667142,1,1,0,0,0,1,1,2,L,2026-09-06T09:48:36+00:00
Manchester United,Premier League,1503.7202445309213,1500.0,1502.604171171645,1501.6741100389147,1,0,1,0,1,0,2,2,D,2026-09-06T16:51:04+00:00
Groningen,Eredivisie,1496.5526665457094,1497.5868665819964,1500.0,1498.4486999455692,1,1,0,0,1,0,2,2,D,2026-09-06T16:51:05+00:00
Hamburger SV,Bundesliga,1462.9986713515398,1474.0990699460779,1500.0,1483.3494021081929,1,1,0,0,0,1,0,5,L,2026-09-06T16:51:05+00:00
FSV Mainz 05,Bundesliga,1537.0013286484602,1500.0,1525.9009300539221,1516.6505978918071,1,0,1,1,0,0,5,0,W,2026-09-06T16:51:05+00:00
Parma,Serie A,1496.313655103121,1497.4195585721848,1500.0,1498.3411447964045,1,1,0,0,1,0,1,1,D,2026-09-06T16:51:06+00:00
AZ Alkmaar,Eredivisie,1518.3231826948795,1500.0,1512.8262278864156,1508.2454322126957,1,0,1,1,0,0,3,2,W,2026-09-06T16:51:06+00:00
Juve Stabia,Serie B,1470.1679520239816,1479.117566416787,1500.0,1486.5755784107916,1,1,0,0,0,1,0,3,L,2026-09-06T16:51:06+00:00
Pisa,Serie B,1529.8320479760184,1500.0,1520.882433583213,1513.4244215892084,1,0,1,1,0,0,3,0,W,2026-09-06T16:51:06+00:00
Arsenal,Premier League,1514.939913112234,1510.457939178564,1500.0,1506.7229609005053,1,1,0,1,0,0,2,1,W,2026-09-06T17:51:00+00:00
Eintracht Frankfurt,Bundesliga,1471.3587270468372,1479.951108932786,1500.0,1487.1114271710767,1,1,0,0,0,1,1,4,L,2026-09-06T17:51:00+00:00
OFI Crete,Greek Super League,1517.3139777321549,1512.1197844125084,1500.0,1507.7912899794696,1,1,0,1,0,0,2,0,W,2026-09-06T19:43:59+00:00
AE Kifisia FC,Greek Super League,1482.6860222678451,1500.0,1487.8802155874916,1492.2087100205304,1,0,1,0,0,1,0,2,L,2026-09-06T19:43:59+00:00
Juventus,Serie A,1497.8956643598983,1498.5269650519288,1500.0,1499.0530489619541,1,1,0,0,1,0,1,1,D,2026-09-07T10:52:56+00:00
Panathinaikos,Greek Super League,1517.3139777321549,1512.1197844125084,1500.0,1507.7912899794696,1,1,0,1,0,0,3,1,W,2026-09-07T10:52:58+00:00
PAOK Thessaloniki,Greek Super League,1482.6860222678451,1500.0,1487.8802155874916,1492.2087100205304,1,0,1,0,0,1,1,3,L,2026-09-07T10:52:58+00:00
Cagliari,Serie A,1526.772119389366,1518.7404835725563,1500.0,1512.0474537252146,2,2,0,2,0,0,2,0,W,2026-09-07T19:29:04+00:00
Asteras Tripolis,Greek Super League,1474.8292095202344,1482.380446664164,1500.0,1488.6731442841055,1,1,0,0,0,1,0,2,L,2026-09-07T19:29:04+00:00
Iraklis FC,Greek Super League,1525.1707904797656,1500.0,1517.619553335836,1511.3268557158945,1,0,1,1,0,0,2,0,W,2026-09-07T19:29:04+00:00
Sabadell FC,Segunda Division,1512.825168690485,1508.9776180833396,1500.0,1505.7713259107184,1,1,0,1,0,0,3,2,W,2026-09-08T10:12:06+00:00
Córdoba,Segunda Division,1487.174831309515,1500.0,1491.0223819166604,1494.2286740892816,1,0,1,0,0,1,2,3,L,2026-09-08T10:12:06+00:00
Club Brugge,UEFA Champions League,1464.083206819215,1474.8582447734507,1500.0,1483.837443068647,2,2,0,0,0,2,4,6,L,2026-09-08T19:05:19+00:00
Aston Villa,UEFA Champions League,1535.916793180785,1500.0,1525.1417552265493,1516.162556931353,2,0,2,2,0,0,6,4,W,2026-09-08T19:05:19+00:00
