team,league,rating,home_rating,away_rating,matches,home_matches,away_matches,wins,draws,losses,goals_for,goals_against,recent_form,reliability,uncertainty,last_match_at,last_updated
Norway,FIFA World Cup,1476.8345703841526,1483.7841992689068,1493.0503711152458,1,1,0,0,0,1,1,2,0.41,0.03333333333333333,0.9716666666666667,2026-07-12T04:05:39Z,2026-07-12T06:38:55+00:00
England,FIFA World Cup,1547.021712898002,1514.1065138694007,1532.9151990286014,2,0,2,2,0,0,8,5,0.6638000000000002,0.06666666666666667,0.9433333333333334,2026-07-18T23:08:08Z,2026-07-19T08:26:11+00:00
Västerås SK,Allsvenskan,1485.7400473763232,1505.4016963635038,1480.338351012819,7,4,3,3,1,3,5,7,0.38603430631616,0.23333333333333334,0.8016666666666666,2026-09-05T17:47:01Z,2026-09-05T17:47:27+00:00
Degerfors IF,Allsvenskan,1468.5061964166596,1498.4023024463079,1470.1038939703517,4,1,3,1,0,3,3,6,0.37366088,0.13333333333333333,0.8866666666666667,2026-08-23T21:49:14Z,2026-08-24T06:32:30+00:00
Malmo FF,Allsvenskan,1585.0228717887046,1533.9215583213136,1551.1013134673908,7,3,4,5,1,1,15,5,0.73542006631616,0.23333333333333334,0.8016666666666666,2026-08-31T21:10:57Z,2026-08-31T21:11:11+00:00
IFK Goteborg,Allsvenskan,1480.2053611356732,1500.3561883156665,1479.849172820007,5,1,4,2,0,3,6,13,0.4864019216,0.16666666666666666,0.8583333333333334,2026-09-07T19:28:42Z,2026-09-07T19:29:08+00:00
KFUM,Eliteserien,1475.5806887343638,1488.6338205839045,1486.9468681504593,5,2,3,2,0,3,5,9,0.4864019216,0.16666666666666666,0.8583333333333334,2026-09-13T18:24:46Z,2026-09-13T18:25:06+00:00
Bodø/Glimt,Eliteserien,1524.719477450835,1507.4158432352506,1517.3036342155845,1,0,1,1,0,0,2,0,0.5900000000000001,0.03333333333333333,0.9716666666666667,2026-07-12T14:45:56Z,2026-07-12T14:46:04+00:00
GAIS,Allsvenskan,1524.3052304298994,1504.7451303004696,1519.5601001294299,5,2,3,3,0,2,5,3,0.5353838384,0.16666666666666666,0.8583333333333334,2026-08-16T21:52:31Z,2026-08-17T06:28:45+00:00
IF Elfsborg,Allsvenskan,1552.3401796365933,1523.2221967192804,1529.117982917314,8,3,5,5,0,3,12,7,0.6182003715087488,0.26666666666666666,0.7733333333333333,2026-09-06T16:50:40Z,2026-09-06T16:51:09+00:00
IF Brommapojkarna,Allsvenskan,1457.9082603351856,1476.8303622095943,1481.0778981255912,6,5,1,2,0,4,8,9,0.47960333571200003,0.2,0.83,2026-09-06T16:50:40Z,2026-09-06T16:51:09+00:00
IK Sirius,Allsvenskan,1491.2389660141685,1465.9218177471698,1525.3171482669989,8,3,5,4,0,4,11,14,0.44853280026725123,0.26666666666666666,0.7733333333333333,2026-09-05T17:47:01Z,2026-09-05T17:47:27+00:00
Sandefjord,Eliteserien,1530.4831924698672,1494.028874289982,1536.4543181798851,8,5,3,3,4,1,11,9,0.6174634925120002,0.26666666666666666,0.7733333333333333,2026-09-05T02:33:35Z,2026-09-05T09:34:35+00:00
HamKam,Eliteserien,1456.8866052004837,1472.7629319601615,1484.123673240322,5,2,3,0,3,2,6,10,0.36568399999999995,0.16666666666666666,0.8583333333333334,2026-08-10T00:38:03Z,2026-08-10T07:05:37+00:00
Rosenborg,Eliteserien,1525.8186475734608,1531.3676176456897,1494.451029927771,5,3,2,3,0,2,13,7,0.5459980784,0.16666666666666666,0.8583333333333334,2026-08-15T00:21:53Z,2026-08-15T06:17:55+00:00
Kristiansund BK,Eliteserien,1512.8602933373397,1523.7160767118937,1489.144216625446,5,3,2,3,0,2,6,6,0.5856481616,0.16666666666666666,0.8583333333333334,2026-09-06T19:43:50Z,2026-09-06T19:44:02+00:00
Sarpsborg FK,Eliteserien,1480.2056403578756,1483.9602603137605,1496.2453800441156,9,7,2,3,3,3,14,14,0.3842544405071461,0.3,0.745,2026-09-06T17:17:33Z,2026-09-06T17:17:58+00:00
Viking FK,Eliteserien,1483.8908719199949,1495.1672615759983,1488.7236103439964,5,0,5,1,1,3,4,6,0.3964019216,0.16666666666666666,0.8583333333333334,2026-09-05T02:33:35Z,2026-09-05T09:34:35+00:00
Vålerenga,Eliteserien,1507.9419146394578,1502.9697266328187,1504.972188006639,7,4,3,3,1,3,23,16,0.40127902471616006,0.23333333333333334,0.8016666666666666,2026-09-12T17:56:49Z,2026-09-12T17:57:09+00:00
Aalesund,Eliteserien,1424.619177076434,1471.7337676383563,1452.8854094380774,6,2,4,1,1,4,8,21,0.360119335712,0.2,0.83,2026-09-13T18:24:46Z,2026-09-13T18:25:06+00:00
Tijuana,Liga MX,1510.8824918623845,1506.7515092846138,1504.1309825777707,4,3,1,2,1,1,6,3,0.5201391200000001,0.13333333333333333,0.8866666666666667,2026-09-12T09:42:18Z,2026-09-12T09:42:29+00:00
Tigres,Liga MX,1431.0197029285023,1479.3059108785508,1451.7137920499517,6,0,6,0,1,5,6,13,0.24200333571199997,0.2,0.83,2026-08-30T10:40:48Z,2026-08-30T10:49:37+00:00
Necaxa,Liga MX,1506.4997942299556,1504.5498559609687,1501.9499382689867,3,3,0,2,0,1,5,5,0.5443160000000001,0.1,0.915,2026-08-29T10:31:48Z,2026-08-29T11:52:39+00:00
Atlante FC,Liga MX,1456.3234853686433,1473.7329118552302,1482.5905735134131,5,3,2,0,3,2,4,8,0.36930904159999994,0.16666666666666666,0.8583333333333334,2026-09-12T09:42:18Z,2026-09-12T09:42:29+00:00
Botafogo,Brazil Serie A,1494.2418818286174,1494.134423582095,1500.1074582465221,6,4,2,2,2,2,6,6,0.46391842428800006,0.2,0.83,2026-09-13T06:59:28Z,2026-09-13T10:44:25+00:00
Santos,Brazil Serie A,1527.444176891798,1504.389324730945,1523.0548521608532,6,3,3,3,1,2,10,8,0.639365575712,0.2,0.83,2026-09-13T06:59:28Z,2026-09-13T10:44:25+00:00
Fluminense,Brazil Serie A,1494.7231244876573,1501.8820838668141,1492.8410406208434,5,3,2,1,3,1,4,5,0.48380000000000006,0.16666666666666666,0.8583333333333334,2026-09-13T06:59:28Z,2026-09-13T10:44:25+00:00
Bragantino-SP,Brazil Serie A,1473.7522825735573,1483.5279502546634,1490.2243323188939,5,1,4,0,3,2,6,8,0.36568399999999995,0.16666666666666666,0.8583333333333334,2026-09-13T06:59:28Z,2026-09-13T10:44:25+00:00
Mirassol,Brazil Serie A,1506.5402664231688,1493.5041879333955,1513.0360784897728,6,3,3,2,3,1,8,10,0.5737434658880001,0.2,0.83,2026-09-06T16:50:43Z,2026-09-06T16:51:09+00:00
Grêmio,Brazil Serie A,1421.7555417941978,1457.8729102181728,1463.8826315760252,5,3,2,0,1,4,4,8,0.23499304159999998,0.16666666666666666,0.8583333333333334,2026-09-13T06:59:28Z,2026-09-13T10:44:25+00:00
Atlético San Luis,Liga MX,1455.4089656651045,1476.4902828341371,1478.9186828309676,3,2,1,0,1,2,2,6,0.34948399999999996,0.1,0.915,2026-08-17T06:28:34Z,2026-08-17T06:28:46+00:00
Cruz Azul,Liga MX,1547.876833161037,1514.363049948311,1533.513783212726,2,0,2,2,0,0,6,3,0.6638000000000002,0.06666666666666667,0.9433333333333334,2026-08-29T10:31:48Z,2026-08-29T11:52:39+00:00
Mjällby AIF,Allsvenskan,1418.9030690062755,1443.2321483043925,1475.6709207018823,6,6,0,1,1,4,5,11,0.30640192159999996,0.2,0.83,2026-09-07T19:28:42Z,2026-09-07T19:29:08+00:00
AIK,Allsvenskan,1543.1678152113834,1519.8524439032985,1523.3153713080849,3,1,2,2,1,0,6,3,0.6505160000000001,0.1,0.915,2026-08-08T16:18:02Z,2026-08-08T16:18:23+00:00
France,FIFA World Cup,1476.1437167178453,1483.3006017024918,1492.8431150153535,1,1,0,0,0,1,4,6,0.41,0.03333333333333333,0.9716666666666667,2026-07-18T23:08:08Z,2026-07-19T08:26:11+00:00
Tromso,Eliteserien,1545.3701324308472,1513.6110397292543,1531.7590927015933,3,0,3,2,0,1,10,5,0.5443160000000001,0.1,0.915,2026-09-06T19:43:50Z,2026-09-06T19:44:02+00:00
Lillestrom,Eliteserien,1531.652405630764,1512.8494626111426,1518.8029430196214,4,3,1,3,0,1,7,4,0.6529071200000001,0.13333333333333333,0.8866666666666667,2026-09-12T17:56:49Z,2026-09-12T17:57:09+00:00
Querétaro,Liga MX,1479.241858575298,1465.1257428423366,1514.1161157329611,8,5,3,3,1,4,8,9,0.47994525150874884,0.26666666666666666,0.7733333333333333,2026-09-12T09:42:18Z,2026-09-12T09:42:29+00:00
América,Liga MX,1587.3771710877636,1533.9171581948929,1553.4600128928705,6,1,5,4,2,0,9,3,0.7378575442880001,0.2,0.83,2026-08-22T06:18:49Z,2026-08-22T06:19:04+00:00
Spain,FIFA World Cup,1515.9345703841527,1511.1541992689067,1504.7803711152458,1,1,0,1,0,0,1,0,0.5900000000000001,0.03333333333333333,0.9716666666666667,2026-07-20T03:38:40Z,2026-07-20T09:23:48+00:00
Argentina,FIFA World Cup,1484.0654296158473,1495.2196288847542,1488.8458007310933,1,0,1,0,0,1,0,1,0.41,0.03333333333333333,0.9716666666666667,2026-07-20T03:38:40Z,2026-07-20T09:23:48+00:00
Kalmar FF,Allsvenskan,1451.1712709197027,1469.8894768492762,1481.2817940704265,5,2,3,0,3,2,4,9,0.33619999999999994,0.16666666666666666,0.8583333333333334,2026-08-29T18:58:34Z,2026-08-29T18:58:51+00:00
Atletico Mineiro,Brazil Serie A,1499.607226639618,1505.3676751321889,1494.2395515074288,4,2,2,1,2,1,4,4,0.5162,0.13333333333333333,0.8866666666666667,2026-09-13T06:59:28Z,2026-09-13T10:44:25+00:00
Bahia,Brazil Serie A,1556.5230798753046,1526.8294793460357,1529.6936005292687,7,3,4,3,4,0,13,10,0.7243160000000002,0.23333333333333334,0.8016666666666666,2026-09-06T07:29:08Z,2026-09-06T09:48:39+00:00
Toluca,Liga MX,1519.7790650618763,1496.667547672224,1523.1115173896524,3,1,2,2,0,1,5,4,0.603284,0.1,0.915,2026-08-22T23:59:51Z,2026-08-23T06:21:05+00:00
Pumas,Liga MX,1536.5141390334493,1516.2937254770754,1520.2204135563738,3,2,1,2,1,0,5,2,0.6505160000000001,0.1,0.915,2026-09-11T10:07:59Z,2026-09-11T10:08:15+00:00
Coritiba,Brazil Serie A,1455.3951926785637,1459.274801168911,1496.1203915096532,4,3,1,1,0,3,5,8,0.37366088,0.13333333333333333,0.8866666666666667,2026-09-06T16:50:43Z,2026-09-06T16:51:09+00:00
Palmeiras,Brazil Serie A,1561.315577247746,1518.3946731743238,1542.920904073422,4,0,4,2,2,0,8,2,0.6101391200000001,0.13333333333333333,0.8866666666666667,2026-09-07T06:00:36Z,2026-09-07T10:53:01+00:00
Sao Paulo,Brazil Serie A,1495.766230730572,1503.2652370042385,1492.5009937263335,4,3,1,2,0,2,5,4,0.55366088,0.13333333333333333,0.8866666666666667,2026-09-06T07:29:08Z,2026-09-06T09:48:39+00:00
Atletico Paranaense,Brazil Serie A,1581.500421533922,1529.1298298534018,1552.3705916805204,6,2,4,4,2,0,10,4,0.7245735442880001,0.2,0.83,2026-08-25T06:23:45Z,2026-08-25T06:24:01+00:00
FC Cincinnati,MLS,1517.9337725130013,1533.1236635720577,1484.8101089409438,9,6,3,5,1,3,21,21,0.557135852162826,0.3,0.745,2026-09-13T10:34:05Z,2026-09-13T10:44:25+00:00
Vancouver Whitecaps FC,MLS,1514.645790778093,1502.195964728194,1512.4498260498988,7,2,5,2,3,2,12,10,0.6030728136838401,0.23333333333333334,0.8016666666666666,2026-08-17T06:28:38Z,2026-08-17T06:28:46+00:00
Sporting Kansas City,MLS,1455.6576172900932,1474.3759373706544,1481.2816799194384,6,5,1,1,2,3,5,9,0.35305250748800004,0.2,0.83,2026-08-24T06:32:19Z,2026-08-24T06:32:30+00:00
Minnesota United FC,MLS,1431.556050599477,1444.6143541831843,1486.9416964162936,15,7,8,2,5,8,29,31,0.1960902949892292,0.5,0.575,2026-09-13T10:34:05Z,2026-09-13T10:44:25+00:00
Los Angeles FC,MLS,1497.8657695681309,1506.1611459070998,1491.7046236610313,7,1,6,1,4,2,7,7,0.41722148042816,0.23333333333333334,0.8016666666666666,2026-09-06T09:48:02Z,2026-09-06T09:48:39+00:00
Real Salt Lake,MLS,1369.9577187593347,1424.565036245075,1445.3926825142603,11,7,4,0,4,7,13,23,0.17278841246360352,0.36666666666666664,0.6883333333333334,2026-09-13T10:34:05Z,2026-09-13T10:44:25+00:00
Inter Miami CF,MLS,1513.509653455942,1507.9911053637356,1505.5185480922062,8,3,5,3,3,2,13,16,0.47302375866725127,0.26666666666666666,0.7733333333333333,2026-09-13T10:34:05Z,2026-09-13T10:44:25+00:00
Chicago Fire,MLS,1514.4342847703658,1496.6101068657526,1517.8241779046136,7,1,6,2,3,2,13,13,0.45669694385983994,0.23333333333333334,0.8016666666666666,2026-09-14T08:39:19Z,2026-09-14T11:05:44+00:00
Philadelphia Union,MLS,1570.0187456675612,1531.5268033981906,1538.4919422693708,6,3,3,4,2,0,15,10,0.6841966642880002,0.2,0.83,2026-08-23T06:20:35Z,2026-08-23T06:21:06+00:00
New York Red Bulls,MLS,1435.9014311147014,1464.2417632305176,1471.659667884184,9,4,5,1,3,5,6,11,0.44774889520485406,0.3,0.745,2026-09-13T10:34:05Z,2026-09-13T10:44:25+00:00
Charlotte FC,MLS,1547.3660412460115,1529.6137669889836,1517.752274257028,7,5,2,3,4,0,17,11,0.643505705888,0.23333333333333334,0.8016666666666666,2026-09-13T10:34:05Z,2026-09-13T10:44:25+00:00
Atlanta United FC,MLS,1555.780522875092,1534.1185207578287,1521.6620021172632,9,3,6,5,2,2,15,14,0.7082003715087488,0.3,0.745,2026-09-13T10:34:05Z,2026-09-13T10:44:25+00:00
Austin FC,MLS,1445.9796028954129,1474.003672090662,1471.9759308047508,12,8,4,3,4,5,14,16,0.44655904000081065,0.4,0.6599999999999999,2026-09-10T10:06:27Z,2026-09-10T10:09:50+00:00
Seattle Sounders FC,MLS,1369.4524016862624,1432.7932375687371,1436.6591641175255,8,4,4,0,1,7,5,16,0.19220704293274876,0.26666666666666666,0.7733333333333333,2026-09-06T09:48:02Z,2026-09-06T09:48:39+00:00
LA Galaxy,MLS,1489.9418159135378,1499.4005742852266,1490.5412416283111,10,4,6,2,5,3,11,14,0.5084386129751263,0.3333333333333333,0.7166666666666667,2026-09-06T09:48:02Z,2026-09-06T09:48:39+00:00
St. Louis City SC,MLS,1626.6354341767662,1561.6138047121217,1565.0216294646445,12,7,5,8,4,0,28,15,0.8174610260118165,0.4,0.6599999999999999,2026-09-13T10:34:05Z,2026-09-13T10:44:25+00:00
New England Revolution,MLS,1609.0798327120403,1539.9648984999499,1569.1149342120905,13,2,11,7,3,3,27,15,0.7236359693497679,0.43333333333333335,0.6316666666666666,2026-09-14T08:39:19Z,2026-09-14T11:05:44+00:00
Toronto FC,MLS,1494.9593287528974,1507.8087767003035,1487.1505520525932,8,4,4,2,4,2,13,15,0.47295347797184,0.26666666666666666,0.7733333333333333,2026-09-13T10:34:05Z,2026-09-13T10:44:25+00:00
Houston Dynamo,MLS,1553.2602179887185,1528.9892806520259,1524.2709373366924,8,3,5,4,2,2,11,5,0.51672526471616,0.26666666666666666,0.7733333333333333,2026-09-06T09:48:02Z,2026-09-06T09:48:39+00:00
D.C. United,MLS,1461.9549092815362,1482.8709431939285,1479.0839660876075,13,9,4,4,5,4,14,20,0.5925226383174478,0.43333333333333335,0.6316666666666666,2026-09-13T10:34:05Z,2026-09-13T10:44:25+00:00
Colorado Rapids,MLS,1494.8704131102559,1532.2970679017922,1462.5733452084635,13,6,7,6,2,5,8,15,0.4362878348716692,0.43333333333333335,0.6316666666666666,2026-09-10T10:06:27Z,2026-09-10T10:09:50+00:00
San Diego FC,MLS,1513.6919973138806,1526.7346494934184,1486.9573478204622,7,3,4,3,1,3,11,7,0.52588756117184,0.23333333333333334,0.8016666666666666,2026-09-06T09:48:02Z,2026-09-06T09:48:39+00:00
Columbus Crew SC,MLS,1388.8169238613154,1452.0620280516757,1436.7548958096393,16,9,7,4,1,11,24,30,0.20215243744644368,0.5333333333333333,0.5466666666666666,2026-09-13T10:34:05Z,2026-09-13T10:44:25+00:00
New York City FC,MLS,1473.9490239270172,1466.4600585316243,1507.4889653953924,10,5,5,3,2,5,14,14,0.49451592246962256,0.3333333333333333,0.7166666666666667,2026-09-13T10:34:05Z,2026-09-13T10:44:25+00:00
Sarmiento de Junin,Argentina Primera Division,1530.964021221443,1518.3500891722479,1512.6139320491955,7,5,2,4,1,2,13,8,0.6639028920838401,0.23333333333333334,0.8016666666666666,2026-09-14T07:50:58Z,2026-09-14T11:05:44+00:00
Argentinos Juniors,Argentina Primera Division,1524.3227880024876,1513.346158836955,1510.9766291655326,5,1,4,2,2,1,5,5,0.5297980784,0.16666666666666666,0.8583333333333334,2026-09-08T07:35:28Z,2026-09-08T10:12:09+00:00
Viborg FF,Danish Superliga,1496.1564214486625,1501.0755536894267,1495.0808677592358,6,3,3,2,2,2,4,5,0.47939162748799996,0.2,0.83,2026-09-13T18:24:50Z,2026-09-13T18:25:06+00:00
OB Odense BK,Danish Superliga,1471.8145409210354,1491.5443622763105,1480.2701786447249,3,0,3,0,1,2,2,4,0.36568399999999995,0.1,0.915,2026-08-23T16:11:17Z,2026-08-23T16:11:26+00:00
Gimnasia Mendoza,Argentina Primera Division,1511.046837781923,1520.109500856476,1490.9373369254465,6,4,2,3,1,2,8,6,0.512814747488,0.2,0.83,2026-09-12T07:49:58Z,2026-09-12T09:42:29+00:00
Central Córdoba,Argentina Primera Division,1400.185602605757,1436.503749977691,1463.681852628066,5,4,1,0,0,5,0,6,0.18536992159999993,0.16666666666666666,0.8583333333333334,2026-09-07T07:51:22Z,2026-09-07T10:53:01+00:00
Velez Sarsfield BA,Argentina Primera Division,1560.4028415256012,1530.7740455032879,1529.628796022313,5,2,3,3,2,0,7,3,0.6508300784000003,0.16666666666666666,0.8583333333333334,2026-09-12T07:49:58Z,2026-09-12T09:42:29+00:00
Instituto de Córdoba,Argentina Primera Division,1532.5849266919383,1509.7754780075818,1522.809448684357,5,0,5,3,0,2,5,4,0.5532481616,0.16666666666666666,0.8583333333333334,2026-09-08T07:35:28Z,2026-09-08T10:12:09+00:00
Platense,Argentina Primera Division,1474.1422620663561,1487.6703119422448,1486.4719501241111,4,3,1,0,3,1,4,5,0.42619999999999997,0.13333333333333333,0.8866666666666667,2026-09-05T05:24:46Z,2026-09-05T09:34:35+00:00
Union Santa Fe,Argentina Primera Division,1507.4807853193859,1515.1696371771395,1492.3111481422466,7,2,5,3,1,3,12,12,0.453663492512,0.23333333333333334,0.8016666666666666,2026-09-14T07:50:58Z,2026-09-14T11:05:44+00:00
FC Luzern,Swiss Super League,1496.802362096795,1502.6971036796756,1494.10525841712,6,3,3,2,2,2,7,10,0.576458455712,0.2,0.83,2026-09-03T01:51:31Z,2026-09-03T10:14:31+00:00
FC Thun,Swiss Super League,1445.3186708396809,1465.259687637201,1480.0589832024793,5,2,3,1,1,3,7,15,0.3567518384,0.16666666666666666,0.8583333333333334,2026-09-03T01:51:31Z,2026-09-03T10:14:31+00:00
FC Lausanne-Sport,Swiss Super League,1438.4735527705761,1460.3429739936173,1478.1305787769586,9,5,4,1,4,4,7,11,0.2574287339510911,0.3,0.745,2026-09-13T18:24:48Z,2026-09-13T18:25:06+00:00
Grasshopper Zürich,Swiss Super League,1451.726646896255,1473.0605487742605,1478.6660981219945,3,1,2,0,1,2,4,10,0.33619999999999994,0.1,0.915,2026-08-30T18:54:16Z,2026-08-30T18:54:33+00:00
Servette,Swiss Super League,1466.359447265906,1470.3038444058568,1496.055602860049,7,3,4,2,1,4,4,7,0.49293369368384005,0.23333333333333334,0.8016666666666666,2026-09-13T18:24:48Z,2026-09-13T18:25:06+00:00
FC Basel,Swiss Super League,1555.2611906091454,1520.631126332956,1534.6300642761896,5,3,2,4,0,1,11,6,0.7153838384000001,0.16666666666666666,0.8583333333333334,2026-08-23T01:59:34Z,2026-08-23T06:21:05+00:00
Internacional,Brazil Serie A,1475.2157446519832,1481.422180829524,1493.7935638224592,8,3,5,2,2,4,11,14,0.4905342292489088,0.26666666666666666,0.7733333333333333,2026-09-14T03:48:58Z,2026-09-14T11:05:44+00:00
Vasco da Gama,Brazil Serie A,1516.407154356463,1498.9447676019292,1517.4623867545338,7,3,4,3,2,2,8,8,0.6122161616000001,0.23333333333333334,0.8016666666666666,2026-09-13T06:59:28Z,2026-09-13T10:44:25+00:00
Estudiantes de Río Cuarto,Argentina Primera Division,1465.9760186420663,1476.1832130494463,1489.79280559262,4,4,0,1,1,2,1,3,0.39910712,0.13333333333333333,0.8866666666666667,2026-09-05T05:24:46Z,2026-09-05T09:34:35+00:00
CA Tigre BA,Argentina Primera Division,1498.6349167702417,1501.6910404472642,1496.9438763229784,6,3,3,3,0,3,6,5,0.453663492512,0.2,0.83,2026-09-14T07:50:58Z,2026-09-14T11:05:44+00:00
Lanus,Argentina Primera Division,1482.6746670206933,1481.9715951410055,1500.703071879687,5,3,2,2,0,3,6,6,0.41435183840000006,0.16666666666666666,0.8583333333333334,2026-08-18T06:21:20Z,2026-08-18T06:21:32+00:00
San Lorenzo,Argentina Primera Division,1517.8515441270602,1517.4091184207323,1500.442425706328,4,2,2,2,1,1,2,1,0.6008928800000001,0.13333333333333333,0.8866666666666667,2026-09-06T07:36:49Z,2026-09-06T09:48:39+00:00
River Plate,Argentina Primera Division,1481.2960292498299,1484.7620477105113,1496.5339815393183,8,3,5,3,0,5,7,8,0.5508390429327489,0.26666666666666666,0.7733333333333333,2026-09-13T06:20:03Z,2026-09-13T10:44:25+00:00
Barracas Central,Argentina Primera Division,1530.6565812000388,1503.2923477403594,1527.364233459679,6,4,2,3,2,1,3,1,0.5631646642880002,0.2,0.83,2026-09-08T07:35:28Z,2026-09-08T10:12:09+00:00
San Jose Earthquakes,MLS,1360.931022410446,1412.8675051472094,1448.0635172632365,9,6,3,0,3,6,9,24,0.21464273528383998,0.3,0.745,2026-09-06T09:48:02Z,2026-09-06T09:48:39+00:00
CF Montreal,MLS,1470.2368598347077,1469.8728180549176,1500.3640417797899,8,7,1,1,5,2,11,12,0.5107197072207488,0.26666666666666666,0.7733333333333333,2026-08-23T06:20:35Z,2026-08-23T06:21:06+00:00
Orlando City SC,MLS,1523.716152093386,1515.5445551707232,1508.171596922663,7,6,1,4,1,2,12,8,0.6667261761401602,0.23333333333333334,0.8016666666666666,2026-09-13T10:34:05Z,2026-09-13T10:44:25+00:00
Nashville SC,MLS,1618.6255315688895,1570.779456984775,1547.8460745841153,11,5,6,7,3,1,24,11,0.7400199019749094,0.36666666666666664,0.6883333333333334,2026-09-13T10:34:05Z,2026-09-13T10:44:25+00:00
FC St Gallen,Swiss Super League,1533.3459030856543,1514.249620932332,1519.0962821533221,3,2,1,2,1,0,6,3,0.6505160000000001,0.1,0.915,2026-09-06T16:50:48Z,2026-09-06T16:51:09+00:00
FC Zurich,Swiss Super League,1477.8037964078235,1490.8364856391377,1486.967310768686,3,2,1,1,0,2,4,5,0.423284,0.1,0.915,2026-08-23T01:59:34Z,2026-08-23T06:21:05+00:00
SK Brann,Eliteserien,1474.2255928437885,1487.390648883604,1486.8349439601845,6,4,2,2,1,3,9,11,0.39314749251199993,0.2,0.83,2026-09-13T18:24:46Z,2026-09-13T18:25:06+00:00
AC Horsens,Danish Superliga,1540.4661179212608,1516.688526813719,1523.7775911075419,3,2,1,2,1,0,8,4,0.6638000000000002,0.1,0.915,2026-09-06T16:50:39Z,2026-09-06T16:51:09+00:00
FC Nordsjaelland,Danish Superliga,1539.7411349150868,1518.2032224384234,1521.5379124766632,6,1,5,2,3,1,9,7,0.5297980784,0.2,0.83,2026-09-07T19:28:54Z,2026-09-07T19:29:08+00:00
Deportivo Riestra,Argentina Primera Division,1484.0387042891484,1500.3912763344954,1483.6474279546528,7,4,3,2,2,3,8,7,0.44241017614016004,0.23333333333333334,0.8016666666666666,2026-09-05T05:24:46Z,2026-09-05T09:34:35+00:00
Boca Juniors,Argentina Primera Division,1510.1353246511796,1509.2957174151156,1500.8396072360638,6,1,5,1,4,1,7,9,0.516256534112,0.2,0.83,2026-09-06T07:36:49Z,2026-09-06T09:48:39+00:00
Estudiantes,Argentina Primera Division,1456.3663870262526,1488.061445043465,1468.3049419827878,5,2,3,1,0,4,4,7,0.33296992159999994,0.16666666666666666,0.8583333333333334,2026-08-24T06:32:14Z,2026-08-24T06:32:30+00:00
Independiente,Argentina Primera Division,1546.195751346826,1511.755283809181,1534.4404675376452,5,1,4,3,1,1,6,2,0.6415838384,0.16666666666666666,0.8583333333333334,2026-09-07T07:51:22Z,2026-09-07T10:53:01+00:00
Cruzeiro,Brazil Serie A,1502.570292158198,1498.5587992067478,1504.0114929514502,6,2,4,3,0,3,7,8,0.453663492512,0.2,0.83,2026-09-13T06:59:28Z,2026-09-13T10:44:25+00:00
Pachuca,Liga MX,1506.769457884523,1483.0744578169347,1523.6950000675886,5,3,2,2,1,2,9,6,0.5734859216,0.16666666666666666,0.8583333333333334,2026-09-12T09:42:18Z,2026-09-12T09:42:29+00:00
Monterrey,Liga MX,1468.472362345034,1490.5417087035103,1477.9306536415238,2,0,2,0,0,2,1,4,0.33619999999999994,0.06666666666666667,0.9433333333333334,2026-08-22T06:18:49Z,2026-08-22T06:19:04+00:00
Randers FC,Danish Superliga,1409.3968300665224,1442.8586630104633,1466.5381670560591,6,5,1,1,1,4,3,14,0.2846161616,0.2,0.83,2026-08-16T23:24:29Z,2026-08-17T06:28:45+00:00
Silkeborg IF,Danish Superliga,1470.1542105087533,1477.6617755097882,1492.4924349989649,5,4,1,1,2,2,5,8,0.46366088,0.16666666666666666,0.8583333333333334,2026-09-13T18:24:50Z,2026-09-13T18:25:06+00:00
BK Hacken,Allsvenskan,1549.9209024899358,1510.9560274116352,1538.9648750783006,5,3,2,2,3,0,8,2,0.6638000000000002,0.16666666666666666,0.8583333333333334,2026-08-22T00:20:31Z,2026-08-22T06:19:04+00:00
Fredrikstad FK,Eliteserien,1515.8850615321198,1510.896959609357,1504.9881019227626,3,1,2,2,0,1,2,4,0.603284,0.1,0.915,2026-08-17T00:42:47Z,2026-08-17T06:28:45+00:00
Banfield,Argentina Primera Division,1466.2972028887161,1476.4080420221012,1489.889160866615,3,3,0,1,0,2,5,7,0.396716,0.1,0.915,2026-08-31T07:52:10Z,2026-08-31T11:58:59+00:00
Rosario Central,Argentina Primera Division,1539.5074483155538,1500.768065754339,1538.7393825612148,5,2,3,3,1,1,4,2,0.6263391200000001,0.16666666666666666,0.8583333333333334,2026-09-14T07:50:58Z,2026-09-14T11:05:44+00:00
Racing Club,Argentina Primera Division,1430.234007202752,1467.9703481271515,1462.2636590756006,6,2,4,0,2,4,5,11,0.24588592159999995,0.2,0.83,2026-09-14T07:50:58Z,2026-09-14T11:05:44+00:00
Defensa y Justicia,Argentina Primera Division,1560.3975454681681,1542.2782818277178,1518.1192636404505,4,4,0,4,0,0,7,2,0.7739391200000002,0.13333333333333333,0.8866666666666667,2026-09-12T07:49:58Z,2026-09-12T09:42:29+00:00
Gimnasia La Plata,Argentina Primera Division,1527.7850304127376,1520.8508443108512,1506.934186101886,4,2,2,3,0,1,5,6,0.6529071200000001,0.13333333333333333,0.8866666666666667,2026-09-06T07:36:49Z,2026-09-06T09:48:39+00:00
Aldosivi Mar del Plata,Argentina Primera Division,1460.1512146479126,1478.3066358106307,1481.8445788372821,2,1,1,0,0,2,1,4,0.33619999999999994,0.06666666666666667,0.9433333333333334,2026-08-22T06:18:49Z,2026-08-22T06:19:04+00:00
Flamengo,Brazil Serie A,1522.5249604412443,1506.7574881323733,1515.767472308871,3,0,3,1,1,1,7,4,0.48380000000000006,0.1,0.915,2026-08-23T06:20:32Z,2026-08-23T06:21:06+00:00
Vitoria,Brazil Serie A,1499.0387878967804,1499.3271515277463,1499.711636369034,3,3,0,2,0,1,2,4,0.603284,0.1,0.915,2026-09-08T06:29:22Z,2026-09-08T10:12:09+00:00
Talleres,Argentina Primera Division,1452.923529677051,1478.3894467033738,1474.5340829736772,6,4,2,2,0,4,6,12,0.47960333571200003,0.2,0.83,2026-09-14T07:50:58Z,2026-09-14T11:05:44+00:00
Atlético Tucuman,Argentina Primera Division,1525.4357269849445,1497.978249974165,1527.4574770107797,4,1,3,2,1,1,4,2,0.53342312,0.13333333333333333,0.8866666666666667,2026-09-13T06:20:03Z,2026-09-13T10:44:25+00:00
Corinthians,Brazil Serie A,1475.2211502606635,1482.6548051824645,1492.566345078199,2,2,0,0,1,1,1,2,0.41,0.06666666666666667,0.9433333333333334,2026-08-17T05:55:57Z,2026-08-17T06:28:46+00:00
LASK,Austrian Bundesliga,1549.7500377081637,1523.5074415384838,1526.2425961696802,4,1,3,3,0,1,8,2,0.5939391200000002,0.13333333333333333,0.8866666666666667,2026-09-13T18:24:51Z,2026-09-13T18:25:06+00:00
Grazer AK,Austrian Bundesliga,1449.7437795740414,1491.3215892954854,1458.422190278556,4,1,3,1,0,3,2,13,0.34709288,0.13333333333333333,0.8866666666666667,2026-08-22T00:55:55Z,2026-08-22T06:19:04+00:00
Puebla,Liga MX,1530.862157740888,1512.7524698798954,1518.1096878609924,4,3,1,2,2,0,8,6,0.6638000000000002,0.13333333333333333,0.8866666666666667,2026-08-23T06:20:36Z,2026-08-23T06:21:06+00:00
Guadalajara,Liga MX,1508.4836168686636,1502.5450850605991,1505.9385318080645,3,0,3,0,3,0,3,3,0.5,0.1,0.915,2026-08-30T10:40:48Z,2026-08-30T10:49:37+00:00
Falkirk F.C.,Scottish Premiership,1482.5146140041836,1484.866593220921,1497.6480207832622,3,1,2,0,2,1,1,3,0.439484,0.1,0.915,2026-09-05T17:47:02Z,2026-09-05T17:47:27+00:00
St Mirren,Scottish Premiership,1524.719477450835,1507.4158432352506,1517.3036342155845,1,0,1,1,0,0,2,0,0.5900000000000001,0.03333333333333333,0.9716666666666667,2026-08-01T17:04:44Z,2026-08-01T17:05:28+00:00
WSG Tirol,Austrian Bundesliga,1470.4565195065832,1477.457843578457,1492.9986759281262,5,3,2,1,2,2,5,9,0.46366088,0.16666666666666666,0.8583333333333334,2026-09-13T18:24:51Z,2026-09-13T18:25:06+00:00
Sturm Graz,Austrian Bundesliga,1521.3648395239913,1513.509215820455,1507.8556237035364,2,1,1,1,1,0,3,2,0.5900000000000001,0.06666666666666667,0.9433333333333334,2026-09-13T18:24:51Z,2026-09-13T18:25:06+00:00
Lyngby,Danish Superliga,1479.8629316033946,1488.4662467163173,1491.3966848870775,7,4,3,1,4,2,8,9,0.479917414112,0.23333333333333334,0.8016666666666666,2026-09-13T18:24:50Z,2026-09-13T18:25:06+00:00
AGF Aarhus,Danish Superliga,1459.8303752875559,1476.61048128772,1483.2198939998361,4,2,2,0,2,2,5,8,0.34948399999999996,0.13333333333333333,0.8866666666666667,2026-09-03T01:20:57Z,2026-09-03T10:14:31+00:00
Aberdeen,Scottish Premiership,1515.9345703841527,1511.1541992689067,1504.7803711152458,1,1,0,1,0,0,2,1,0.5900000000000001,0.03333333333333333,0.9716666666666667,2026-08-01T23:49:34Z,2026-08-02T08:30:17+00:00
Hearts,Scottish Premiership,1508.6079977964207,1502.5823993389263,1506.0255984574947,2,0,2,1,0,1,4,3,0.5162,0.06666666666666667,0.9433333333333334,2026-09-04T02:11:23Z,2026-09-04T10:04:26+00:00
BSC Young Boys,Swiss Super League,1548.3293650006506,1514.4988095001952,1533.8305555004556,3,0,3,1,2,0,10,4,0.560516,0.1,0.915,2026-08-09T01:52:29Z,2026-08-09T06:34:58+00:00
Portland Timbers,MLS,1530.3790403769387,1532.233287625823,1498.1457527511157,6,4,2,4,0,2,14,11,0.520396664288,0.2,0.83,2026-09-13T10:34:05Z,2026-09-13T10:44:25+00:00
FC Dallas,MLS,1648.8920934581872,1555.635587399422,1593.2565060587651,10,2,8,8,2,0,23,15,0.8754992663951461,0.3333333333333333,0.7166666666666667,2026-09-13T10:34:05Z,2026-09-13T10:44:25+00:00
Brondby IF,Danish Superliga,1516.1363283743474,1511.2954298620432,1504.8408985123042,1,1,0,1,0,0,1,0,0.5900000000000001,0.03333333333333333,0.9716666666666667,2026-08-02T16:12:47Z,2026-08-02T16:13:05+00:00
Austria Lustenau,Austrian Bundesliga,1493.5125089846777,1501.8572117125475,1491.6552972721302,4,3,1,1,2,1,5,5,0.5162,0.13333333333333333,0.8866666666666667,2026-08-16T00:51:27Z,2026-08-16T06:19:28+00:00
Ried,Austrian Bundesliga,1505.3932805042584,1507.1668587064241,1498.2264217978343,4,1,3,1,2,1,5,5,0.48380000000000006,0.13333333333333333,0.8866666666666667,2026-08-30T18:54:11Z,2026-08-30T18:54:33+00:00
Wolfsberger AC,Austrian Bundesliga,1500.6079192412453,1507.0013475596686,1493.6065716815767,3,2,1,1,1,1,5,3,0.47051600000000005,0.1,0.915,2026-08-16T00:51:27Z,2026-08-16T06:19:28+00:00
Austria Wien,Austrian Bundesliga,1410.7248149600587,1446.0898006980754,1464.6350142619829,4,3,1,0,0,4,0,8,0.22606087999999994,0.13333333333333333,0.8866666666666667,2026-09-02T19:02:27Z,2026-09-02T19:02:45+00:00
FC Lugano,Swiss Super League,1545.3615332244237,1519.2956279624805,1526.0659052619433,2,1,1,2,0,0,5,1,0.6638000000000002,0.06666666666666667,0.9433333333333334,2026-09-04T01:51:18Z,2026-09-04T10:04:26+00:00
FC Sion,Swiss Super League,1520.771837647235,1514.5402863530644,1506.2315512941705,1,1,0,1,0,0,3,0,0.5900000000000001,0.03333333333333333,0.9716666666666667,2026-08-02T17:05:26Z,2026-08-02T17:05:45+00:00
Molde,Eliteserien,1513.63932218476,1501.908108718675,1511.7312134660845,6,2,4,2,2,2,16,16,0.55366088,0.2,0.83,2026-08-30T18:54:20Z,2026-08-30T18:54:33+00:00
Hibernian,Scottish Premiership,1459.996170073792,1468.9156519035694,1491.0805181702226,4,2,2,1,0,3,5,8,0.34709288,0.13333333333333333,0.8866666666666667,2026-09-06T16:50:51Z,2026-09-06T16:51:09+00:00
Motherwell,Scottish Premiership,1518.8074802199856,1503.899064307651,1514.9084159123347,2,1,1,1,1,0,2,1,0.5738000000000001,0.06666666666666667,0.9433333333333334,2026-08-09T16:19:39Z,2026-08-09T16:19:57+00:00
FC Copenhagen,Danish Superliga,1651.7580467345708,1551.8202726621312,1599.9377740724394,6,1,5,6,0,0,20,2,0.8479966642880001,0.2,0.83,2026-09-04T01:24:14Z,2026-09-04T10:04:26+00:00
Rapid Wien,Austrian Bundesliga,1521.9616823003907,1525.3319716562532,1496.629710644137,3,2,1,2,0,1,10,5,0.5443160000000001,0.1,0.915,2026-09-03T01:54:43Z,2026-09-03T10:14:31+00:00
Rheindorf Altach,Austrian Bundesliga,1456.356296371237,1475.823235613527,1480.53306075771,4,3,1,1,0,3,5,6,0.34709288,0.13333333333333333,0.8866666666666667,2026-08-23T00:51:39Z,2026-08-23T06:21:05+00:00
Newells Old Boys,Argentina Primera Division,1494.8986923995385,1502.4850146080078,1492.4136777915307,4,3,1,1,2,1,6,5,0.5132840000000001,0.13333333333333333,0.8866666666666667,2026-09-12T07:49:58Z,2026-09-12T09:42:29+00:00
Atlético Huracán,Argentina Primera Division,1494.4946979741123,1503.0623115670019,1491.4323864071102,3,2,1,1,1,1,2,3,0.5162,0.1,0.915,2026-09-14T07:50:58Z,2026-09-14T11:05:44+00:00
Independiente Rivadavia,Argentina Primera Division,1488.7151583955779,1503.0362061276148,1485.6789522679633,4,1,3,1,1,2,4,5,0.47986088,0.13333333333333333,0.8866666666666667,2026-08-31T07:52:10Z,2026-08-31T11:58:59+00:00
SonderjyskE,Danish Superliga,1440.7413277163705,1456.9050021692476,1483.8363255471231,4,3,1,0,2,2,3,9,0.36568399999999995,0.13333333333333333,0.8866666666666667,2026-09-13T18:24:50Z,2026-09-13T18:25:06+00:00
VfL Bochum,2. Bundesliga,1474.4023281757632,1482.0816297230342,1492.320698452729,2,2,0,0,1,1,1,2,0.42619999999999997,0.06666666666666667,0.9433333333333334,2026-09-12T17:56:52Z,2026-09-12T17:57:09+00:00
Hertha Berlin,2. Bundesliga,1562.122311089524,1524.4806915608724,1537.6416195286515,3,1,2,3,0,0,8,4,0.7243160000000002,0.1,0.915,2026-09-06T16:50:43Z,2026-09-06T16:51:09+00:00
Estoril,Primeira Liga,1471.4450860686914,1480.011560248084,1491.4335258206074,2,2,0,0,1,1,1,3,0.41,0.06666666666666667,0.9433333333333334,2026-08-23T03:04:49Z,2026-08-23T06:21:06+00:00
Famalicão,Primeira Liga,1488.95165537463,1495.4363009965048,1493.5153543781253,4,1,3,0,3,1,3,4,0.439484,0.13333333333333333,0.8866666666666667,2026-09-05T17:47:05Z,2026-09-05T17:47:28+00:00
Yokohama F Marinos,J-League,1473.5191373158682,1481.4633961211077,1492.0557411947605,2,2,0,0,1,1,4,5,0.42619999999999997,0.06666666666666667,0.9433333333333334,2026-09-02T17:36:59Z,2026-09-02T19:02:45+00:00
Kashima Antlers,J-League,1520.4055257854684,1512.322443292732,1508.083082492736,3,1,2,2,0,1,8,8,0.5443160000000001,0.1,0.915,2026-09-02T17:36:59Z,2026-09-02T19:02:45+00:00
Örgryte IS,Allsvenskan,1473.909822683581,1481.736875878507,1492.1729468050744,2,2,0,0,1,1,4,5,0.42619999999999997,0.06666666666666667,0.9433333333333334,2026-08-22T16:10:33Z,2026-08-22T16:10:50+00:00
Avispa Fukuoka,J-League,1452.682723182504,1466.8779062277529,1485.8048169547512,3,3,0,0,1,2,3,5,0.36568399999999995,0.1,0.915,2026-09-05T17:29:50Z,2026-09-05T17:47:27+00:00
Vissel Kobe,J-League,1545.8659316417966,1513.7597794925389,1532.1061521492575,2,0,2,2,0,0,3,0,0.6638000000000002,0.06666666666666667,0.9433333333333334,2026-09-02T17:36:59Z,2026-09-02T19:02:45+00:00
Cerezo Osaka,J-League,1534.1726350302097,1523.9208445211466,1510.2517905090629,2,2,0,2,0,0,4,1,0.6638000000000002,0.06666666666666667,0.9433333333333334,2026-09-02T17:36:59Z,2026-09-02T19:02:45+00:00
Fagiano Okayama,J-League,1534.1796528634736,1521.552060177826,1512.6275926856483,5,3,2,3,1,1,7,5,0.6727321616000002,0.16666666666666666,0.8583333333333334,2026-09-06T16:50:52Z,2026-09-06T16:51:09+00:00
Karlsruher SC,2. Bundesliga,1455.3700832556337,1468.7590582789435,1486.61102497669,3,3,0,1,0,2,6,11,0.396716,0.1,0.915,2026-08-29T18:58:26Z,2026-08-29T18:58:51+00:00
Arminia Bielefeld,2. Bundesliga,1491.0023892314714,1514.1569218985417,1476.84546733293,5,2,3,2,0,3,9,8,0.4056481616,0.16666666666666666,0.8583333333333334,2026-09-11T18:49:35Z,2026-09-11T18:50:04+00:00
SV Darmstadt 98,2. Bundesliga,1468.6482515165644,1486.0561441639156,1482.5921073526488,4,3,1,1,1,2,4,7,0.455684,0.13333333333333333,0.8866666666666667,2026-09-11T18:49:35Z,2026-09-11T18:50:04+00:00
Holstein Kiel,2. Bundesliga,1482.3404607214632,1493.765136319808,1488.575324401655,3,1,2,0,2,1,4,6,0.42619999999999997,0.1,0.915,2026-09-05T17:47:10Z,2026-09-05T17:47:28+00:00
1. FC Heidenheim,2. Bundesliga,1515.9345703841527,1511.1541992689067,1504.7803711152458,1,1,0,1,0,0,4,3,0.5900000000000001,0.03333333333333333,0.9716666666666667,2026-08-08T16:18:17Z,2026-08-08T16:18:24+00:00
VfL Osnabrück,2. Bundesliga,1484.0654296158473,1495.2196288847542,1488.8458007310933,1,0,1,0,0,1,3,4,0.41,0.03333333333333333,0.9716666666666667,2026-08-08T16:18:17Z,2026-08-08T16:18:24+00:00
1. FC Magdeburg,2. Bundesliga,1464.0067373004638,1480.6487143443399,1483.358022956124,3,2,1,1,0,2,4,8,0.423284,0.1,0.915,2026-09-06T16:50:43Z,2026-09-06T16:51:09+00:00
Eintracht Braunschweig,2. Bundesliga,1515.968845378667,1495.0518992581447,1520.9169461205224,2,1,1,1,0,1,9,6,0.48380000000000006,0.06666666666666667,0.9433333333333334,2026-08-29T11:52:17Z,2026-08-29T11:52:39+00:00
IK Start,Eliteserien,1496.2209766176081,1504.9793205415142,1491.2416560760944,4,3,1,2,0,2,6,4,0.5270928800000001,0.13333333333333333,0.8866666666666667,2026-09-13T18:24:46Z,2026-09-13T18:25:06+00:00
Sochaux,Ligue 2,1477.192797872685,1480.680836308629,1496.511961564056,3,1,2,0,2,1,1,4,0.439484,0.1,0.915,2026-09-05T01:25:11Z,2026-09-05T09:34:35+00:00
Saint Etienne,Ligue 2,1531.1925076329412,1509.3577522898822,1521.8347553430588,1,0,1,1,0,0,3,0,0.5900000000000001,0.03333333333333333,0.9716666666666667,2026-08-09T02:06:28Z,2026-08-09T06:34:58+00:00
Clermont,Ligue 2,1500.6693391903027,1498.7546299107519,1501.9147092795508,2,1,1,0,2,0,1,1,0.5,0.06666666666666667,0.9433333333333334,2026-09-05T01:25:11Z,2026-09-05T09:34:35+00:00
Stade de Reims,Ligue 2,1515.636142795942,1509.4991281108205,1506.1370146851218,3,2,1,1,2,0,5,3,0.5738000000000001,0.1,0.915,2026-09-05T17:47:14Z,2026-09-05T17:47:28+00:00
Nantes,Ligue 2,1461.1151013740357,1479.0683585658717,1482.0467428081638,2,1,1,0,0,2,1,3,0.33619999999999994,0.06666666666666667,0.9433333333333334,2026-08-15T02:12:36Z,2026-08-15T06:17:55+00:00
Red Star,Ligue 2,1521.4852614777988,1504.6612471580086,1516.8240143197904,3,1,2,1,2,0,2,1,0.560516,0.1,0.915,2026-08-22T01:21:23Z,2026-08-22T06:19:04+00:00
Montpellier,Ligue 2,1496.3845703841525,1497.4691992689068,1498.9153711152458,1,1,0,0,1,0,1,1,0.5,0.03333333333333333,0.9716666666666667,2026-08-09T02:06:28Z,2026-08-09T06:34:58+00:00
Dijon,Ligue 2,1506.9625431502577,1502.0887629450774,1504.8737802051805,2,0,2,0,2,0,2,2,0.5,0.06666666666666667,0.9433333333333334,2026-09-05T01:25:11Z,2026-09-05T09:34:35+00:00
USL Dunkerque,Ligue 2,1512.7187687855007,1508.9031381498505,1503.8156306356502,2,2,0,1,1,0,5,3,0.5738000000000001,0.06666666666666667,0.9433333333333334,2026-09-05T01:25:11Z,2026-09-05T09:34:35+00:00
Grenoble,Ligue 2,1466.4891664391514,1470.6348014127936,1495.8543650263578,5,3,2,1,1,3,7,8,0.35602504160000004,0.16666666666666666,0.8583333333333334,2026-09-05T01:25:11Z,2026-09-05T09:34:35+00:00
Metz,Ligue 2,1535.244957075802,1523.4500931280506,1511.794863947751,4,3,1,2,2,0,7,3,0.63962312,0.13333333333333333,0.8866666666666667,2026-09-05T17:47:14Z,2026-09-05T17:47:28+00:00
Guingamp,Ligue 2,1488.9159338086167,1496.674780142585,1492.2411536660318,2,0,2,0,1,1,3,4,0.42619999999999997,0.06666666666666667,0.9433333333333334,2026-09-05T17:47:14Z,2026-09-05T17:47:28+00:00
Rodez AF,Ligue 2,1496.1637107314443,1505.6505282560936,1490.5131824753507,2,1,1,1,0,1,4,5,0.48380000000000006,0.06666666666666667,0.9433333333333334,2026-09-05T17:47:14Z,2026-09-05T17:47:28+00:00
Stade Lavallois,Ligue 2,1471.526238321368,1485.0366289691847,1486.4896093521836,4,2,2,1,1,2,4,8,0.42089288,0.13333333333333333,0.8866666666666667,2026-08-29T01:23:03Z,2026-08-29T11:52:39+00:00
Westerlo,Belgian Pro League,1485.2258825613571,1481.0824128038241,1504.143469757533,3,1,2,1,0,2,7,8,0.455684,0.1,0.915,2026-09-06T02:09:22Z,2026-09-06T09:48:39+00:00
Union Saint-Gilloise,Belgian Pro League,1587.4094586458925,1526.2228375937677,1561.1866210521248,3,0,3,3,0,0,11,3,0.7243160000000002,0.1,0.915,2026-09-05T17:47:04Z,2026-09-05T17:47:28+00:00
Go Ahead Eagles,Eredivisie,1555.4563463434006,1538.8194424403805,1516.63690390302,3,3,0,3,0,0,11,3,0.7243160000000002,0.1,0.915,2026-08-23T16:11:05Z,2026-08-23T16:11:26+00:00
Willem II,Eredivisie,1426.3992981320073,1464.6248457799243,1461.774452352083,4,2,2,0,1,3,4,13,0.29986087999999994,0.13333333333333333,0.8866666666666667,2026-09-06T02:19:53Z,2026-09-06T09:48:39+00:00
NEC Nijmegen,Eredivisie,1477.9084077297923,1474.4534958783893,1503.4549118514033,3,2,1,1,0,2,5,6,0.423284,0.1,0.915,2026-09-05T17:47:00Z,2026-09-05T17:47:27+00:00
SC Telstar,Eredivisie,1490.7982963064826,1482.6432458029242,1508.1550505035584,4,1,3,1,2,1,2,5,0.48910712,0.13333333333333333,0.8866666666666667,2026-09-13T18:24:49Z,2026-09-13T18:25:06+00:00
Vitória SC,Primeira Liga,1460.9617626054523,1479.0223569352968,1481.9394056701556,2,1,1,0,0,2,1,3,0.33619999999999994,0.06666666666666667,0.9433333333333334,2026-09-13T05:29:16Z,2026-09-13T10:44:25+00:00
Arouca,Primeira Liga,1561.6918687292698,1533.91813626415,1527.7737324651198,3,2,1,3,0,0,7,1,0.7243160000000002,0.1,0.915,2026-08-29T18:58:34Z,2026-08-29T18:58:51+00:00
Charleroi,Belgian Pro League,1564.471671275285,1517.4804571716038,1546.9912141036812,5,2,3,4,0,1,10,5,0.6670300784000002,0.16666666666666666,0.8583333333333334,2026-09-14T00:37:33Z,2026-09-14T11:05:44+00:00
Leuven,Belgian Pro League,1416.0542888056552,1462.5059293987658,1453.5483594068896,4,1,3,0,0,4,1,12,0.22606087999999994,0.13333333333333333,0.8866666666666667,2026-09-07T00:33:09Z,2026-09-07T10:53:01+00:00
SV Zulte-Waregem,Belgian Pro League,1540.360263721652,1519.0179970011245,1521.3422667205273,4,3,1,3,0,1,8,2,0.5939391200000002,0.13333333333333333,0.8866666666666667,2026-09-14T00:37:33Z,2026-09-14T11:05:44+00:00
Genk,Belgian Pro League,1507.0042028964906,1508.298051013132,1498.7061518833589,4,1,3,1,2,1,8,8,0.5108928800000001,0.13333333333333333,0.8866666666666667,2026-09-06T19:04:28Z,2026-09-06T19:44:02+00:00
Gent,Belgian Pro League,1517.003537591651,1511.9024763141556,1505.1010612774953,1,1,0,1,0,0,2,0,0.5900000000000001,0.03333333333333333,0.9716666666666667,2026-08-09T16:19:33Z,2026-08-09T16:19:57+00:00
KV Mechelen,Belgian Pro League,1404.2594509759053,1439.783030719794,1464.4764202561112,4,3,1,0,0,4,0,8,0.22606087999999994,0.13333333333333333,0.8866666666666667,2026-09-12T02:17:00Z,2026-09-12T09:42:29+00:00
1. FC Nürnberg,2. Bundesliga,1561.6568019633398,1542.2227594777073,1519.4340424856327,4,3,1,3,1,0,12,3,0.6839391200000002,0.13333333333333333,0.8866666666666667,2026-09-05T17:47:10Z,2026-09-05T17:47:28+00:00
Dynamo Dresden,2. Bundesliga,1459.6366572812021,1487.8909971843607,1471.7456600968414,2,0,2,0,0,2,0,6,0.33619999999999994,0.06666666666666667,0.9433333333333334,2026-08-09T16:19:39Z,2026-08-09T16:19:57+00:00
FC Energie Cottbus,2. Bundesliga,1490.23060812675,1510.017630817825,1480.2129773089248,4,2,2,2,0,2,6,8,0.4463391200000001,0.13333333333333333,0.8866666666666667,2026-08-16T16:10:52Z,2026-08-16T16:10:56+00:00
Hannover 96,2. Bundesliga,1491.6118763664479,1497.4835629099343,1494.1283134565135,3,0,3,1,0,2,3,6,0.455684,0.1,0.915,2026-08-30T18:54:25Z,2026-08-30T18:54:33+00:00
FC St. Pauli,2. Bundesliga,1489.4282325095166,1492.5997627566614,1496.828469752855,4,4,0,1,2,1,4,4,0.5162,0.13333333333333333,0.8866666666666667,2026-09-13T01:54:25Z,2026-09-13T10:44:24+00:00
Greuther Fürth,2. Bundesliga,1509.3631048925213,1502.8089314677563,1506.554173424765,3,0,3,0,3,0,3,3,0.5,0.1,0.915,2026-09-12T17:56:52Z,2026-09-12T17:57:09+00:00
Tokyo Verdy,J-League,1453.5376622323206,1465.7305758163352,1487.8070864159856,4,3,1,0,2,2,2,6,0.34948399999999996,0.13333333333333333,0.8866666666666667,2026-09-02T17:36:59Z,2026-09-02T19:02:45+00:00
Kawasaki Frontale,J-League,1503.6154296158475,1501.0846288847542,1502.5308007310932,1,0,1,0,1,0,1,1,0.5,0.03333333333333333,0.9716666666666667,2026-08-09T16:19:50Z,2026-08-09T16:19:57+00:00
V-Varen Nagasaki,J-League,1511.0260025331681,1514.2531709452714,1496.7728315878965,4,3,1,2,1,1,6,4,0.57910712,0.13333333333333333,0.8866666666666667,2026-09-12T17:36:18Z,2026-09-12T17:57:09+00:00
Kyoto Purple Sanga,J-League,1487.3808626841317,1496.2142588052395,1491.1666038788924,2,0,2,0,1,1,2,3,0.42619999999999997,0.06666666666666667,0.9433333333333334,2026-09-02T17:36:59Z,2026-09-02T19:02:45+00:00
Halmstads BK,Allsvenskan,1472.475610955961,1479.3333735225126,1493.142237433448,4,3,1,1,1,2,2,5,0.47986088,0.13333333333333333,0.8866666666666667,2026-08-29T18:58:34Z,2026-08-29T18:58:51+00:00
Heerenveen,Eredivisie,1470.3890479459526,1476.7664031661395,1493.6226447798126,7,5,2,1,4,2,7,9,0.42615364202816003,0.23333333333333334,0.8016666666666666,2026-09-13T18:24:49Z,2026-09-13T18:25:06+00:00
FC Twente Enschede,Eredivisie,1488.2679688915216,1496.4803906674565,1491.7875782240653,2,0,2,0,1,1,2,3,0.42619999999999997,0.06666666666666667,0.9433333333333334,2026-09-06T16:50:49Z,2026-09-06T16:51:09+00:00
Rangers,Scottish Premiership,1476.5436305593958,1483.580541391577,1492.9630891678187,1,1,0,0,0,1,1,2,0.41,0.03333333333333333,0.9716666666666667,2026-08-09T22:25:05Z,2026-08-10T07:05:37+00:00
RB Salzburg,Austrian Bundesliga,1559.5199748525445,1527.8147865017434,1531.7051883508013,3,1,2,2,1,0,9,2,0.6638000000000002,0.1,0.915,2026-09-03T01:54:43Z,2026-09-03T10:14:31+00:00
Gil Vicente,Primeira Liga,1495.1320770570962,1495.3432583240829,1499.7888187330132,3,2,1,1,1,1,1,1,0.47051600000000005,0.1,0.915,2026-09-07T03:34:06Z,2026-09-07T10:53:01+00:00
Rio Ave FC,Primeira Liga,1509.0049139313085,1502.7014741793926,1506.3034397519161,2,0,2,1,0,1,2,1,0.5162,0.06666666666666667,0.9433333333333334,2026-08-23T03:04:49Z,2026-08-23T06:21:06+00:00
Moreirense FC,Primeira Liga,1472.414965059648,1490.2783176715554,1482.1366473880926,2,1,1,0,1,1,2,6,0.41,0.06666666666666667,0.9433333333333334,2026-08-17T02:52:09Z,2026-08-17T06:28:46+00:00
Braga,Primeira Liga,1503.6154296158475,1501.0846288847542,1502.5308007310932,1,0,1,0,1,0,2,2,0.5,0.03333333333333333,0.9716666666666667,2026-08-10T02:58:57Z,2026-08-10T07:05:37+00:00
Djurgardens IF,Allsvenskan,1509.3621825482924,1502.8086547644878,1506.5535277838046,2,0,2,1,0,1,2,1,0.5162,0.06666666666666667,0.9433333333333334,2026-09-04T00:23:44Z,2026-09-04T10:04:26+00:00
Santa Clara,Primeira Liga,1537.538866602212,1516.079643319622,1521.4592232825903,4,2,2,2,2,0,5,3,0.6343160000000001,0.13333333333333333,0.8866666666666667,2026-08-29T18:58:34Z,2026-08-29T18:58:51+00:00
Nacional,Primeira Liga,1503.6154296158475,1501.0846288847542,1502.5308007310932,1,0,1,0,1,0,2,2,0.5,0.03333333333333333,0.9716666666666667,2026-08-11T02:40:34Z,2026-08-11T06:43:24+00:00
Belgrano de Cordoba,Argentina Primera Division,1544.2037560947067,1519.5177111756927,1524.6860449190135,3,1,2,2,1,0,5,1,0.6343160000000001,0.1,0.915,2026-09-14T07:50:58Z,2026-09-14T11:05:44+00:00
Kashiwa Reysol,J-League,1528.4174610882237,1508.5252383264672,1519.8922227617566,3,0,3,2,0,1,4,3,0.5443160000000001,0.1,0.915,2026-09-02T17:36:59Z,2026-09-02T19:02:45+00:00
Real Sociedad B,Segunda Division,1500.2909398247568,1490.8211101010882,1509.4698297236687,2,1,1,1,0,1,2,2,0.5162,0.06666666666666667,0.9433333333333334,2026-08-23T02:50:23Z,2026-08-23T06:21:06+00:00
CD Castellón,Segunda Division,1523.1654296158474,1506.9496288847542,1516.2158007310932,1,0,1,1,0,0,1,0,0.5900000000000001,0.03333333333333333,0.9716666666666667,2026-08-15T01:52:30Z,2026-08-15T06:17:55+00:00
Notts County,League One,1503.4917676406335,1499.601358445851,1503.8904091947823,3,1,2,0,3,0,3,3,0.5,0.1,0.915,2026-09-02T02:05:26Z,2026-09-02T10:04:04+00:00
Leicester City,League One,1546.2724093696315,1520.4113160656157,1525.8610933040154,4,1,3,2,2,0,7,4,0.6638000000000002,0.13333333333333333,0.8866666666666667,2026-09-12T17:56:47Z,2026-09-12T17:57:09+00:00
Barnsley,League One,1458.3017247367238,1470.8112073157065,1487.490517421017,3,3,0,1,0,2,3,7,0.423284,0.1,0.915,2026-09-05T17:47:17Z,2026-09-05T17:47:28+00:00
Bromley FC,League One,1490.8988928439676,1495.6787867436153,1495.2201061003523,3,1,2,1,1,1,4,8,0.47051600000000005,0.1,0.915,2026-08-29T18:58:29Z,2026-08-29T18:58:51+00:00
Bradford City,League One,1544.1081705455017,1530.8757193818512,1513.2324511636505,3,3,0,3,0,0,4,0,0.7243160000000002,0.1,0.915,2026-09-05T17:47:17Z,2026-09-05T17:47:28+00:00
Peterborough United,League One,1483.5131890720982,1493.7051227481204,1489.8080663239778,3,1,2,0,2,1,1,3,0.439484,0.1,0.915,2026-09-12T17:56:47Z,2026-09-12T17:57:09+00:00
Leyton Orient,League One,1476.8345703841526,1483.7841992689068,1493.0503711152458,1,1,0,0,0,1,1,2,0.41,0.03333333333333333,0.9716666666666667,2026-08-15T16:10:24Z,2026-08-15T16:10:29+00:00
Sheffield Wednesday,League One,1572.8711341895198,1533.1770738560328,1539.694060333487,3,1,2,3,0,0,11,4,0.7243160000000002,0.1,0.915,2026-09-02T02:05:26Z,2026-09-02T10:04:04+00:00
Oxford United,League One,1496.3845703841525,1497.4691992689068,1498.9153711152458,1,1,0,0,1,0,2,2,0.5,0.03333333333333333,0.9716666666666667,2026-08-15T16:10:24Z,2026-08-15T16:10:29+00:00
Milton Keynes Dons,League One,1478.9890471766455,1490.7367301201957,1488.25231705645,4,2,2,0,3,1,4,6,0.42619999999999997,0.13333333333333333,0.8866666666666667,2026-09-12T17:56:47Z,2026-09-12T17:57:09+00:00
Reading,League One,1506.014568382165,1510.6078635438787,1495.4067048382863,4,3,1,2,0,2,12,7,0.49469288,0.13333333333333333,0.8866666666666667,2026-09-12T17:56:47Z,2026-09-12T17:57:09+00:00
Luton,League One,1540.7252347379049,1519.2414924701943,1521.4837422677103,2,1,1,2,0,0,6,3,0.6638000000000002,0.06666666666666667,0.9433333333333334,2026-09-03T02:09:08Z,2026-09-03T10:14:31+00:00
Plymouth Argyle,League One,1462.958784199912,1478.9998442796398,1483.9589399202725,3,1,2,0,1,2,2,6,0.34948399999999996,0.1,0.915,2026-09-02T02:05:26Z,2026-09-02T10:04:04+00:00
Stockport County FC,League One,1520.1800250154479,1496.925268251637,1523.2547567638114,4,1,3,2,0,2,10,7,0.47290711999999996,0.13333333333333333,0.8866666666666667,2026-09-12T17:56:47Z,2026-09-12T17:57:09+00:00
Grimsby Town,League Two,1525.211184052192,1513.9371833693185,1511.274000682873,4,1,3,1,3,0,7,6,0.54962312,0.13333333333333333,0.8866666666666667,2026-09-05T17:47:00Z,2026-09-05T17:47:27+00:00
Exeter City,League Two,1482.3080795628673,1500.380294220277,1481.9277853425904,4,2,2,1,1,2,3,3,0.42089288,0.13333333333333333,0.8866666666666667,2026-09-12T17:57:00Z,2026-09-12T17:57:09+00:00
Newport County,League Two,1517.8378433203857,1512.4864903242699,1505.3513529961158,2,2,0,1,1,0,4,1,0.5738000000000001,0.06666666666666667,0.9433333333333334,2026-09-12T17:57:00Z,2026-09-12T17:57:09+00:00
Rochdale,League Two,1455.8121274167418,1477.6509194177538,1478.161207998988,2,1,1,0,0,2,1,5,0.33619999999999994,0.06666666666666667,0.9433333333333334,2026-08-22T16:10:34Z,2026-08-22T16:10:50+00:00
Chesterfield FC,League Two,1482.223237226264,1484.706706983863,1497.516530242401,4,2,2,1,1,2,5,6,0.43709288,0.13333333333333333,0.8866666666666667,2026-09-05T17:47:00Z,2026-09-05T17:47:27+00:00
Fleetwood Town,League Two,1519.3576968701384,1502.8369230648775,1516.520773805261,4,2,2,1,3,0,3,2,0.54962312,0.13333333333333333,0.8866666666666667,2026-09-12T17:57:00Z,2026-09-12T17:57:09+00:00
Urawa Red Diamonds,J-League,1491.4337493891724,1484.9531217635754,1506.4806276255972,2,1,1,1,0,1,4,6,0.5162,0.06666666666666667,0.9433333333333334,2026-09-02T17:36:59Z,2026-09-02T19:02:45+00:00
Hiroshima Sanfrecce FC,J-League,1514.9200504003936,1504.4760151201178,1510.4440352802753,2,0,2,1,0,1,6,4,0.48380000000000006,0.06666666666666667,0.9433333333333334,2026-09-06T16:50:52Z,2026-09-06T16:51:09+00:00
York City,League Two,1499.597147454018,1506.2529723898663,1493.3441750641514,2,1,1,1,0,1,5,5,0.48380000000000006,0.06666666666666667,0.9433333333333334,2026-09-02T02:15:55Z,2026-09-02T10:04:04+00:00
Bristol Rovers,League Two,1509.4285599844638,1502.8285679953392,1506.5999919891249,2,0,2,1,0,1,4,3,0.5162,0.06666666666666667,0.9433333333333334,2026-08-29T18:58:24Z,2026-08-29T18:58:50+00:00
JEF United Chiba,J-League,1461.6498013724613,1473.1548609607228,1488.4949404117385,3,3,0,1,0,2,3,6,0.455684,0.1,0.915,2026-09-06T16:50:52Z,2026-09-06T16:51:09+00:00
FC Machida Zelvia,J-League,1559.308911423209,1517.7926734269627,1541.5162379962464,2,0,2,2,0,0,7,1,0.6638000000000002,0.06666666666666667,0.9433333333333334,2026-09-06T16:50:52Z,2026-09-06T16:51:09+00:00
Norwich City,Championship,1528.6298949145519,1514.8364816042465,1513.7934133103054,7,3,4,4,0,3,13,10,0.65465665208384,0.23333333333333334,0.8016666666666666,2026-09-10T02:08:36Z,2026-09-10T10:09:50+00:00
West Bromwich Albion,Championship,1538.1736031595362,1517.4553503653365,1520.7182527941998,2,1,1,2,0,0,3,1,0.6638000000000002,0.06666666666666667,0.9433333333333334,2026-09-05T17:47:08Z,2026-09-05T17:47:28+00:00
Nagoya Grampus,J-League,1446.0482185598994,1474.576252963269,1471.4719655966303,3,1,2,0,0,3,2,7,0.27568399999999993,0.1,0.915,2026-09-12T17:36:18Z,2026-09-12T17:57:09+00:00
Kasimpasa SK,Turkish Super Lig,1492.89374041224,1495.025618288568,1497.868122123672,2,2,0,0,2,0,3,3,0.5,0.06666666666666667,0.9433333333333334,2026-09-06T16:50:59Z,2026-09-06T16:51:09+00:00
Trabzonspor,Turkish Super Lig,1501.8711329790142,1512.8665758587342,1489.0045571202802,5,2,3,2,1,2,6,6,0.4463391200000001,0.16666666666666666,0.8583333333333334,2026-09-13T00:20:08Z,2026-09-13T10:44:24+00:00
Torku Konyaspor,Turkish Super Lig,1477.796070400226,1490.77382669616,1487.0222437040657,3,2,1,1,0,2,1,2,0.455684,0.1,0.915,2026-09-13T00:20:08Z,2026-09-13T10:44:24+00:00
Çaykur Rizespor,Turkish Super Lig,1543.9589792940524,1503.2227066160299,1540.7362726780225,4,1,3,3,0,1,5,3,0.6529071200000001,0.13333333333333333,0.8866666666666667,2026-09-12T17:56:45Z,2026-09-12T17:57:09+00:00
Club Brugge,Belgian Pro League,1530.7758931073267,1509.232767932198,1521.5431251751288,1,0,1,1,0,0,3,0,0.5900000000000001,0.03333333333333333,0.9716666666666667,2026-08-16T02:21:05Z,2026-08-16T06:19:28+00:00
Excelsior,Eredivisie,1507.1499418355993,1492.8788107043408,1514.2711311312585,2,1,1,1,0,1,4,2,0.5162,0.06666666666666667,0.9433333333333334,2026-09-06T02:19:53Z,2026-09-06T09:48:39+00:00
PSV Eindhoven,Eredivisie,1523.1654296158474,1506.9496288847542,1516.2158007310932,1,0,1,1,0,0,2,1,0.5900000000000001,0.03333333333333333,0.9716666666666667,2026-08-16T02:22:20Z,2026-08-16T06:19:28+00:00
Fortuna Sittard,Eredivisie,1517.003537591651,1511.9024763141556,1505.1010612774953,1,1,0,1,0,0,3,1,0.5900000000000001,0.03333333333333333,0.9716666666666667,2026-08-16T02:22:20Z,2026-08-16T06:19:28+00:00
SC Cambuur,Eredivisie,1482.996462408349,1494.8989387225047,1488.0975236858444,1,0,1,0,0,1,1,3,0.41,0.03333333333333333,0.9716666666666667,2026-08-16T02:22:20Z,2026-08-16T06:19:28+00:00
Oviedo,Segunda Division,1470.2654927364904,1479.1858449155432,1491.079647820947,3,3,0,0,2,1,0,1,0.42619999999999997,0.1,0.915,2026-09-06T16:50:55Z,2026-09-06T16:51:09+00:00
Granada CF,Segunda Division,1478.7000726273588,1492.1420208788577,1486.5580517485012,3,1,2,0,2,1,1,4,0.42619999999999997,0.1,0.915,2026-09-13T02:21:06Z,2026-09-13T10:44:24+00:00
Alverca,Primeira Liga,1494.0308555512518,1495.8215988858763,1498.2092566653755,2,2,0,0,2,0,3,3,0.5,0.06666666666666667,0.9433333333333334,2026-08-29T18:58:34Z,2026-08-29T18:58:51+00:00
CF Estrela,Primeira Liga,1499.495826854111,1498.2009069515389,1501.2949199025722,2,1,1,0,2,0,4,4,0.5,0.06666666666666667,0.9433333333333334,2026-09-05T17:47:05Z,2026-09-05T17:47:28+00:00
Académico de Viseu,Primeira Liga,1516.6580967235518,1502.0904747597792,1514.5676219637724,3,2,1,2,0,1,3,2,0.603284,0.1,0.915,2026-09-13T05:29:16Z,2026-09-13T10:44:25+00:00
Sevilla,La Liga,1506.3508496501856,1504.4455947551296,1501.9052548950556,3,3,0,2,0,1,4,4,0.576716,0.1,0.915,2026-09-12T02:33:48Z,2026-09-12T09:42:29+00:00
Rayo Vallecano,La Liga,1496.5931952267156,1503.989064812362,1492.6041304143537,3,2,1,1,1,1,5,5,0.5294840000000001,0.1,0.915,2026-09-06T02:24:49Z,2026-09-06T09:48:39+00:00
Alavés,La Liga,1578.120825785408,1553.49232708126,1524.628498704148,5,4,1,4,1,0,15,5,0.7650069584000001,0.16666666666666666,0.8583333333333334,2026-09-06T19:43:47Z,2026-09-06T19:44:02+00:00
Getafe,La Liga,1472.7167994071983,1495.476358802306,1477.2404406048927,5,3,2,1,2,2,3,6,0.44841616160000003,0.16666666666666666,0.8583333333333334,2026-09-14T04:01:55Z,2026-09-14T11:05:44+00:00
Atlas,Liga MX,1521.7247212380971,1515.2073048666678,1506.5174163714291,3,3,0,2,1,0,5,3,0.6343160000000001,0.1,0.915,2026-09-06T09:48:04Z,2026-09-06T09:48:39+00:00
Chapecoense,Brazil Serie A,1464.2114917951546,1474.9480442566082,1489.2634475385466,4,4,0,1,1,2,6,7,0.396716,0.13333333333333333,0.8866666666666667,2026-09-14T03:48:58Z,2026-09-14T11:05:44+00:00
Watford,Championship,1500.7679225205363,1510.8903341907942,1489.8775883297415,7,3,4,2,3,2,7,8,0.48304460042816005,0.23333333333333334,0.8016666666666666,2026-09-09T02:02:27Z,2026-09-09T10:15:19+00:00
Southampton,Championship,1543.7971846559699,1535.6477461531704,1508.1494385027993,5,3,2,3,1,1,13,6,0.6432481616000001,0.16666666666666666,0.8583333333333334,2026-09-02T02:03:06Z,2026-09-02T10:04:04+00:00
FC Midtjylland,Danish Superliga,1523.9417345024397,1504.824113771167,1519.1176207312726,5,2,3,1,4,0,8,6,0.560516,0.16666666666666666,0.8583333333333334,2026-09-07T19:28:54Z,2026-09-07T19:29:08+00:00
SK Beveren,Belgian Pro League,1542.3118678576704,1539.268567364973,1503.043300492697,5,4,1,4,0,1,9,4,0.7153838384000001,0.16666666666666666,0.8583333333333334,2026-09-12T17:56:46Z,2026-09-12T17:57:09+00:00
Anderlecht,Belgian Pro League,1522.3634230887656,1505.3059148761301,1517.0575082126359,4,1,3,2,1,1,2,1,0.61417688,0.13333333333333333,0.8866666666666667,2026-09-12T02:17:00Z,2026-09-12T09:42:29+00:00
Hammarby IF,Allsvenskan,1535.8222130516608,1510.7466639154982,1525.0755491361626,1,0,1,1,0,0,4,0,0.5900000000000001,0.03333333333333333,0.9716666666666667,2026-08-16T21:52:31Z,2026-08-17T06:28:45+00:00
Ajax,Eredivisie,1533.1477694302323,1508.6071955121422,1524.5405739180903,2,1,1,1,1,0,6,2,0.5900000000000001,0.06666666666666667,0.9433333333333334,2026-08-30T18:54:20Z,2026-08-30T18:54:33+00:00
Burnley,Championship,1463.4569350953575,1483.553713848649,1479.9032212467082,5,4,1,0,4,1,7,10,0.439484,0.16666666666666666,0.8583333333333334,2026-09-03T02:08:15Z,2026-09-03T10:14:31+00:00
West Ham United,Championship,1528.5915762320503,1515.647027076868,1512.9445491551826,4,1,3,1,3,0,9,7,0.5900000000000001,0.13333333333333333,0.8866666666666667,2026-09-02T02:03:06Z,2026-09-02T10:04:04+00:00
Espanyol,La Liga,1564.0029745265501,1535.3462294454841,1528.6567450810658,3,2,1,3,0,0,8,0,0.7243160000000002,0.1,0.915,2026-09-13T02:27:48Z,2026-09-14T11:05:44+00:00
Levante,La Liga,1514.6036156413193,1521.2321620197254,1493.371453621594,7,2,5,2,3,2,10,10,0.5494119336838401,0.23333333333333334,0.8016666666666666,2026-09-06T19:43:47Z,2026-09-06T19:44:02+00:00
Real Racing Club de Santander,La Liga,1477.9246231088434,1497.1490488123363,1480.775574296507,5,3,2,1,2,2,9,10,0.423284,0.16666666666666666,0.8583333333333334,2026-09-06T02:24:49Z,2026-09-06T09:48:39+00:00
Villarreal,La Liga,1498.0702603797804,1499.421078113934,1498.6491822658465,5,0,5,0,4,1,8,9,0.41,0.16666666666666666,0.8583333333333334,2026-08-29T02:48:43Z,2026-08-29T11:52:39+00:00
Lommel SK,Belgian Pro League,1477.1954479634535,1484.0368135744175,1493.158634389036,1,1,0,0,0,1,0,1,0.41,0.03333333333333333,0.9716666666666667,2026-08-17T00:44:50Z,2026-08-17T06:28:46+00:00
Basaksehir,Turkish Super Lig,1463.1833084884584,1486.5335519069506,1476.6497565815075,4,2,2,1,0,3,6,7,0.32530712,0.13333333333333333,0.8866666666666667,2026-09-05T00:24:22Z,2026-09-05T09:34:35+00:00
Kocaelispor,Turkish Super Lig,1545.3976360889535,1538.5797602989278,1506.8178757900257,5,4,1,4,0,1,5,2,0.7332481616000001,0.16666666666666666,0.8583333333333334,2026-09-06T19:43:47Z,2026-09-06T19:44:02+00:00
SD Eibar,Segunda Division,1536.1141725604607,1516.1732894846466,1519.9408830758139,4,3,1,3,0,1,6,3,0.67469288,0.13333333333333333,0.8866666666666667,2026-09-06T16:50:55Z,2026-09-06T16:51:09+00:00
Tenerife,Segunda Division,1516.5642454361189,1501.7071808249493,1514.8570646111696,3,2,1,2,0,1,4,2,0.5443160000000001,0.1,0.915,2026-08-29T02:19:58Z,2026-08-29T11:52:39+00:00
Deportivo La Coruña,La Liga,1520.0661206951581,1511.3631004599054,1508.7030202352526,4,2,2,1,3,0,6,4,0.5738000000000001,0.13333333333333333,0.8866666666666667,2026-09-14T04:01:55Z,2026-09-14T11:05:44+00:00
Elche CF,La Liga,1463.9756579000334,1479.8807956370206,1484.094862263013,3,1,2,0,1,2,5,7,0.33619999999999994,0.1,0.915,2026-09-08T02:56:53Z,2026-09-08T10:12:09+00:00
Samsunspor,Turkish Super Lig,1476.5341366493299,1491.51406914846,1485.02006750087,5,1,4,1,1,3,5,6,0.32530712,0.16666666666666666,0.8583333333333334,2026-09-06T19:43:47Z,2026-09-06T19:44:02+00:00
Goztepe,Turkish Super Lig,1507.3811880137,1502.21435640411,1505.16683160959,2,0,2,0,2,0,5,5,0.5,0.06666666666666667,0.9433333333333334,2026-09-13T00:20:08Z,2026-09-13T10:44:24+00:00
Amed SK,Turkish Super Lig,1523.0630765150115,1521.8031303778698,1501.2599461371415,4,2,2,2,1,1,7,5,0.56290712,0.13333333333333333,0.8866666666666667,2026-09-06T16:50:59Z,2026-09-06T16:51:09+00:00
Erzurum BB,Turkish Super Lig,1494.3353679749184,1504.6171878084776,1489.718180166441,2,1,1,1,0,1,1,3,0.5162,0.06666666666666667,0.9433333333333334,2026-09-05T17:47:00Z,2026-09-05T17:47:27+00:00
Boulogne,Ligue 2,1493.8722263903103,1495.7105584732171,1498.161667917093,2,2,0,0,2,0,2,2,0.5,0.06666666666666667,0.9433333333333334,2026-09-05T01:25:11Z,2026-09-05T09:34:35+00:00
Vicenza,Serie B,1495.7009958920885,1505.0841269212874,1490.6168689708009,3,1,2,1,1,1,5,7,0.48671600000000004,0.1,0.915,2026-09-06T16:50:55Z,2026-09-06T16:51:09+00:00
US Catanzaro 1929,Serie B,1484.0654296158473,1495.2196288847542,1488.8458007310933,1,0,1,0,0,1,2,3,0.41,0.03333333333333333,0.9716666666666667,2026-08-22T01:56:03Z,2026-08-22T06:19:04+00:00
Standard Liege,Belgian Pro League,1517.003537591651,1511.9024763141556,1505.1010612774953,1,1,0,1,0,0,2,0,0.5900000000000001,0.03333333333333333,0.9716666666666667,2026-08-22T02:03:36Z,2026-08-22T06:19:04+00:00
RAAL La Louvière,Belgian Pro League,1482.996462408349,1494.8989387225047,1488.0975236858444,1,0,1,0,0,1,0,2,0.41,0.03333333333333333,0.9716666666666667,2026-08-22T02:03:36Z,2026-08-22T06:19:04+00:00
Marseille,Ligue 1,1514.6443806439806,1522.9651115890115,1491.6792690549694,4,2,2,2,0,2,8,2,0.4463391200000001,0.13333333333333333,0.8866666666666667,2026-09-12T02:06:10Z,2026-09-12T09:42:29+00:00
Strasbourg,Ligue 1,1507.7700843806992,1509.0777567273665,1498.6923276533328,4,1,3,2,0,2,8,11,0.55366088,0.13333333333333333,0.8866666666666667,2026-09-06T16:50:52Z,2026-09-06T16:51:09+00:00
Real Betis,La Liga,1473.806877065829,1498.5158912734096,1475.2909857924192,3,1,2,1,0,2,5,10,0.396716,0.1,0.915,2026-08-29T18:58:29Z,2026-08-29T18:58:51+00:00
Real Sociedad,La Liga,1473.2521735066596,1478.338447875333,1494.9137256313263,4,2,2,1,1,2,3,6,0.43417688000000004,0.13333333333333333,0.8866666666666667,2026-09-14T04:01:55Z,2026-09-14T11:05:44+00:00
FC Juárez,Liga MX,1455.0205517358252,1468.5143862150776,1486.5061655207476,2,2,0,0,0,2,1,4,0.33619999999999994,0.06666666666666667,0.9433333333333334,2026-09-05T09:34:14Z,2026-09-05T09:34:35+00:00
León,Liga MX,1499.4082154199057,1506.3228687315611,1493.0853466883445,2,1,1,1,0,1,3,3,0.48380000000000006,0.06666666666666667,0.9433333333333334,2026-09-11T10:07:59Z,2026-09-11T10:08:15+00:00
Everton,Premier League,1518.9337272827545,1510.76947532133,1508.1642519614243,4,2,2,1,3,0,5,3,0.54962312,0.13333333333333333,0.8866666666666667,2026-09-13T02:21:09Z,2026-09-13T10:44:25+00:00
Crystal Palace,Premier League,1505.760794054206,1501.7282382162616,1504.032555837944,2,0,2,1,0,1,3,4,0.5162,0.06666666666666667,0.9433333333333334,2026-09-05T17:47:07Z,2026-09-05T17:47:28+00:00
Wycombe Wanderers,League One,1474.5813846367066,1482.2069692456946,1492.374415391012,2,2,0,0,1,1,2,3,0.41,0.06666666666666667,0.9433333333333334,2026-09-02T02:05:26Z,2026-09-02T10:04:04+00:00
Cambridge United,League One,1519.9713669648454,1512.3890757658169,1507.5822911990285,2,1,1,1,1,0,3,2,0.5900000000000001,0.06666666666666667,0.9433333333333334,2026-09-12T17:56:47Z,2026-09-12T17:57:09+00:00
Birmingham City,Championship,1542.7827243636593,1510.0045342030892,1532.77819016057,6,2,4,3,2,1,10,8,0.6439749584000001,0.2,0.83,2026-09-12T17:56:48Z,2026-09-12T17:57:09+00:00
Bristol City,Championship,1503.6154296158475,1501.0846288847542,1502.5308007310932,1,0,1,0,1,0,2,2,0.5,0.03333333333333333,0.9716666666666667,2026-08-22T16:10:34Z,2026-08-22T16:10:50+00:00
Millwall,Championship,1421.7258788396093,1460.7219961580515,1461.003882681558,5,3,2,1,0,4,5,14,0.2667518384,0.16666666666666666,0.8583333333333334,2026-09-12T17:56:48Z,2026-09-12T17:57:09+00:00
Queens Park Rangers,Championship,1492.8358619238954,1493.4229869332578,1499.4128749906376,4,3,1,1,2,1,2,2,0.48671600000000004,0.13333333333333333,0.8866666666666667,2026-09-10T02:08:36Z,2026-09-10T10:09:50+00:00
Bolton Wanderers,Championship,1503.6154296158475,1501.0846288847542,1502.5308007310932,1,0,1,0,1,0,0,0,0.5,0.03333333333333333,0.9716666666666667,2026-08-22T16:10:34Z,2026-08-22T16:10:50+00:00
Stoke City,Championship,1507.4500334815884,1518.3516743297662,1489.0983591518227,4,2,2,2,0,2,7,6,0.55366088,0.13333333333333333,0.8866666666666667,2026-09-05T17:47:08Z,2026-09-05T17:47:28+00:00
Blackburn Rovers,Championship,1493.4602808623242,1500.9975088704484,1492.4627719918758,5,3,2,2,1,2,7,6,0.49637495840000007,0.16666666666666666,0.8583333333333334,2026-09-12T17:56:48Z,2026-09-12T17:57:09+00:00
Middlesbrough,Championship,1514.389883390589,1504.3169650171767,1510.0729183734127,4,0,4,1,2,1,4,4,0.54037688,0.13333333333333333,0.8866666666666667,2026-09-05T17:47:08Z,2026-09-05T17:47:28+00:00
Derby County,Championship,1453.3070633989787,1467.3149443792852,1485.9921190196937,3,3,0,0,1,2,4,6,0.33619999999999994,0.1,0.915,2026-09-12T17:56:48Z,2026-09-12T17:57:09+00:00
Cardiff City,Championship,1471.2055291884908,1491.3616587565473,1479.8438704319437,3,0,3,0,1,2,3,6,0.33619999999999994,0.1,0.915,2026-09-05T17:47:08Z,2026-09-05T17:47:28+00:00
Shrewsbury Town,League Two,1491.656407745569,1494.1594854218984,1497.4969223236706,2,2,0,1,0,1,2,3,0.5162,0.06666666666666667,0.9433333333333334,2026-08-29T18:58:24Z,2026-08-29T18:58:50+00:00
Barnet,League Two,1529.4902807661945,1508.8470842298584,1520.6431965363363,3,0,3,1,2,0,7,5,0.560516,0.1,0.915,2026-09-05T17:47:00Z,2026-09-05T17:47:27+00:00
Preston North End,Championship,1462.382568397216,1485.7394271225799,1476.643141274636,4,2,2,1,0,3,4,7,0.37366088,0.13333333333333333,0.8866666666666667,2026-09-09T02:02:27Z,2026-09-09T10:15:19+00:00
Wolverhampton Wanderers,Championship,1528.0476029639774,1508.4142808891934,1519.633322074784,3,0,3,2,0,1,6,5,0.576716,0.1,0.915,2026-09-13T18:24:50Z,2026-09-13T18:25:06+00:00
Gillingham,League Two,1503.9772027739375,1501.1931608321813,1502.7840419417562,1,0,1,0,1,0,0,0,0.5,0.03333333333333333,0.9716666666666667,2026-08-22T16:10:34Z,2026-08-22T16:10:50+00:00
Wrexham AFC,Championship,1531.160656931054,1497.6928058268636,1533.4678511041907,5,3,2,2,2,1,9,4,0.603284,0.16666666666666666,0.8583333333333334,2026-09-03T02:08:15Z,2026-09-03T10:14:31+00:00
Salford City,League Two,1489.4692080843743,1493.722957373892,1495.746250710482,6,2,4,1,3,2,10,11,0.47556557571200003,0.2,0.83,2026-09-12T17:57:00Z,2026-09-12T17:57:09+00:00
Swindon Town,League Two,1525.7503076005717,1526.7346949916766,1499.0156126088948,4,3,1,3,0,1,8,6,0.6529071200000001,0.13333333333333333,0.8866666666666667,2026-09-02T02:15:55Z,2026-09-02T10:04:04+00:00
Cheltenham Town,League Two,1496.9713098656352,1504.253745059606,1492.7175648060297,3,2,1,1,1,1,6,6,0.5132840000000001,0.1,0.915,2026-09-05T17:47:00Z,2026-09-05T17:47:27+00:00
Crawley Town,League Two,1480.7771065592706,1484.0878798203346,1496.689226738936,3,1,2,1,0,2,4,6,0.396716,0.1,0.915,2026-09-05T17:47:00Z,2026-09-05T17:47:27+00:00
Accrington Stanley,League Two,1493.4912407528832,1502.345967866902,1491.1452728859815,4,3,1,1,2,1,7,8,0.54037688,0.13333333333333333,0.8866666666666667,2026-09-05T17:47:00Z,2026-09-05T17:47:27+00:00
Brentford,Premier League,1524.7087059165915,1515.995042001012,1508.7136639155794,2,1,1,1,1,0,4,1,0.5738000000000001,0.06666666666666667,0.9433333333333334,2026-08-30T18:54:15Z,2026-08-30T18:54:33+00:00
Tottenham Hotspur,Premier League,1475.6589753632982,1491.5437129803433,1484.1152623829548,2,1,1,0,1,1,0,3,0.42619999999999997,0.06666666666666667,0.9433333333333334,2026-09-13T02:21:09Z,2026-09-13T10:44:25+00:00
Dundee United,Scottish Premiership,1472.4043804900082,1480.683066343006,1491.7213141470024,2,2,0,0,1,1,1,3,0.42619999999999997,0.06666666666666667,0.9433333333333334,2026-09-05T17:47:02Z,2026-09-05T17:47:27+00:00
Dundee FC,Scottish Premiership,1520.7172326632717,1504.6142718839562,1516.1029607793155,2,1,1,1,1,0,3,1,0.5738000000000001,0.06666666666666667,0.9433333333333334,2026-09-03T02:02:23Z,2026-09-03T10:14:31+00:00
Hartberg,Austrian Bundesliga,1560.6083464728083,1524.3464113689388,1536.2619351038697,4,1,3,3,1,0,9,6,0.6839391200000002,0.13333333333333333,0.8866666666666667,2026-09-13T18:24:51Z,2026-09-13T18:25:06+00:00
Kalamata FC,Greek Super League,1476.8345703841526,1483.7841992689068,1493.0503711152458,1,1,0,0,0,1,2,3,0.41,0.03333333333333333,0.9716666666666667,2026-08-23T01:49:35Z,2026-08-23T06:21:05+00:00
Aris Thessaloniki,Greek Super League,1523.1654296158474,1506.9496288847542,1516.2158007310932,1,0,1,1,0,0,3,2,0.5900000000000001,0.03333333333333333,0.9716666666666667,2026-08-23T01:49:35Z,2026-08-23T06:21:05+00:00
Toulouse,Ligue 1,1457.160855795894,1468.4117011421004,1488.7491546537935,3,2,1,0,1,2,2,5,0.34948399999999996,0.1,0.915,2026-09-04T02:07:38Z,2026-09-04T10:04:26+00:00
Lyon,Ligue 1,1524.719477450835,1507.4158432352506,1517.3036342155845,1,0,1,1,0,0,2,0,0.5900000000000001,0.03333333333333333,0.9716666666666667,2026-08-23T02:10:09Z,2026-08-23T06:21:06+00:00
RC Lens,Ligue 1,1504.5892470321949,1509.9592043356931,1494.6300426965017,2,1,1,1,0,1,6,4,0.48380000000000006,0.06666666666666667,0.9433333333333334,2026-08-29T18:58:25Z,2026-08-29T18:58:51+00:00
Auxerre,Ligue 1,1478.5439244349134,1493.563177330474,1484.9807471044394,1,0,1,0,0,1,2,5,0.41,0.03333333333333333,0.9716666666666667,2026-08-23T02:10:09Z,2026-08-23T06:21:06+00:00
Troyes,Ligue 1,1459.0518210468017,1471.3362747327612,1487.7155463140405,2,2,0,0,1,1,2,6,0.41,0.06666666666666667,0.9433333333333334,2026-09-06T16:50:52Z,2026-09-06T16:51:09+00:00
Paris FC,Ligue 1,1524.9045356548706,1515.9870031120704,1508.9175325428002,2,1,1,1,1,0,3,0,0.5900000000000001,0.06666666666666667,0.9433333333333334,2026-08-30T18:54:20Z,2026-08-30T18:54:33+00:00
Royal Antwerp,Belgian Pro League,1496.0609822060678,1497.2426875442475,1498.8182946618203,1,1,0,0,1,0,4,4,0.5,0.03333333333333333,0.9716666666666667,2026-08-23T02:10:09Z,2026-08-23T06:21:06+00:00
FC Zwolle,Eredivisie,1505.7344122307977,1491.6379341367738,1514.0964780940237,4,1,3,1,2,1,7,7,0.48910712,0.13333333333333333,0.8866666666666667,2026-09-05T01:20:54Z,2026-09-05T09:34:35+00:00
Südtirol,Serie B,1525.8366916022705,1518.0856841215893,1507.7510074806812,3,3,0,2,1,0,3,1,0.6343160000000001,0.1,0.915,2026-09-12T17:56:48Z,2026-09-12T17:57:09+00:00
Virtus Entella,Serie B,1444.1122549880442,1473.1049162712034,1471.0073387168409,4,2,2,0,1,3,3,6,0.31606088,0.13333333333333333,0.8866666666666667,2026-09-06T16:50:55Z,2026-09-06T16:51:09+00:00
Avellino,Serie B,1499.8895110182502,1499.9226577127752,1499.966853305475,2,2,0,1,0,1,4,2,0.5162,0.06666666666666667,0.9433333333333334,2026-08-30T02:07:43Z,2026-08-30T10:49:37+00:00
Arezzo,Serie B,1499.7090601752432,1490.5301702763313,1509.1788898989118,2,1,1,1,0,1,4,4,0.48380000000000006,0.06666666666666667,0.9433333333333334,2026-08-31T02:25:23Z,2026-08-31T11:58:59+00:00
Empoli,Serie B,1498.679322034444,1505.977624763994,1492.7016972704498,2,1,1,1,0,1,2,3,0.48380000000000006,0.06666666666666667,0.9433333333333334,2026-08-31T02:25:23Z,2026-08-31T11:58:59+00:00
Cremonese,Serie B,1484.0654296158473,1495.2196288847542,1488.8458007310933,1,0,1,0,0,1,0,1,0.41,0.03333333333333333,0.9716666666666667,2026-08-23T02:36:16Z,2026-08-23T06:21:06+00:00
Albacete,Segunda Division,1480.2136328327706,1484.6815420735895,1495.532090759181,2,1,1,0,1,1,2,3,0.42619999999999997,0.06666666666666667,0.9433333333333334,2026-09-13T02:21:06Z,2026-09-13T10:44:24+00:00
CD Eldense,Segunda Division,1477.791293885131,1490.6103514161325,1487.1809424689984,3,2,1,0,2,1,2,3,0.42619999999999997,0.1,0.915,2026-09-06T04:58:50Z,2026-09-06T09:48:39+00:00
Cádiz CF,Segunda Division,1499.3374245931764,1498.0900253688844,1501.247399224292,2,1,1,0,2,0,3,3,0.5,0.06666666666666667,0.9433333333333334,2026-08-31T02:56:47Z,2026-08-31T11:58:59+00:00
Leganés,Segunda Division,1540.7979297921527,1518.3958246341867,1522.402105157966,3,1,2,2,1,0,2,0,0.6343160000000001,0.1,0.915,2026-09-05T02:04:04Z,2026-09-05T09:34:35+00:00
Santos Laguna,Liga MX,1478.3354097930494,1491.1009544864164,1487.234455306633,2,1,1,0,1,1,2,3,0.42619999999999997,0.06666666666666667,0.9433333333333334,2026-08-30T10:40:48Z,2026-08-30T10:49:37+00:00
ADO Den Haag,Eredivisie,1484.9069963753973,1495.4720989126192,1489.434897462778,1,0,1,0,0,1,1,3,0.41,0.03333333333333333,0.9716666666666667,2026-08-23T16:11:05Z,2026-08-23T16:11:26+00:00
Newcastle United,Premier League,1489.7005916213857,1492.79041413497,1496.9101774864157,3,3,0,0,3,0,6,6,0.5,0.1,0.915,2026-09-05T17:47:07Z,2026-09-05T17:47:28+00:00
Liverpool,Premier League,1506.9308626841319,1502.0792588052395,1504.8516038788923,2,0,2,0,2,0,4,4,0.5,0.06666666666666667,0.9433333333333334,2026-08-23T22:53:00Z,2026-08-24T06:32:30+00:00
Eyüpspor,Turkish Super Lig,1470.909007868831,1479.6363055081817,1491.2727023606492,3,3,0,1,0,2,2,4,0.423284,0.1,0.915,2026-09-12T17:56:45Z,2026-09-12T17:57:09+00:00
Gazişehir Gaziantep,Turkish Super Lig,1500.3482402065565,1490.9775962982505,1509.370643908306,2,1,1,1,0,1,2,2,0.48380000000000006,0.06666666666666667,0.9433333333333334,2026-08-30T03:00:53Z,2026-08-30T10:49:37+00:00
Alanyaspor,Turkish Super Lig,1495.2055463022434,1503.429188685193,1491.77635761705,3,2,1,1,1,1,4,4,0.48671600000000004,0.1,0.915,2026-09-13T00:20:08Z,2026-09-13T10:44:24+00:00
Besiktas JK,Turkish Super Lig,1507.7471355581883,1502.3241406674565,1505.422994890732,2,0,2,1,0,1,2,2,0.5162,0.06666666666666667,0.9433333333333334,2026-09-06T02:32:08Z,2026-09-06T09:48:39+00:00
Le Havre,Ligue 1,1435.056832867937,1454.5397830075558,1480.5170498603811,4,4,0,0,1,3,0,3,0.31606088,0.13333333333333333,0.8866666666666667,2026-09-13T02:10:51Z,2026-09-13T10:44:24+00:00
AS Monaco,Ligue 1,1563.812879119255,1519.1438637357764,1544.6690153834786,3,0,3,3,0,0,3,0,0.7243160000000002,0.1,0.915,2026-08-24T02:05:57Z,2026-08-24T06:32:30+00:00
Torino,Serie A,1476.8345703841526,1483.7841992689068,1493.0503711152458,1,1,0,0,0,1,1,2,0.41,0.03333333333333333,0.9716666666666667,2026-08-24T02:07:50Z,2026-08-24T06:32:30+00:00
AC Milan,Serie A,1536.6211957836479,1510.9863587350944,1525.6348370485532,5,0,5,1,4,0,9,8,0.5406909584,0.16666666666666666,0.8583333333333334,2026-09-13T18:30:04Z,2026-09-14T11:05:44+00:00
Venezia,Serie A,1450.7339484409733,1465.5137639086813,1485.220184532292,2,2,0,0,0,2,2,6,0.33619999999999994,0.06666666666666667,0.9433333333333334,2026-09-12T02:01:52Z,2026-09-12T09:42:29+00:00
Lecce,Serie A,1508.0152857263652,1508.6222864569322,1499.3929992694327,4,1,3,2,0,2,5,4,0.5053071200000001,0.13333333333333333,0.8866666666666667,2026-09-13T18:24:49Z,2026-09-13T18:25:06+00:00
Real Valladolid CF,Segunda Division,1502.365029258199,1506.6730052824678,1495.6920239757312,3,1,2,1,1,1,2,2,0.5294840000000001,0.1,0.915,2026-09-06T04:58:50Z,2026-09-06T09:48:39+00:00
Sporting Gijón,Segunda Division,1514.1915023200133,1500.4811900664813,1513.7103122535318,3,2,1,2,0,1,2,2,0.5443160000000001,0.1,0.915,2026-09-05T17:47:01Z,2026-09-05T17:47:27+00:00
Burgos CF,Segunda Division,1487.2402308510677,1496.1720692553204,1491.0681615957476,2,0,2,0,1,1,0,1,0.42619999999999997,0.06666666666666667,0.9433333333333334,2026-09-06T16:50:55Z,2026-09-06T16:51:09+00:00
Almería,Segunda Division,1484.5230781208966,1495.356923436269,1489.1661546846276,1,0,1,0,0,1,0,1,0.41,0.03333333333333333,0.9716666666666667,2026-08-24T02:42:38Z,2026-08-24T06:32:30+00:00
Atlético Madrid,La Liga,1526.5415157593861,1505.4112129058205,1521.1303028535658,5,2,3,2,2,1,10,8,0.576716,0.16666666666666666,0.8583333333333334,2026-09-14T04:01:55Z,2026-09-14T11:05:44+00:00
Annecy FC,Ligue 2,1528.355211861989,1508.5065635585966,1519.8486483033923,3,0,3,2,0,1,5,5,0.603284,0.1,0.915,2026-09-05T01:25:11Z,2026-09-05T09:34:35+00:00
AS Roma,Serie A,1524.9097323303006,1517.4368126312104,1507.4729196990902,1,1,0,1,0,0,4,0,0.5900000000000001,0.03333333333333333,0.9716666666666667,2026-08-25T02:11:36Z,2026-08-25T06:24:01+00:00
Fiorentina,Serie A,1499.636841777891,1499.8910525333672,1499.7457892445238,2,0,2,1,0,1,4,6,0.5162,0.06666666666666667,0.9433333333333334,2026-09-12T02:01:52Z,2026-09-12T09:42:29+00:00
Bologna,Serie A,1476.8345703841526,1483.7841992689068,1493.0503711152458,1,1,0,0,0,1,0,1,0.41,0.03333333333333333,0.9716666666666667,2026-08-25T02:11:36Z,2026-08-25T06:24:01+00:00
Lazio,Serie A,1550.089274727413,1516.9321730014583,1533.157101725955,6,4,2,3,3,0,10,7,0.6236806642880002,0.2,0.83,2026-09-13T18:30:04Z,2026-09-14T11:05:44+00:00
Fulham,Premier League,1454.0702387382958,1467.8491671168072,1486.2210716214888,2,2,0,0,0,2,4,6,0.33619999999999994,0.06666666666666667,0.9433333333333334,2026-09-05T17:47:07Z,2026-09-05T17:47:28+00:00
Chelsea,Premier League,1535.7863875015576,1522.6357798041809,1513.150607697376,4,2,2,3,0,1,12,10,0.5939391200000002,0.13333333333333333,0.8866666666666667,2026-09-06T17:50:45Z,2026-09-06T17:51:04+00:00
CA Osasuna,La Liga,1470.9717035036647,1485.7927280865335,1485.1789754171311,6,3,3,2,1,3,7,13,0.36599807840000004,0.2,0.83,2026-09-13T02:27:48Z,2026-09-14T11:05:44+00:00
Málaga,La Liga,1488.5874562847011,1492.011219399291,1496.5762368854103,3,3,0,0,3,0,1,1,0.5,0.1,0.915,2026-09-06T19:43:47Z,2026-09-06T19:44:02+00:00
Celta Fortuna,Segunda Division,1541.3928558423088,1519.219271789353,1522.1735840529557,2,1,1,2,0,0,6,2,0.6638000000000002,0.06666666666666667,0.9433333333333334,2026-09-06T04:58:50Z,2026-09-06T09:48:39+00:00
Andorra CF,Segunda Division,1445.3211428766392,1474.489711555316,1470.8314313213234,3,1,2,0,0,3,2,6,0.27568399999999993,0.1,0.915,2026-09-06T04:58:50Z,2026-09-06T09:48:39+00:00
Celta Vigo,La Liga,1484.3379375215384,1486.0357505145626,1498.302187006976,3,1,2,0,2,1,2,3,0.439484,0.1,0.915,2026-09-07T19:28:59Z,2026-09-07T19:29:08+00:00
Shimizu S Pulse,J-League,1475.0988005244806,1482.5691603671364,1492.5296401573441,2,2,0,0,1,1,1,2,0.42619999999999997,0.06666666666666667,0.9433333333333334,2026-09-02T17:36:59Z,2026-09-02T19:02:44+00:00
1. FC Köln,Bundesliga,1510.5831334915626,1507.4081934440937,1503.1749400474687,2,2,0,1,1,0,4,3,0.5738000000000001,0.06666666666666667,0.9433333333333334,2026-09-12T23:53:23Z,2026-09-13T10:44:24+00:00
TSG Hoffenheim,Bundesliga,1461.2434246568614,1479.2442254134642,1481.9991992433975,2,1,1,0,0,2,4,6,0.33619999999999994,0.06666666666666667,0.9433333333333334,2026-09-05T17:47:16Z,2026-09-05T17:47:28+00:00
KV Kortrijk,Belgian Pro League,1453.3802265578179,1467.3661585904724,1486.0140679673455,2,2,0,0,0,2,1,5,0.33619999999999994,0.06666666666666667,0.9433333333333334,2026-09-06T16:50:42Z,2026-09-06T16:51:09+00:00
Oldham Athletic,League Two,1507.6654946369204,1511.0091280623528,1496.6563665745675,3,1,2,1,1,1,4,3,0.47051600000000005,0.1,0.915,2026-09-05T17:47:00Z,2026-09-05T17:47:27+00:00
Rotherham United,League Two,1506.029208285217,1502.8859088235536,1503.1432994616637,5,4,1,1,4,0,13,12,0.5406909584,0.16666666666666666,0.8583333333333334,2026-09-12T17:57:00Z,2026-09-12T17:57:09+00:00
VfL Wolfsburg,2. Bundesliga,1541.4702382139053,1512.4410714641717,1529.0291667497338,3,0,3,2,0,1,10,5,0.5443160000000001,0.1,0.915,2026-09-13T01:54:25Z,2026-09-13T10:44:24+00:00
Charlton Athletic,Championship,1486.6696902291617,1500.6295594069209,1486.0401308222406,3,2,1,1,1,1,1,4,0.48671600000000004,0.1,0.915,2026-09-10T02:08:36Z,2026-09-10T10:09:50+00:00
Monza,Serie A,1465.2675213105335,1480.3140845468213,1484.9534367637123,3,1,2,0,1,2,5,7,0.34948399999999996,0.1,0.915,2026-09-13T18:24:49Z,2026-09-13T18:25:06+00:00
Udinese,Serie A,1501.005060962367,1491.4373708273179,1509.567690135049,2,1,1,1,0,1,4,4,0.48380000000000006,0.06666666666666667,0.9433333333333334,2026-09-08T02:10:53Z,2026-09-08T10:12:09+00:00
Stevenage,League One,1535.051388898864,1509.06924482332,1525.9821440755438,3,1,2,1,2,0,7,3,0.5900000000000001,0.1,0.915,2026-09-05T17:47:17Z,2026-09-05T17:47:28+00:00
Doncaster Rovers,League One,1496.5082323593665,1496.1095908052177,1500.398641554149,3,2,1,0,3,0,4,4,0.5,0.1,0.915,2026-09-02T02:05:26Z,2026-09-02T10:04:04+00:00
CS Maritimo,Primeira Liga,1485.4431662110821,1495.6329498633247,1489.8102163477574,1,0,1,0,0,1,1,2,0.41,0.03333333333333333,0.9716666666666667,2026-08-29T18:58:34Z,2026-08-29T18:58:51+00:00
Bournemouth,Premier League,1500.0431603246027,1498.682793949429,1501.3603663751737,2,1,1,0,2,0,3,3,0.5,0.06666666666666667,0.9433333333333334,2026-09-05T17:47:07Z,2026-09-05T17:47:28+00:00
Cesena FC,Serie B,1518.8264783497334,1504.178321076417,1514.6481572733164,2,1,1,1,1,0,3,2,0.5738000000000001,0.06666666666666667,0.9433333333333334,2026-09-06T16:50:55Z,2026-09-06T16:51:09+00:00
Brest,Ligue 1,1495.9977552124367,1497.1984286487057,1498.799326563731,1,1,0,0,1,0,2,2,0.5,0.03333333333333333,0.9716666666666667,2026-08-30T02:13:01Z,2026-08-30T10:49:37+00:00
SC Freiburg,Bundesliga,1562.703641416978,1534.9564295126127,1527.7472119043653,3,2,1,3,0,0,9,2,0.7243160000000002,0.1,0.915,2026-09-05T17:47:16Z,2026-09-05T17:47:28+00:00
Werder Bremen,Bundesliga,1482.6642750276033,1501.8697548498055,1480.7945201777977,4,1,3,1,1,2,6,10,0.46366088,0.13333333333333333,0.8866666666666667,2026-09-12T23:53:23Z,2026-09-13T10:44:24+00:00
Wimbledon,League One,1474.9875734648629,1498.87010019312,1476.117473271743,3,1,2,1,0,2,3,8,0.396716,0.1,0.915,2026-09-03T02:09:08Z,2026-09-03T10:14:31+00:00
Wigan Athletic,League One,1465.4496511538898,1482.1885839613838,1483.2610671925058,3,2,1,1,0,2,3,6,0.423284,0.1,0.915,2026-09-05T17:47:17Z,2026-09-05T17:47:28+00:00
Leeds United,Premier League,1499.8944618736068,1498.66728642148,1501.2271754521266,2,1,1,0,2,0,2,2,0.5,0.06666666666666667,0.9433333333333334,2026-09-05T17:47:07Z,2026-09-05T17:47:28+00:00
Brighton and Hove Albion,Premier League,1467.1032488906035,1488.8721377771367,1478.2311111134675,3,1,2,0,1,2,7,9,0.36568399999999995,0.1,0.915,2026-09-05T17:47:07Z,2026-09-05T17:47:28+00:00
FC Vaduz,Swiss Super League,1520.4456941558544,1520.8686119176475,1499.577082238207,3,2,1,2,0,1,9,5,0.576716,0.1,0.915,2026-09-06T04:36:28Z,2026-09-06T09:48:39+00:00
Nice,Ligue 1,1478.7108939609768,1493.613268188293,1485.0976257726838,1,0,1,0,0,1,0,3,0.41,0.03333333333333333,0.9716666666666667,2026-08-30T18:54:20Z,2026-08-30T18:54:33+00:00
1. FC Kaiserslautern,2. Bundesliga,1542.7410739767663,1520.8246902953504,1521.916383681416,2,1,1,2,0,0,5,1,0.6638000000000002,0.06666666666666667,0.9433333333333334,2026-09-05T17:47:10Z,2026-09-05T17:47:28+00:00
Genoa,Serie A,1484.4980361072708,1495.3494108321813,1489.1486252750897,1,0,1,0,0,1,0,1,0.41,0.03333333333333333,0.9716666666666667,2026-08-31T02:11:57Z,2026-08-31T11:58:59+00:00
Mantova,Serie B,1520.9293044209664,1513.1808906661734,1507.748413754793,2,1,1,1,1,0,4,2,0.5738000000000001,0.06666666666666667,0.9433333333333334,2026-09-06T16:50:55Z,2026-09-06T16:51:09+00:00
Palermo,Serie B,1523.4563694406042,1507.0369108321813,1516.419458608423,1,0,1,1,0,0,3,2,0.5900000000000001,0.03333333333333333,0.9716666666666667,2026-08-31T02:25:23Z,2026-08-31T11:58:59+00:00
Valencia,La Liga,1467.559829130923,1490.2679487392768,1477.2918803916461,2,0,2,0,0,2,1,4,0.33619999999999994,0.06666666666666667,0.9433333333333334,2026-09-12T02:33:48Z,2026-09-12T09:42:29+00:00
Augsburg,Bundesliga,1552.1519255415537,1524.2280078885008,1527.923917653053,2,1,1,2,0,0,7,1,0.6638000000000002,0.06666666666666667,0.9433333333333334,2026-09-06T17:50:42Z,2026-09-06T17:51:04+00:00
FC Schalke 04,Bundesliga,1527.34541866095,1508.203625598285,1519.1417930626649,3,0,3,2,0,1,6,5,0.603284,0.1,0.915,2026-09-12T02:00:51Z,2026-09-12T09:42:29+00:00
Remo,Brazil Serie A,1476.2454157347902,1483.371791014353,1492.873624720437,1,1,0,0,0,1,2,3,0.41,0.03333333333333333,0.9716666666666667,2026-09-01T06:28:42Z,2026-09-01T10:39:14+00:00
Lincoln City,Championship,1496.6571617076809,1497.6600131953767,1498.9971485123042,1,1,0,0,1,0,0,0,0.5,0.03333333333333333,0.9716666666666667,2026-09-02T02:03:06Z,2026-09-02T10:04:04+00:00
Swansea City,Championship,1517.2817862741824,1512.0972503919277,1505.1845358822547,1,1,0,1,0,0,2,0,0.5900000000000001,0.03333333333333333,0.9716666666666667,2026-09-02T02:03:06Z,2026-09-02T10:04:04+00:00
Port Vale,League Two,1468.7257327248576,1497.0085301900663,1471.7172025347916,4,1,3,1,0,3,3,7,0.40606087999999996,0.13333333333333333,0.8866666666666667,2026-09-12T17:57:00Z,2026-09-12T17:57:09+00:00
Tranmere Rovers,League Two,1514.220624317498,1509.9544370222486,1504.2661872952494,2,2,0,1,1,0,4,2,0.5900000000000001,0.06666666666666667,0.9433333333333334,2026-09-05T17:47:00Z,2026-09-05T17:47:27+00:00
FC Tokyo,J-League,1526.8944354301668,1508.06833062905,1518.8261048011168,2,0,2,1,1,0,3,1,0.5900000000000001,0.06666666666666667,0.9433333333333334,2026-09-12T17:36:18Z,2026-09-12T17:57:09+00:00
Mito HollyHock,J-League,1519.7874579026432,1513.2409844600363,1506.546473442607,2,1,1,1,1,0,5,3,0.5738000000000001,0.06666666666666667,0.9433333333333334,2026-09-05T17:29:50Z,2026-09-05T17:47:27+00:00
Gamba Osaka,J-League,1460.0555510245615,1478.3615108284396,1481.694040196122,3,1,2,0,1,2,2,6,0.33619999999999994,0.1,0.915,2026-09-12T17:36:18Z,2026-09-12T17:57:09+00:00
Sint Truiden,Belgian Pro League,1456.1234027450093,1475.0210485773707,1481.1023541676386,2,1,1,0,0,2,0,5,0.33619999999999994,0.06666666666666667,0.9433333333333334,2026-09-12T17:56:46Z,2026-09-12T17:57:09+00:00
St Johnstone,Scottish Premiership,1519.7544463579547,1512.227214535543,1507.5272318224117,2,1,1,1,1,0,3,2,0.5900000000000001,0.06666666666666667,0.9433333333333334,2026-09-06T16:50:51Z,2026-09-06T16:51:09+00:00
Burton Albion,League One,1540.9469969192899,1528.6628978435028,1512.2840990757868,2,2,0,2,0,0,8,2,0.6638000000000002,0.06666666666666667,0.9433333333333334,2026-09-03T02:09:08Z,2026-09-03T10:14:31+00:00
Mansfield Town,League One,1440.8559656292755,1481.1937259189772,1459.6622397102985,4,1,3,0,1,3,0,7,0.31606088,0.13333333333333333,0.8866666666666667,2026-09-12T17:56:47Z,2026-09-12T17:57:09+00:00
Blackpool,League One,1467.445691869929,1490.2337075609787,1477.2119843089504,2,0,2,0,0,2,2,5,0.33619999999999994,0.06666666666666667,0.9433333333333334,2026-09-05T17:47:17Z,2026-09-05T17:47:28+00:00
Lille,Ligue 1,1522.1219115408344,1506.6365734622502,1515.4853380785842,1,0,1,1,0,0,1,0,0.5900000000000001,0.03333333333333333,0.9716666666666667,2026-09-04T02:07:38Z,2026-09-04T10:04:26+00:00
Galatasaray,Turkish Super Lig,1523.0571391906178,1506.9171417571854,1516.1399974334324,1,0,1,1,0,0,3,2,0.5900000000000001,0.03333333333333333,0.9716666666666667,2026-09-05T00:24:22Z,2026-09-05T09:34:35+00:00
Sparta Rotterdam,Eredivisie,1494.1603462373141,1495.91224236612,1498.2481038711942,2,2,0,0,2,0,4,4,0.5,0.06666666666666667,0.9433333333333334,2026-09-05T01:20:54Z,2026-09-05T09:34:35+00:00
Pau FC,Ligue 2,1496.0755227077018,1497.2528658953913,1498.8226568123105,1,1,0,0,1,0,1,1,0.5,0.03333333333333333,0.9716666666666667,2026-09-05T01:25:11Z,2026-09-05T09:34:35+00:00
Las Palmas,Segunda Division,1497.5374608616414,1498.276222603149,1499.2612382584925,1,1,0,0,1,0,0,0,0.5,0.03333333333333333,0.9716666666666667,2026-09-05T02:04:04Z,2026-09-05T09:34:35+00:00
Feyenoord,Eredivisie,1524.132136485524,1507.2396409456571,1516.8924955398668,1,0,1,1,0,0,3,1,0.5900000000000001,0.03333333333333333,0.9716666666666667,2026-09-05T17:47:00Z,2026-09-05T17:47:27+00:00
Athletic Bilbao,La Liga,1522.5175849061059,1515.7623094342741,1506.7552754718317,1,1,0,1,0,0,3,0,0.5900000000000001,0.03333333333333333,0.9716666666666667,2026-09-05T17:47:00Z,2026-09-05T17:47:27+00:00
Girona FC,Segunda Division,1525.375221957959,1507.6125665873876,1517.7626553705713,1,0,1,1,0,0,2,0,0.5900000000000001,0.03333333333333333,0.9716666666666667,2026-09-05T17:47:01Z,2026-09-05T17:47:27+00:00
Sheffield United,Championship,1453.6783020755877,1458.0184668044021,1495.6598352711853,4,3,1,1,0,3,4,8,0.37366088,0.13333333333333333,0.8866666666666667,2026-09-13T18:24:50Z,2026-09-13T18:25:06+00:00
Portsmouth,Championship,1516.3170001623077,1511.4219001136153,1504.8951000486923,1,1,0,1,0,0,2,0,0.5900000000000001,0.03333333333333333,0.9716666666666667,2026-09-05T17:47:08Z,2026-09-05T17:47:28+00:00
Ascoli,Serie B,1515.9345703841527,1511.1541992689067,1504.7803711152458,1,1,0,1,0,0,1,0,0.5900000000000001,0.03333333333333333,0.9716666666666667,2026-09-05T17:47:10Z,2026-09-05T17:47:28+00:00
Benevento,Serie B,1484.0654296158473,1495.2196288847542,1488.8458007310933,1,0,1,0,0,1,0,1,0.41,0.03333333333333333,0.9716666666666667,2026-09-05T17:47:10Z,2026-09-05T17:47:28+00:00
RB Leipzig,Bundesliga,1482.323819146189,1494.6971457438567,1487.6266734023322,1,0,1,0,0,1,1,3,0.41,0.03333333333333333,0.9716666666666667,2026-09-05T17:47:16Z,2026-09-05T17:47:28+00:00
SC Paderborn,Bundesliga,1477.65970130182,1484.361790911274,1493.297910390546,1,1,0,0,0,1,0,1,0.41,0.03333333333333333,0.9716666666666667,2026-09-05T17:47:16Z,2026-09-05T17:47:28+00:00
Borussia Dortmund,Bundesliga,1522.8220049589859,1506.8466014876958,1515.97540347129,1,0,1,1,0,0,3,2,0.5900000000000001,0.03333333333333333,0.9716666666666667,2026-09-05T17:47:16Z,2026-09-05T17:47:28+00:00
Fenerbahce,Turkish Super Lig,1476.318294057659,1483.4228058403612,1492.8954882172977,1,1,0,0,0,1,1,2,0.41,0.03333333333333333,0.9716666666666667,2026-09-06T02:32:08Z,2026-09-06T09:48:39+00:00
AD Ceuta FC,Segunda Division,1475.6106817493421,1482.9274772245396,1492.6832045248027,1,1,0,0,0,1,0,2,0.41,0.03333333333333333,0.9716666666666667,2026-09-06T04:58:50Z,2026-09-06T09:48:39+00:00
Mallorca,Segunda Division,1503.2021622576692,1500.9606486773007,1502.2415135803685,1,0,1,0,1,0,0,0,0.5,0.03333333333333333,0.9716666666666667,2026-09-06T04:58:50Z,2026-09-06T09:48:39+00:00
Manchester United,Premier League,1481.1291671354343,1485.0783590946476,1496.050808040787,2,1,1,0,1,1,2,3,0.41,0.06666666666666667,0.9433333333333334,2026-09-13T18:24:46Z,2026-09-13T18:25:06+00:00
Parma,Serie A,1496.0227972260625,1497.2159580582438,1498.8068391678187,1,1,0,0,1,0,1,1,0.5,0.03333333333333333,0.9716666666666667,2026-09-06T16:50:43Z,2026-09-06T16:51:09+00:00
Groningen,Eredivisie,1495.7974607243257,1497.058222507028,1498.7392382172977,1,1,0,0,1,0,2,2,0.5,0.03333333333333333,0.9716666666666667,2026-09-06T16:50:49Z,2026-09-06T16:51:09+00:00
AZ Alkmaar,Eredivisie,1522.5861417158053,1506.7758425147415,1515.8102992010638,1,0,1,1,0,0,3,2,0.5900000000000001,0.03333333333333333,0.9716666666666667,2026-09-06T16:50:49Z,2026-09-06T16:51:09+00:00
Hamburger SV,Bundesliga,1459.6842687326944,1471.778988112886,1487.9052806198083,1,1,0,0,0,1,0,5,0.41,0.03333333333333333,0.9716666666666667,2026-09-06T16:50:51Z,2026-09-06T16:51:09+00:00
FSV Mainz 05,Bundesliga,1514.804129958182,1494.2365984638052,1520.567531494377,2,1,1,1,0,1,6,3,0.48380000000000006,0.06666666666666667,0.9433333333333334,2026-09-12T17:56:46Z,2026-09-12T17:57:09+00:00
Juve Stabia,Serie B,1468.8074923670588,1478.1652446569412,1490.6422477101178,1,1,0,0,0,1,0,3,0.41,0.03333333333333333,0.9716666666666667,2026-09-06T16:50:55Z,2026-09-06T16:51:09+00:00
Pisa,Serie B,1531.1925076329412,1509.3577522898822,1521.8347553430588,1,0,1,1,0,0,3,0,0.5900000000000001,0.03333333333333333,0.9716666666666667,2026-09-06T16:50:55Z,2026-09-06T16:51:09+00:00
Eintracht Frankfurt,Bundesliga,1494.8157513326564,1486.16638540921,1508.6493659234463,2,1,1,1,0,1,4,5,0.5162,0.06666666666666667,0.9433333333333334,2026-09-12T17:56:46Z,2026-09-12T17:57:09+00:00
Arsenal,Premier League,1517.1287009985747,1511.9900906990024,1505.1386102995725,1,1,0,1,0,0,2,1,0.5900000000000001,0.03333333333333333,0.9716666666666667,2026-09-06T17:50:45Z,2026-09-06T17:51:04+00:00
OFI Crete,Greek Super League,1517.003537591651,1511.9024763141556,1505.1010612774953,1,1,0,1,0,0,2,0,0.5900000000000001,0.03333333333333333,0.9716666666666667,2026-09-06T19:43:47Z,2026-09-06T19:44:02+00:00
AE Kifisia FC,Greek Super League,1482.996462408349,1494.8989387225047,1488.0975236858444,1,0,1,0,0,1,0,2,0.41,0.03333333333333333,0.9716666666666667,2026-09-06T19:43:47Z,2026-09-06T19:44:02+00:00
Panathinaikos,Greek Super League,1517.003537591651,1511.9024763141556,1505.1010612774953,1,1,0,1,0,0,3,1,0.5900000000000001,0.03333333333333333,0.9716666666666667,2026-09-07T01:51:41Z,2026-09-07T10:53:01+00:00
PAOK Thessaloniki,Greek Super League,1482.996462408349,1494.8989387225047,1488.0975236858444,1,0,1,0,0,1,1,3,0.41,0.03333333333333333,0.9716666666666667,2026-09-07T01:51:41Z,2026-09-07T10:53:01+00:00
Juventus,Serie A,1497.2827212668435,1498.0979048867905,1499.184816380053,1,1,0,0,1,0,1,1,0.5,0.03333333333333333,0.9716666666666667,2026-09-07T02:10:20Z,2026-09-07T10:53:01+00:00
Cagliari,Serie A,1532.2484435720264,1522.5739105004186,1509.674533071608,2,2,0,2,0,0,2,0,0.6638000000000002,0.06666666666666667,0.9433333333333334,2026-09-07T19:28:41Z,2026-09-07T19:29:08+00:00
Asteras Tripolis,Greek Super League,1475.280522549165,1482.6963657844155,1492.5841567647494,1,1,0,0,0,1,0,2,0.41,0.03333333333333333,0.9716666666666667,2026-09-07T19:28:43Z,2026-09-07T19:29:08+00:00
Iraklis FC,Greek Super League,1524.719477450835,1507.4158432352506,1517.3036342155845,1,0,1,1,0,0,2,0,0.5900000000000001,0.03333333333333333,0.9716666666666667,2026-09-07T19:28:43Z,2026-09-07T19:29:08+00:00
Sabadell FC,Segunda Division,1515.9345703841527,1511.1541992689067,1504.7803711152458,1,1,0,1,0,0,3,2,0.5900000000000001,0.03333333333333333,0.9716666666666667,2026-09-08T02:03:35Z,2026-09-08T10:12:09+00:00
Córdoba,Segunda Division,1484.0654296158473,1495.2196288847542,1488.8458007310933,1,0,1,0,0,1,2,3,0.41,0.03333333333333333,0.9716666666666667,2026-09-08T02:03:35Z,2026-09-08T10:12:09+00:00
Club Brugge,UEFA Champions League,1455.6122219806487,1468.928555386454,1486.6836665941946,2,2,0,0,0,2,4,6,0.33619999999999994,0.06666666666666667,0.9433333333333334,2026-09-08T19:05:07Z,2026-09-08T19:05:22+00:00
Aston Villa,UEFA Champions League,1544.3877780193513,1513.3163334058054,1531.071444613546,2,0,2,2,0,0,6,4,0.6638000000000002,0.06666666666666667,0.9433333333333334,2026-09-08T19:05:07Z,2026-09-08T19:05:22+00:00
Lille,UEFA Champions League,1476.8345703841526,1483.7841992689068,1493.0503711152458,1,1,0,0,0,1,2,3,0.41,0.03333333333333333,0.9716666666666667,2026-09-09T02:27:04Z,2026-09-09T10:15:19+00:00
Real Betis,UEFA Champions League,1523.1654296158474,1506.9496288847542,1516.2158007310932,1,0,1,1,0,0,3,2,0.5900000000000001,0.03333333333333333,0.9716666666666667,2026-09-09T02:27:04Z,2026-09-09T10:15:19+00:00
Sporting Lisbon,UEFA Champions League,1532.3711209495,1522.65978466465,1509.71133628485,2,2,0,2,0,0,6,2,0.6638000000000002,0.06666666666666667,0.9433333333333334,2026-09-10T02:26:35Z,2026-09-10T10:09:50+00:00
Galatasaray,UEFA Champions League,1467.6288790505,1490.28866371515,1477.34021533535,2,0,2,0,0,2,2,6,0.33619999999999994,0.06666666666666667,0.9433333333333334,2026-09-10T02:26:35Z,2026-09-10T10:09:50+00:00
Fenerbahce,UEFA Champions League,1493.0691373158681,1495.1483961211077,1497.9207411947605,2,2,0,0,2,0,2,2,0.5,0.06666666666666667,0.9433333333333334,2026-09-10T18:46:22Z,2026-09-10T18:46:42+00:00
AS Roma,UEFA Champions League,1506.9308626841319,1502.0792588052395,1504.8516038788923,2,0,2,0,2,0,2,2,0.5,0.06666666666666667,0.9433333333333334,2026-09-10T18:46:22Z,2026-09-10T18:46:42+00:00
Slavia Praha,UEFA Champions League,1476.8345703841526,1483.7841992689068,1493.0503711152458,1,1,0,0,0,1,2,3,0.41,0.03333333333333333,0.9716666666666667,2026-09-11T02:27:01Z,2026-09-11T10:08:15+00:00
RC Lens,UEFA Champions League,1523.1654296158474,1506.9496288847542,1516.2158007310932,1,0,1,1,0,0,3,2,0.5900000000000001,0.03333333333333333,0.9716666666666667,2026-09-11T02:27:01Z,2026-09-11T10:08:15+00:00
Como,UEFA Champions League,1521.4560755650866,1515.0192528955606,1506.436822669526,1,1,0,1,0,0,4,1,0.5900000000000001,0.03333333333333333,0.9716666666666667,2026-09-11T02:27:01Z,2026-09-11T10:08:15+00:00
RB Leipzig,UEFA Champions League,1478.5439244349134,1493.563177330474,1484.9807471044394,1,0,1,0,0,1,1,4,0.41,0.03333333333333333,0.9716666666666667,2026-09-11T02:27:01Z,2026-09-11T10:08:15+00:00
Union Berlin,Bundesliga,1451.1985057739635,1465.8389540417745,1485.359551732189,2,2,0,0,0,2,2,6,0.33619999999999994,0.06666666666666667,0.9433333333333334,2026-09-12T02:00:51Z,2026-09-12T09:42:29+00:00
Rennes,Ligue 1,1531.7851128455627,1522.2495789918937,1509.5355338536688,2,2,0,2,0,0,2,0,0.6638000000000002,0.06666666666666667,0.9433333333333334,2026-09-12T02:06:10Z,2026-09-12T09:42:29+00:00
Huddersfield Town,League One,1502.6576594245141,1500.7972978273542,1501.86036159716,1,0,1,0,1,0,0,0,0.5,0.03333333333333333,0.9716666666666667,2026-09-12T17:56:47Z,2026-09-12T17:57:09+00:00
Modena,Serie B,1504.7291528466606,1501.4187458539982,1503.3104069926624,1,0,1,0,1,0,1,1,0.5,0.03333333333333333,0.9716666666666667,2026-09-12T17:56:48Z,2026-09-12T17:57:09+00:00
Aston Villa,Premier League,1476.8345703841526,1483.7841992689068,1493.0503711152458,1,1,0,0,0,1,1,2,0.41,0.03333333333333333,0.9716666666666667,2026-09-12T17:56:49Z,2026-09-12T17:57:09+00:00
Nottingham Forest,Premier League,1523.1654296158474,1506.9496288847542,1516.2158007310932,1,0,1,1,0,0,2,1,0.5900000000000001,0.03333333333333333,0.9716666666666667,2026-09-12T17:56:49Z,2026-09-12T17:57:09+00:00
Angers,Ligue 1,1501.130288012808,1500.3390864038424,1500.7912016089656,1,0,1,0,1,0,0,0,0.5,0.03333333333333333,0.9716666666666667,2026-09-13T02:10:51Z,2026-09-13T10:44:24+00:00
Manchester City,Premier League,1523.1509776149571,1506.9452932844872,1516.20568433047,1,0,1,1,0,0,1,0,0.5900000000000001,0.03333333333333333,0.9716666666666667,2026-09-13T18:24:46Z,2026-09-13T18:25:06+00:00
