id,created_at,settled_at,sport_key,league,event,selection,bookmaker,commence_time,odds,market_home_probability,market_draw_probability,market_away_probability,market_selection_probability,market_overround,bookmaker_count,xg_home,xg_away,xg_total,xg_difference,xg_home_reliability,xg_away_reliability,elo_home_probability,elo_draw_probability,elo_away_probability,elo_selection_probability,elo_difference,elo_home_reliability,elo_away_reliability,form_home_probability,form_draw_probability,form_away_probability,form_selection_probability,form_difference,form_home_reliability,form_away_reliability,dixon_home_probability,dixon_draw_probability,dixon_away_probability,dixon_selection_probability,dixon_rho,dixon_draw_adjustment,over_25_probability,under_25_probability,btts_yes_probability,btts_no_probability,model_consensus_probability,model_dispersion,consensus_safety,competition_importance,is_international,is_knockout,is_qualification,season_stage,context_reliability,market_model_gap,raw_edge,home_advantage_elo,home_advantage_xg,league_weight,bookmaker_weight,sport_weight,confidence_input,reliability_input,result,source_hash
1,2026-07-11T19:31:59+00:00,,soccer_epl,Premier League,Newcastle United vs Liverpool,Newcastle United,Betfair,2026-08-23T15:30:00Z,3.1,0.3281221821907373,0.24564524418580463,0.4262325736234581,0.3281221821907373,0.009316094205737535,20.0,1.4766869375,1.2897955607476634,2.7664824982476635,0.18689137675233658,0.0,0.0,0.40335862001574185,0.2672158303906449,0.32942554959361336,0.40335862001574185,65.0,0.0,0.0,0.36203522504892366,0.2759295499021527,0.36203522504892366,0.36203522504892366,0.0,0.0,0.0,0.4063152695074333,0.2724630250962993,0.3212217053962674,0.4063152695074333,-0.08,0.01916291051298319,0.5225182876855085,0.47748171231449155,0.5687439743880386,0.4312560256119614,0.3589247198006063,0.020212996602977897,0.0,0.0,0.0,0.0,0.0,0.0,0.0,0.030802537609869007,0.1126666313818796,65.0,1.07,1.0,0.9667,1.0,0.9347029630881976,0.0,OPEN,42d2cccca41ca195f04c0c05
21,2026-07-11T19:32:00+00:00,,soccer_epl,Premier League,Fulham vs Chelsea,Fulham,William Hill,2026-08-24T19:00:00Z,3.25,0.30641421515743034,0.2589885683987087,0.4345972164438609,0.30641421515743034,0.0018846851877705184,20.0,1.4766869375,1.2897955607476634,2.7664824982476635,0.18689137675233658,0.0,0.0,0.40335862001574185,0.2672158303906449,0.32942554959361336,0.40335862001574185,65.0,0.0,0.0,0.36203522504892366,0.2759295499021527,0.36203522504892366,0.36203522504892366,0.0,0.0,0.0,0.4063152695074333,0.2724630250962993,0.3212217053962674,0.4063152695074333,-0.08,0.01916291051298319,0.5225182876855085,0.47748171231449155,0.5687439743880386,0.4312560256119614,0.3469853379322875,0.020212996602977897,0.0,0.0,0.0,0.0,0.0,0.0,0.0,0.04057112277485714,0.1277023482799342,65.0,1.07,1.0,1.0039,1.0,0.9384186675971811,0.0,OPEN,9fa579fb56092b59d965f941
41,2026-07-11T19:32:02+00:00,,soccer_spain_la_liga,La Liga,Celta Vigo vs CA Osasuna,CA Osasuna,Betfair,2026-08-16T19:00:00Z,4.1,0.46224996772872756,0.28261154481330475,0.25513848745796763,0.25513848745796763,0.0,15.0,1.4849674250000002,1.2826033921933084,2.7675708171933087,0.2023640328066918,0.0,0.0,0.40536592236190494,0.2666408941279083,0.3279931835101868,0.3279931835101868,68.0,0.0,0.0,0.36203522504892366,0.2759295499021527,0.36203522504892366,0.36203522504892366,0.0,0.0,0.0,0.40996652394640876,0.2721666650393462,0.317866811014245,0.317866811014245,-0.08,0.01914206687282688,0.5227801260433966,0.47721987395660337,0.5685612121324471,0.43143878786755285,0.2887084506083657,0.018892246529522955,0.0,0.0,0.0,0.0,0.0,0.0,0.0,0.03356996315039806,0.18370464749429916,68.0,1.076,1.0,0.9667,1.0,0.9433232604114311,0.0,OPEN,420046dc16fe0eec6c36006b
56,2026-07-11T19:32:03+00:00,,soccer_spain_la_liga,La Liga,Espanyol vs Levante,Levante,Betfair,2026-08-16T19:00:00Z,4.2,0.47230989686625174,0.28091738592658333,0.24677271720716495,0.24677271720716495,0.0016420361247946325,15.0,1.4849674250000002,1.2826033921933084,2.7675708171933087,0.2023640328066918,0.0,0.0,0.40536592236190494,0.2666408941279083,0.3279931835101868,0.3279931835101868,68.0,0.0,0.0,0.36203522504892366,0.2759295499021527,0.36203522504892366,0.36203522504892366,0.0,0.0,0.0,0.40996652394640876,0.2721666650393462,0.317866811014245,0.317866811014245,-0.08,0.01914206687282688,0.5227801260433966,0.47721987395660337,0.5685612121324471,0.43143878786755285,0.2841072769704242,0.018892246529522955,0.0,0.0,0.0,0.0,0.0,0.0,0.0,0.03733455976325925,0.19325056327578172,68.0,1.076,1.0,0.9667,1.0,0.9425022423490338,0.0,OPEN,4e388fab28b6586538f1bba9
71,2026-07-11T19:32:05+00:00,,soccer_spain_la_liga,La Liga,Real Racing Club de Santander vs Villarreal,Real Racing Club de Santander,Betfair,2026-08-16T19:00:00Z,3.4,0.28838067102983245,0.27263379821174494,0.4389855307584227,0.28838067102983245,0.020578937581354984,13.0,1.4849674250000002,1.2826033921933084,2.7675708171933087,0.2023640328066918,0.0,0.0,0.40536592236190494,0.2666408941279083,0.3279931835101868,0.40536592236190494,68.0,0.0,0.0,0.36203522504892366,0.2759295499021527,0.36203522504892366,0.36203522504892366,0.0,0.0,0.0,0.40996652394640876,0.2721666650393462,0.317866811014245,0.40996652394640876,-0.08,0.01914206687282688,0.5227801260433966,0.47721987395660337,0.5685612121324471,0.43143878786755285,0.33815940672761013,0.021592499414196276,0.0,0.0,0.0,0.0,0.0,0.0,0.0,0.04977873569777769,0.1497419828738744,68.0,1.076,1.0,0.9667,1.0,0.9249330329667337,0.0,OPEN,afa7f779954736288ac690db
84,2026-07-11T19:32:06+00:00,,soccer_germany_bundesliga,Bundesliga,1. FC Köln vs TSG Hoffenheim,1. FC Köln,1xBet,2026-08-29T13:30:00Z,3.2,0.3144285246205953,0.25597758813459986,0.42959388724480496,0.3144285246205953,0.003028634361233351,17.0,1.49048775,1.277853009259259,2.7683407592592593,0.21263474074074096,0.0,0.0,0.40670150971100605,0.26626127228284463,0.3270372180061494,0.40670150971100605,70.0,0.0,0.0,0.36203522504892366,0.2759295499021527,0.36203522504892366,0.36203522504892366,0.0,0.0,0.0,0.41239407504199443,0.2719571969195761,0.31564872803842947,0.41239407504199443,-0.08,0.019127334529482065,0.5229653184127979,0.4770346815872021,0.5684319782794429,0.4315680217205571,0.3532122294911651,0.022517884393882595,0.0,0.0,0.0,0.0,0.0,0.0,0.0,0.03878370487056981,0.13027913437172844,70.0,1.08,1.0,0.998,1.0,0.9309320296377356,0.0,OPEN,e4094ef9191254befa810dff
101,2026-07-11T19:32:11+00:00,,soccer_italy_serie_a,Serie A,Torino vs AC Milan,Torino,Pinnacle,2026-08-22T13:00:00Z,4.36,0.21507148975154305,0.2547155939416136,0.5302129163068434,0.21507148975154305,0.06363511500682395,4.0,1.462886125,1.3019634433962264,2.7648495683962264,0.16092268160377365,0.0,0.0,0.4000033586052737,0.26818892303058517,0.33180771836414114,0.4000033586052737,60.0,0.0,0.0,0.36203522504892366,0.2759295499021527,0.36203522504892366,0.36203522504892366,0.0,0.0,0.0,0.4002038408335367,0.27290829366967445,0.32688786549678883,0.4002038408335367,-0.08,0.019194227209341552,0.5221252732538473,0.4778747267461527,0.5690183897811574,0.4309816102188426,0.2949188072170095,0.017945790561175238,0.0,0.0,0.0,0.0,0.0,0.0,0.0,0.07984731746546647,0.28584599946616174,60.0,1.06,1.0,1.0078,1.0,0.9143450708130623,0.0,OPEN,dcc4f8b369daa0ebba2977e4
105,2026-07-11T19:32:16+00:00,,soccer_italy_serie_a,Serie A,AS Roma vs Fiorentina,Draw,1xBet,2026-08-24T18:45:00Z,4.4,0.6067942525733145,0.23414614406463308,0.15905960336205238,0.23414614406463308,0.01755209964165183,11.0,1.462886125,1.3019634433962264,2.7648495683962264,0.16092268160377365,0.0,0.0,0.4000033586052737,0.26818892303058517,0.33180771836414114,0.26818892303058517,60.0,0.0,0.0,0.36203522504892366,0.2759295499021527,0.36203522504892366,0.2759295499021527,0.0,0.0,0.0,0.4002038408335367,0.27290829366967445,0.32688786549678883,0.27290829366967445,-0.08,0.019194227209341552,0.5221252732538473,0.4778747267461527,0.5690183897811574,0.4309816102188426,0.2512239094115477,0.0031853440912372327,0.0,0.0,0.0,0.0,0.0,0.0,0.0,0.01707776534691463,0.10538520141081009,60.0,1.06,1.0,0.998,1.0,0.9816679179054624,0.0,OPEN,300bb321d4cb8dcf3a0901f8
116,2026-07-11T19:32:17+00:00,,soccer_france_ligue_one,Ligue 1,Le Havre vs AS Monaco,Le Havre,Coolbet,2026-08-22T15:00:00Z,3.5,0.2764223680688024,0.261279771272995,0.4622978606582025,0.2764223680688024,0.030763790664780633,3.0,1.4684064500000003,1.2970688439849625,2.765475293984963,0.17133760601503778,0.0,0.0,0.4013468634058377,0.2677974389533476,0.3308556976408148,0.4013468634058377,62.0,0.0,0.0,0.36203522504892366,0.2759295499021527,0.36203522504892366,0.36203522504892366,0.0,0.0,0.0,0.4026522698187894,0.27273758438693013,0.3246101457942806,0.4026522698187894,-0.08,0.01918222085835941,0.5222758942450849,0.4777241057549151,0.568913208169054,0.431086791830946,0.32939405996126014,0.01884690756255975,0.0,0.0,0.0,0.0,0.0,0.0,0.0,0.05297169189245776,0.1528792098644105,62.0,1.064,1.0,0.9753,1.0,0.9280773819799304,0.0,OPEN,dead4ad31b7d122e19937022
119,2026-07-11T19:32:19+00:00,,soccer_france_ligue_one,Ligue 1,Toulouse vs Lyon,Toulouse,Coolbet,2026-08-22T18:45:00Z,3.6,0.27593757899529336,0.2559879150449087,0.46807450595979805,0.27593757899529336,0.013978636062195626,16.0,1.4684064500000003,1.2970688439849625,2.765475293984963,0.17133760601503778,0.0,0.0,0.4013468634058377,0.2677974389533476,0.3308556976408148,0.4013468634058377,62.0,0.0,0.0,0.36203522504892366,0.2759295499021527,0.36203522504892366,0.36203522504892366,0.0,0.0,0.0,0.4026522698187894,0.27273758438693013,0.3246101457942806,0.4026522698187894,-0.08,0.01918222085835941,0.5222758942450849,0.4777241057549151,0.568913208169054,0.431086791830946,0.32912742597083017,0.01884690756255975,0.0,0.0,0.0,0.0,0.0,0.0,0.0,0.0531898469755368,0.18485873349498871,62.0,1.064,1.0,0.9753,1.0,0.9364699592812229,0.0,OPEN,59e4c719d5ce095ee95972f2
135,2026-07-11T19:32:21+00:00,,soccer_france_ligue_one,Ligue 1,Le Havre vs AS Monaco,Le Havre,1xBet,2026-08-23T15:15:00Z,3.58,0.27775536460064887,0.2499917053403952,0.47225293005895597,0.27775536460064887,0.016511045590819284,13.0,1.4684064500000003,1.2970688439849625,2.765475293984963,0.17133760601503778,0.0,0.0,0.4013468634058377,0.2677974389533476,0.3308556976408148,0.4013468634058377,62.0,0.0,0.0,0.36203522504892366,0.2759295499021527,0.36203522504892366,0.36203522504892366,0.0,0.0,0.0,0.4026522698187894,0.27273758438693013,0.3246101457942806,0.4026522698187894,-0.08,0.01918222085835941,0.5222758942450849,0.4777241057549151,0.568913208169054,0.431086791830946,0.3301272080537757,0.01884690756255975,0.0,0.0,0.0,0.0,0.0,0.0,0.0,0.05237184345312684,0.18185540483251716,62.0,1.064,1.0,0.998,1.0,0.9352037545169111,0.0,OPEN,c08ae368da47d801388263c7
148,2026-07-11T19:32:23+00:00,,soccer_netherlands_eredivisie,Eredivisie,Go Ahead Eagles vs Willem II,Willem II,1xBet,2026-08-08T16:45:00Z,4.46,0.5221656559292422,0.23818244761183432,0.2396518964589235,0.2396518964589235,0.029915438470150324,17.0,1.4960080750000002,1.273137684501845,2.7691457595018454,0.22287039049815527,0.0,0.0,0.4080349088527372,0.26588455940314754,0.32608053174411533,0.32608053174411533,72.0,0.0,0.0,0.36203522504892366,0.2759295499021527,0.36203522504892366,0.36203522504892366,0.0,0.0,0.0,0.4148162676994535,0.2717383633989492,0.3134453689015973,0.3134453689015973,-0.08,0.01911194349735379,0.5231589008776668,0.4768410991223332,0.5682969158550849,0.4317030841449151,0.278937793095126,0.020584140149147317,0.0,0.0,0.0,0.0,0.0,0.0,0.0,0.039285896636202494,0.24406255720426207,72.0,1.084,1.0,0.998,1.0,0.9232898603174828,0.0,OPEN,1df092392ed1e7f66fa73f8a
165,2026-07-11T19:32:34+00:00,,soccer_england_league1,League One,Notts County vs Leicester City,Notts County,1xBet,2026-08-15T11:30:00Z,3.44,0.28665897105622534,0.26235604064610984,0.45098498829766487,0.28665897105622534,0.05718119090212115,11.0,1.431,1.2735849056603774,2.7045849056603775,0.15741509433962264,0.0,0.0,0.4000033586052737,0.26818892303058517,0.33180771836414114,0.4000033586052737,60.0,0.0,0.0,0.36203522504892366,0.2759295499021527,0.36203522504892366,0.36203522504892366,0.0,0.0,0.0,0.39795683151970035,0.27650671157340223,0.3255364569068974,0.39795683151970035,-0.08,0.019507491210034922,0.5074977503425347,0.49250224965746525,0.5577553463573915,0.44224465364260845,0.33378634483897157,0.01743600760338012,0.0,0.0,0.0,0.0,0.0,0.0,0.0,0.04712737378274623,0.14822502624606226,60.0,1.06,1.0,0.998,1.0,0.9191013817387991,0.0,OPEN,91b999d39069c47bff7f5170
176,2026-07-11T19:32:35+00:00,,soccer_england_league1,League One,Barnsley vs Bromley FC,Bromley FC,Betsson,2026-08-15T14:00:00Z,4.15,0.507353083211991,0.24446062898027676,0.24818628780773233,0.24818628780773233,0.05708107153890274,11.0,1.431,1.2735849056603774,2.7045849056603775,0.15741509433962264,0.0,0.0,0.4000033586052737,0.26818892303058517,0.33180771836414114,0.33180771836414114,60.0,0.0,0.0,0.36203522504892366,0.2759295499021527,0.36203522504892366,0.36203522504892366,0.0,0.0,0.0,0.39795683151970035,0.27650671157340223,0.3255364569068974,0.3255364569068974,-0.08,0.019507491210034922,0.5074977503425347,0.49250224965746525,0.5577553463573915,0.44224465364260845,0.28712537333186683,0.015934556984146378,0.0,0.0,0.0,0.0,0.0,0.0,0.0,0.0389390855241345,0.19157029932724745,60.0,1.06,1.0,1.0,1.0,0.9236557932781095,0.0,OPEN,703141b85615b7beaeec85de
187,2026-07-11T19:32:36+00:00,,soccer_england_league1,League One,Bradford City vs Peterborough United,Peterborough United,Marathon Bet,2026-08-15T14:00:00Z,4.25,0.49925345439579566,0.2603352005258918,0.2404113450783126,0.2404113450783126,0.04054446791621302,11.0,1.431,1.2735849056603774,2.7045849056603775,0.15741509433962264,0.0,0.0,0.4000033586052737,0.26818892303058517,0.33180771836414114,0.33180771836414114,60.0,0.0,0.0,0.36203522504892366,0.2759295499021527,0.36203522504892366,0.36203522504892366,0.0,0.0,0.0,0.39795683151970035,0.27650671157340223,0.3255364569068974,0.3255364569068974,-0.08,0.019507491210034922,0.5074977503425347,0.49250224965746525,0.5577553463573915,0.44224465364260845,0.282849154830686,0.015934556984146378,0.0,0.0,0.0,0.0,0.0,0.0,0.0,0.04243780975237341,0.20210890803041548,60.0,1.06,1.0,1.0005,1.0,0.9319240950894544,0.0,OPEN,53671f4cc5a9191dec53d348
198,2026-07-11T19:32:41+00:00,,soccer_england_league2,League Two,Grimsby Town vs Exeter City,Exeter City,Nordic Bet,2026-08-15T14:00:00Z,4.25,0.4961274392537238,0.2625003474364757,0.24137221330980044,0.24137221330980044,0.05571480781847882,11.0,1.431,1.2735849056603774,2.7045849056603775,0.15741509433962264,0.0,0.0,0.4000033586052737,0.26818892303058517,0.33180771836414114,0.33180771836414114,60.0,0.0,0.0,0.36203522504892366,0.2759295499021527,0.36203522504892366,0.36203522504892366,0.0,0.0,0.0,0.39795683151970035,0.27650671157340223,0.3255364569068974,0.3255364569068974,-0.08,0.019507491210034922,0.5074977503425347,0.49250224965746525,0.5577553463573915,0.44224465364260845,0.28337763235800434,0.015934556984146378,0.0,0.0,0.0,0.0,0.0,0.0,0.0,0.0420054190482039,0.20435493752151834,60.0,1.06,1.0,1.0,1.0,0.9243389251383215,0.0,OPEN,f0cdf6a7903681e691a6a067
209,2026-07-11T19:32:44+00:00,,soccer_spl,Scottish Premiership,Aberdeen vs Hearts,Aberdeen,Tipico,2026-08-01T16:30:00Z,4.2,0.2447257885764222,0.25542798406946715,0.4998462273541106,0.2447257885764222,0.016717050357853314,13.0,1.4364000000000001,1.268796992481203,2.705196992481203,0.1676030075187971,0.0,0.0,0.4013468634058377,0.2677974389533476,0.3308556976408148,0.4013468634058377,62.0,0.0,0.0,0.36203522504892366,0.2759295499021527,0.36203522504892366,0.36203522504892366,0.0,0.0,0.0,0.40037581523968346,0.2763375197162663,0.3232866650440501,0.40037581523968346,-0.08,0.01949555475956999,0.5076474948055681,0.49235250519443186,0.5576529410285183,0.44234705897148174,0.31144873896015224,0.018307098504925998,0.0,0.0,0.0,0.0,0.0,0.0,0.0,0.06672295038373005,0.3080847036326395,62.0,1.064,1.0,1.01,1.0,0.9367201793062954,0.0,OPEN,7f5d147b491dad25a101bf55
222,2026-07-11T19:32:46+00:00,,soccer_austria_bundesliga,Austrian Bundesliga,WSG Tirol vs Sturm Graz,WSG Tirol,Pinnacle,2026-08-01T15:00:00Z,3.56,0.28374650977423216,0.2684326087108629,0.447820881514905,0.28374650977423216,0.02074043019953642,14.0,1.4418000000000002,1.2640449438202248,2.705844943820225,0.17775505617977538,0.0,0.0,0.40268851535954364,0.267408954739361,0.3299025299010953,0.40268851535954364,64.0,0.0,0.0,0.36203522504892366,0.2759295499021527,0.36203522504892366,0.36203522504892366,0.0,0.0,0.0,0.4027897785255205,0.27615852707807437,0.321051694396405,0.4027897785255205,-0.08,0.01948292686603237,0.507805987310504,0.49219401268949603,0.5575445715759576,0.4424554284240424,0.3336344003720113,0.01918805732852577,0.0,0.0,0.0,0.0,0.0,0.0,0.0,0.04988789059777915,0.18773846532436034,64.0,1.068,1.0,1.0078,1.0,0.9320656129146545,0.0,OPEN,c1fee4eb3db22c9cbc1f7ef9
236,2026-07-11T19:32:48+00:00,,soccer_austria_bundesliga,Austrian Bundesliga,Rapid Wien vs Rheindorf Altach,Rheindorf Altach,Tipico,2026-08-02T17:00:00Z,4.4,0.5014469109681785,0.2702151675235121,0.22833792150830945,0.22833792150830945,0.0346697145536603,14.0,1.4418000000000002,1.2640449438202248,2.705844943820225,0.17775505617977538,0.0,0.0,0.40268851535954364,0.267408954739361,0.3299025299010953,0.3299025299010953,64.0,0.0,0.0,0.36203522504892366,0.2759295499021527,0.36203522504892366,0.36203522504892366,0.0,0.0,0.0,0.4027897785255205,0.27615852707807437,0.321051694396405,0.321051694396405,-0.08,0.01948292686603237,0.507805987310504,0.49219401268949603,0.5575445715759576,0.4424554284240424,0.27494249985981234,0.017608385538147232,0.0,0.0,0.0,0.0,0.0,0.0,0.0,0.04660457835150289,0.20974699938317443,64.0,1.068,1.0,1.01,1.0,0.9298399861087282,0.0,OPEN,061d04d6b15bfdc576b8b7f9
250,2026-07-11T19:32:54+00:00,,soccer_denmark_superliga,Danish Superliga,AC Horsens vs FC Nordsjaelland,AC Horsens,Tipico,2026-07-26T16:00:00Z,3.8,0.25965071674753026,0.2608577977170069,0.4794914855354629,0.25965071674753026,0.03487506645401384,19.0,1.4418000000000002,1.2640449438202248,2.705844943820225,0.17775505617977538,0.0,0.0,0.40268851535954364,0.267408954739361,0.3299025299010953,0.40268851535954364,64.0,0.0,0.0,0.36203522504892366,0.2759295499021527,0.36203522504892366,0.36203522504892366,0.0,0.0,0.0,0.4027897785255205,0.27615852707807437,0.321051694396405,0.4027897785255205,-0.08,0.01948292686603237,0.507805987310504,0.49219401268949603,0.5575445715759576,0.4424554284240424,0.32038171420732525,0.01918805732852577,0.0,0.0,0.0,0.0,0.0,0.0,0.0,0.06073099745979499,0.217450513987836,64.0,1.068,1.0,1.01,1.0,0.9249982947874158,0.0,OPEN,2e5f445a2b656ef5e95575c8
269,2026-07-11T19:32:56+00:00,2026-07-12T17:03:59Z,soccer_norway_eliteserien,Eliteserien,Sandefjord vs HamKam,HamKam,1xBet,2026-07-12T15:00:00Z,4.01,0.4954122253701506,0.25479080493492257,0.24979696969492682,0.24979696969492682,0.021264428936957458,23.0,1.4553000000000003,1.2523191094619666,2.707619109461967,0.2029808905380337,0.0,0.0,0.406033984394501,0.2664507181848216,0.32751529742067753,0.32751529742067753,69.0,0.0,0.0,0.36203522504892366,0.2759295499021527,0.36203522504892366,0.36203522504892366,0.0,0.0,0.0,0.4088023595640306,0.27566901776238095,0.3155286226735885,0.3155286226735885,-0.08,0.0194483920852353,0.508239820823476,0.49176017917652404,0.5572480338843628,0.44275196611563716,0.28518000883996175,0.019715109376227107,0.0,0.0,0.0,0.0,0.0,0.0,0.0,0.035383039145034934,0.14357183544824648,69.0,1.078,1.0,0.998,1.0,0.9302224574028399,0.0,LOST,df504c0452d29331533aa5d1
292,2026-07-11T19:32:58+00:00,2026-07-12T19:35:24Z,soccer_norway_eliteserien,Eliteserien,Sarpsborg FK vs Viking FK,Sarpsborg FK,Coolbet,2026-07-12T17:15:00Z,4.3,0.236726238717719,0.23475760558230963,0.5285161556999715,0.236726238717719,0.017101465061815757,23.0,1.4553000000000003,1.2523191094619666,2.707619109461967,0.2029808905380337,0.0,0.0,0.406033984394501,0.2664507181848216,0.32751529742067753,0.406033984394501,69.0,0.0,0.0,0.36203522504892366,0.2759295499021527,0.36203522504892366,0.36203522504892366,0.0,0.0,0.0,0.4088023595640306,0.27566901776238095,0.3155286226735885,0.4088023595640306,-0.08,0.0194483920852353,0.508239820823476,0.49176017917652404,0.5572480338843628,0.44275196611563716,0.3095777203443131,0.021423558153955986,0.0,0.0,0.0,0.0,0.0,0.0,0.0,0.07285148162659408,0.3311841974805463,69.0,1.078,1.0,0.9753,1.0,0.9271785930072242,0.0,WON,6ab37b23cff9771f030c2767
315,2026-07-11T19:32:59+00:00,2026-07-12T14:02:56Z,soccer_sweden_allsvenskan,Allsvenskan,Västerås SK vs Degerfors IF,Degerfors IF,Unibet (SE),2026-07-12T12:00:00Z,3.9,0.46407284145956074,0.2773782125687186,0.2585489459717207,0.2585489459717207,0.014957264957264904,21.0,1.4526,1.254646840148699,2.7072468401486987,0.1979531598513009,0.0,0.0,0.40536592236190494,0.2666408941279083,0.3279931835101868,0.3279931835101868,68.0,0.0,0.0,0.36203522504892366,0.2759295499021527,0.36203522504892366,0.36203522504892366,0.0,0.0,0.0,0.4076024220844181,0.2757716584420645,0.3166259194735173,0.3166259194735173,-0.08,0.019455633363920033,0.5081488071633297,0.49185119283667034,0.557310232630726,0.442689767369274,0.29030500219426614,0.0192932927799766,0.0,0.0,0.0,0.0,0.0,0.0,0.0,0.03175605622254546,0.1321895085576379,68.0,1.076,1.0,0.9987,1.0,0.9346414891814377,0.0,LOST,0e08f2d74df2729a0bf3b8b0
336,2026-07-11T19:33:01+00:00,2026-07-12T14:02:56Z,soccer_sweden_allsvenskan,Allsvenskan,Malmo FF vs IFK Goteborg,IFK Goteborg,Unibet (SE),2026-07-12T12:00:00Z,4.4,0.5079692362442326,0.24657746168881006,0.24545330206695742,0.24545330206695742,0.0,22.0,1.4526,1.254646840148699,2.7072468401486987,0.1979531598513009,0.0,0.0,0.40536592236190494,0.2666408941279083,0.3279931835101868,0.3279931835101868,68.0,0.0,0.0,0.36203522504892366,0.2759295499021527,0.36203522504892366,0.36203522504892366,0.0,0.0,0.0,0.4076024220844181,0.2757716584420645,0.3166259194735173,0.3166259194735173,-0.08,0.019455633363920033,0.5081488071633297,0.49185119283667034,0.557310232630726,0.442689767369274,0.2831023980466463,0.0192932927799766,0.0,0.0,0.0,0.0,0.0,0.0,0.0,0.03764909597968885,0.2456505514052436,68.0,1.076,1.0,0.9987,1.0,0.9421201216600702,0.0,LOST,943a0e27354f33a1d60fdc66
358,2026-07-11T19:33:02+00:00,2026-07-12T17:03:46Z,soccer_sweden_allsvenskan,Allsvenskan,GAIS vs IF Elfsborg,IF Elfsborg,Betfair,2026-07-12T14:30:00Z,4.1,0.4944193777175639,0.26417422688071496,0.24140639540172112,0.24140639540172112,0.01561961074156204,21.0,1.4526,1.254646840148699,2.7072468401486987,0.1979531598513009,0.0,0.0,0.40536592236190494,0.2666408941279083,0.3279931835101868,0.3279931835101868,68.0,0.0,0.0,0.36203522504892366,0.2759295499021527,0.36203522504892366,0.36203522504892366,0.0,0.0,0.0,0.4076024220844181,0.2757716584420645,0.3166259194735173,0.3166259194735173,-0.08,0.019455633363920033,0.5081488071633297,0.49185119283667034,0.557310232630726,0.442689767369274,0.28087659938076637,0.0192932927799766,0.0,0.0,0.0,0.0,0.0,0.0,0.0,0.03947020397904524,0.15159405746114207,68.0,1.076,1.0,0.9667,1.0,0.9343103162892892,0.0,LOST,7e100a08c2216d0202332f8d
379,2026-07-11T19:33:02+00:00,2026-07-12T17:03:46Z,soccer_sweden_allsvenskan,Allsvenskan,IF Brommapojkarna vs IK Sirius,Draw,Unibet (SE),2026-07-12T14:30:00Z,4.5,0.20569592192521405,0.2282577047146473,0.5660463733601387,0.2282577047146473,0.0,22.0,1.4526,1.254646840148699,2.7072468401486987,0.1979531598513009,0.0,0.0,0.40536592236190494,0.2666408941279083,0.3279931835101868,0.2666408941279083,68.0,0.0,0.0,0.36203522504892366,0.2759295499021527,0.36203522504892366,0.2759295499021527,0.0,0.0,0.0,0.4076024220844181,0.2757716584420645,0.3166259194735173,0.2757716584420645,-0.08,0.019455633363920033,0.5081488071633297,0.49185119283667034,0.557310232630726,0.442689767369274,0.24842054094098187,0.004341977439501252,0.0,0.0,0.0,0.0,0.0,0.0,0.0,0.02016283622633458,0.11789243423441853,68.0,1.076,1.0,0.9987,1.0,0.9869740676814962,0.0,LOST,cb3e6587200eab33c7d9b566
401,2026-07-11T19:33:04+00:00,,soccer_sweden_allsvenskan,Allsvenskan,IFK Goteborg vs IF Brommapojkarna,IF Brommapojkarna,Unibet (SE),2026-07-17T17:00:00Z,4.5,0.5316174789438473,0.23838879629062584,0.22999372476552696,0.22999372476552696,0.018976678194555063,9.0,1.4526,1.254646840148699,2.7072468401486987,0.1979531598513009,0.0,0.0,0.40536592236190494,0.2666408941279083,0.3279931835101868,0.3279931835101868,68.0,0.0,0.0,0.36203522504892366,0.2759295499021527,0.36203522504892366,0.36203522504892366,0.0,0.0,0.0,0.4076024220844181,0.2757716584420645,0.3166259194735173,0.3166259194735173,-0.08,0.019455633363920033,0.5081488071633297,0.49185119283667034,0.557310232630726,0.442689767369274,0.27459963053085956,0.0192932927799766,0.0,0.0,0.0,0.0,0.0,0.0,0.0,0.044605905765332604,0.23569833738886814,68.0,1.076,1.0,0.9987,1.0,0.9326317825627927,0.0,OPEN,387fbfb2572dc7caf13fed7a
410,2026-07-11T19:33:04+00:00,,soccer_sweden_allsvenskan,Allsvenskan,Mjällby AIF vs Västerås SK,Västerås SK,Unibet (SE),2026-07-17T17:00:00Z,4.2,0.5010764108758967,0.24770631074288357,0.2512172783812197,0.2512172783812197,0.018668831168831224,12.0,1.4526,1.254646840148699,2.7072468401486987,0.1979531598513009,0.0,0.0,0.40536592236190494,0.2666408941279083,0.3279931835101868,0.3279931835101868,68.0,0.0,0.0,0.36203522504892366,0.2759295499021527,0.36203522504892366,0.36203522504892366,0.0,0.0,0.0,0.4076024220844181,0.2757716584420645,0.3166259194735173,0.3166259194735173,-0.08,0.019455633363920033,0.5081488071633297,0.49185119283667034,0.557310232630726,0.442689767369274,0.2862725850194906,0.0192932927799766,0.0,0.0,0.0,0.0,0.0,0.0,0.0,0.03505530663827089,0.20234485708186067,68.0,1.076,1.0,0.9987,1.0,0.9327857060756546,0.0,OPEN,ff136dc0d6a69dc82c94091a
422,2026-07-11T19:33:05+00:00,,soccer_germany_bundesliga2,2. Bundesliga,VfL Bochum vs Hertha Berlin,Draw,Tipico,2026-08-07T18:30:00Z,3.7,0.3685832218320807,0.30629405529082276,0.32512272287709654,0.30629405529082276,0.07542324933629274,5.0,1.4364000000000001,1.268796992481203,2.705196992481203,0.1676030075187971,0.0,0.0,0.4013468634058377,0.2677974389533476,0.3308556976408148,0.2677974389533476,62.0,0.0,0.0,0.36203522504892366,0.2759295499021527,0.36203522504892366,0.2759295499021527,0.0,0.0,0.0,0.40037581523968346,0.2763375197162663,0.3232866650440501,0.2763375197162663,-0.08,0.01949555475956999,0.5076474948055681,0.49235250519443186,0.5576529410285183,0.44234705897148174,0.2916239860960081,0.003933201230692327,0.0,0.0,0.0,0.0,0.0,0.0,0.0,-0.014670069194814672,0.07900874855522999,62.0,1.064,1.0,1.01,1.0,0.9504887716397766,0.0,OPEN,17e9d54e50e451ef4650eded
427,2026-07-11T19:33:06+00:00,,soccer_germany_bundesliga2,2. Bundesliga,Karlsruher SC vs Arminia Bielefeld,Draw,Tipico,2026-08-08T11:00:00Z,3.6,0.3626240120737402,0.3167172534999022,0.32065873442635756,0.3167172534999022,0.051587301587301626,5.0,1.4364000000000001,1.268796992481203,2.705196992481203,0.1676030075187971,0.0,0.0,0.4013468634058377,0.2677974389533476,0.3308556976408148,0.2677974389533476,62.0,0.0,0.0,0.36203522504892366,0.2759295499021527,0.36203522504892366,0.2759295499021527,0.0,0.0,0.0,0.40037581523968346,0.2763375197162663,0.3232866650440501,0.2763375197162663,-0.08,0.01949555475956999,0.5076474948055681,0.49235250519443186,0.5576529410285183,0.44234705897148174,0.2973567451110018,0.003933201230692327,0.0,0.0,0.0,0.0,0.0,0.0,0.0,-0.01936050838890041,0.07048428239960658,62.0,1.064,1.0,1.01,1.0,0.9624067455142722,0.0,OPEN,a7029924acd313dc3ecf4ca6
432,2026-07-11T19:33:06+00:00,,soccer_germany_bundesliga2,2. Bundesliga,SV Darmstadt 98 vs Holstein Kiel,Draw,Winamax (DE),2026-08-08T11:00:00Z,3.65,0.41452333689985543,0.3150725037657656,0.2704041593343789,0.3150725037657656,0.04870101897757606,5.0,1.4364000000000001,1.268796992481203,2.705196992481203,0.1676030075187971,0.0,0.0,0.4013468634058377,0.2677974389533476,0.3308556976408148,0.2677974389533476,62.0,0.0,0.0,0.36203522504892366,0.2759295499021527,0.36203522504892366,0.2759295499021527,0.0,0.0,0.0,0.40037581523968346,0.2763375197162663,0.3232866650440501,0.2763375197162663,-0.08,0.01949555475956999,0.5076474948055681,0.49235250519443186,0.5576529410285183,0.44234705897148174,0.2964521327572267,0.003933201230692327,0.0,0.0,0.0,0.0,0.0,0.0,0.0,-0.018620371008538916,0.08205028456387753,62.0,1.064,1.0,1.0,1.0,0.963849886819135,0.0,OPEN,424b50e4126d70375bba44a0
437,2026-07-11T19:33:06+00:00,,soccer_germany_bundesliga2,2. Bundesliga,1. FC Nürnberg vs Dynamo Dresden,Draw,Tipico,2026-08-09T11:30:00Z,3.7,0.4567737545012916,0.31083620565230113,0.23239003984640724,0.31083620565230113,0.030474351902923358,5.0,1.4364000000000001,1.268796992481203,2.705196992481203,0.1676030075187971,0.0,0.0,0.4013468634058377,0.2677974389533476,0.3308556976408148,0.2677974389533476,62.0,0.0,0.0,0.36203522504892366,0.2759295499021527,0.36203522504892366,0.2759295499021527,0.0,0.0,0.0,0.40037581523968346,0.2763375197162663,0.3232866650440501,0.2763375197162663,-0.08,0.01949555475956999,0.5076474948055681,0.49235250519443186,0.5576529410285183,0.44234705897148174,0.2941221687948212,0.003933201230692327,0.0,0.0,0.0,0.0,0.0,0.0,0.0,-0.016714036857479908,0.08825202454083869,62.0,1.064,1.0,1.01,1.0,0.9729632203564613,0.0,OPEN,23dd8965eb0be580a5f08883
442,2026-07-11T19:33:06+00:00,,soccer_germany_bundesliga2,2. Bundesliga,FC Energie Cottbus vs Hannover 96,Draw,Winamax (DE),2026-08-09T11:30:00Z,3.65,0.2803815097339463,0.3131067517340409,0.4065117385320129,0.3131067517340409,0.036923053190176525,5.0,1.4364000000000001,1.268796992481203,2.705196992481203,0.1676030075187971,0.0,0.0,0.4013468634058377,0.2677974389533476,0.3308556976408148,0.2677974389533476,62.0,0.0,0.0,0.36203522504892366,0.2759295499021527,0.36203522504892366,0.2759295499021527,0.0,0.0,0.0,0.40037581523968346,0.2763375197162663,0.3232866650440501,0.2763375197162663,-0.08,0.01949555475956999,0.5076474948055681,0.49235250519443186,0.5576529410285183,0.44234705897148174,0.2953709691397781,0.003933201230692327,0.0,0.0,0.0,0.0,0.0,0.0,0.0,-0.017735782594262783,0.07810403736019,62.0,1.064,1.0,1.0,1.0,0.9697388697128347,0.0,OPEN,9f46a8f034b2fd1ce899165a
447,2026-07-11T19:33:11+00:00,,soccer_brazil_campeonato,Brazil Serie A,Botafogo vs Santos,Santos,Betfair,2026-07-16T22:30:00Z,4.0,0.47813534022731247,0.2688322906902141,0.2530323690824734,0.2530323690824734,0.0016725698543880174,22.0,1.4573658,1.3068951231060606,2.7642609231060606,0.15047067689393945,0.0,0.0,0.3986580862607787,0.2685834301359262,0.3327584836032951,0.3327584836032951,58.0,0.0,0.0,0.36203522504892366,0.2759295499021527,0.36203522504892366,0.36203522504892366,0.0,0.0,0.0,0.3977503374719097,0.27306898432986876,0.3291806781982215,0.3291806781982215,-0.08,0.019205528929053806,0.5219835541832746,0.4780164458167254,0.5691173699574466,0.43088263004255345,0.2907390211308082,0.01471714619813586,0.0,0.0,0.0,0.0,0.0,0.0,0.0,0.03770665204833479,0.16295608452323274,58.0,1.056,1.0,0.9667,1.0,0.9550122764783984,0.0,OPEN,5bd3c444110383700f440370
469,2026-07-11T19:33:13+00:00,,soccer_brazil_campeonato,Brazil Serie A,Fluminense vs Bragantino-SP,Bragantino-SP,Betfair,2026-07-17T23:00:00Z,4.4,0.48790029151781505,0.27971817668059695,0.232381531801588,0.232381531801588,0.02060122618498239,22.0,1.4573658,1.3068951231060606,2.7642609231060606,0.15047067689393945,0.0,0.0,0.3986580862607787,0.2685834301359262,0.3327584836032951,0.3327584836032951,58.0,0.0,0.0,0.36203522504892366,0.2759295499021527,0.36203522504892366,0.36203522504892366,0.0,0.0,0.0,0.3977503374719097,0.27306898432986876,0.3291806781982215,0.3291806781982215,-0.08,0.019205528929053806,0.5219835541832746,0.4780164458167254,0.5691173699574466,0.43088263004255345,0.2793810606263212,0.01471714619813586,0.0,0.0,0.0,0.0,0.0,0.0,0.0,0.04699952882473318,0.22927666675581326,58.0,1.056,1.0,0.9667,1.0,0.9455479483131012,0.0,OPEN,1c41120dba1acbbb8e997bcf
491,2026-07-11T19:33:14+00:00,,soccer_brazil_campeonato,Brazil Serie A,Mirassol vs Grêmio,Grêmio,Betfair,2026-07-17T23:00:00Z,4.1,0.4797336429475894,0.2801057883993595,0.24016056865305113,0.24016056865305113,0.029649618393490007,22.0,1.4573658,1.3068951231060606,2.7642609231060606,0.15047067689393945,0.0,0.0,0.3986580862607787,0.2685834301359262,0.3327584836032951,0.3327584836032951,58.0,0.0,0.0,0.36203522504892366,0.2759295499021527,0.36203522504892366,0.36203522504892366,0.0,0.0,0.0,0.3977503374719097,0.27306898432986876,0.3291806781982215,0.3291806781982215,-0.08,0.019205528929053806,0.5219835541832746,0.4780164458167254,0.5691173699574466,0.43088263004255345,0.2836595308946259,0.01471714619813586,0.0,0.0,0.0,0.0,0.0,0.0,0.0,0.04349896224157479,0.16300407666796612,58.0,1.056,1.0,0.9667,1.0,0.9410237522088474,0.0,OPEN,a1052f8d8edbc83a09b1d35b
513,2026-07-11T19:33:15+00:00,,soccer_brazil_campeonato,Brazil Serie A,Coritiba vs Palmeiras,Coritiba,1xBet,2026-07-22T22:30:00Z,3.7,0.26261457334217814,0.2884886207711319,0.44889680588669006,0.26261457334217814,0.03967479352181602,17.0,1.4573658,1.3068951231060606,2.7642609231060606,0.15047067689393945,0.0,0.0,0.3986580862607787,0.2685834301359262,0.3327584836032951,0.3986580862607787,58.0,0.0,0.0,0.36203522504892366,0.2759295499021527,0.36203522504892366,0.36203522504892366,0.0,0.0,0.0,0.3977503374719097,0.27306898432986876,0.3291806781982215,0.3977503374719097,-0.08,0.019205528929053806,0.5219835541832746,0.4780164458167254,0.5691173699574466,0.43088263004255345,0.3203338531689859,0.01705425077866063,0.0,0.0,0.0,0.0,0.0,0.0,0.0,0.057719279826807746,0.18523525672524777,58.0,1.056,1.0,0.998,1.0,0.9289998509031101,0.0,OPEN,0d83cfbba89f955de55fba29
530,2026-07-11T19:33:16+00:00,,soccer_brazil_campeonato,Brazil Serie A,Sao Paulo vs Atletico Paranaense,Atletico Paranaense,Unibet (NL),2026-07-23T00:30:00Z,4.3,0.4737210997542283,0.28604991943538427,0.24022898081038735,0.24022898081038735,0.014480664642487762,19.0,1.4573658,1.3068951231060606,2.7642609231060606,0.15047067689393945,0.0,0.0,0.3986580862607787,0.2685834301359262,0.3327584836032951,0.3327584836032951,58.0,0.0,0.0,0.36203522504892366,0.2759295499021527,0.36203522504892366,0.36203522504892366,0.0,0.0,0.0,0.3977503374719097,0.27306898432986876,0.3291806781982215,0.3291806781982215,-0.08,0.019205528929053806,0.5219835541832746,0.4780164458167254,0.5691173699574466,0.43088263004255345,0.2836971575811608,0.01471714619813586,0.0,0.0,0.0,0.0,0.0,0.0,0.0,0.04346817677077347,0.21989777759899143,58.0,1.056,1.0,1.0005,1.0,0.9486082290843485,0.0,OPEN,ea7c8d12e7fe4f84b8846c7f
549,2026-07-11T19:33:18+00:00,,soccer_argentina_primera_division,Argentina Primera Division,Sarmiento de Junin vs Argentinos Juniors,Sarmiento de Junin,Pinnacle,2026-07-23T22:30:00Z,4.38,0.22395939485737953,0.3167530572430271,0.4592875478995933,0.22395939485737953,0.03694858551135205,10.0,1.4546056375,1.309375,2.7639806375,0.1452306375000001,0.0,0.0,0.39798481406640107,0.26878182461202627,0.3332333613215727,0.39798481406640107,57.0,0.0,0.0,0.36203522504892366,0.2759295499021527,0.36203522504892366,0.36203522504892366,0.0,0.0,0.0,0.39652170177078694,0.2731455310291804,0.33033276720003274,0.39652170177078694,-0.08,0.019210912623037424,0.5219160660132003,0.4780839339867997,0.5691645104976465,0.4308354895023535,0.2987061702233531,0.016612681651218972,0.0,0.0,0.0,0.0,0.0,0.0,0.0,0.07474677536597357,0.30833302557828657,57.0,1.054,1.0,1.0078,1.0,0.931687662290667,0.0,OPEN,6056e5c2a73bfee7a5668c34
559,2026-07-11T19:33:21+00:00,,soccer_argentina_primera_division,Argentina Primera Division,Estudiantes de Río Cuarto vs CA Tigre BA,Estudiantes de Río Cuarto,1xBet,2026-07-25T17:45:00Z,3.69,0.25788793316037945,0.3279448657467319,0.41416720109288857,0.25788793316037945,0.04265301280798095,9.0,1.4546056375,1.309375,2.7639806375,0.1452306375000001,0.0,0.0,0.39798481406640107,0.26878182461202627,0.3332333613215727,0.39798481406640107,57.0,0.0,0.0,0.36203522504892366,0.2759295499021527,0.36203522504892366,0.36203522504892366,0.0,0.0,0.0,0.39652170177078694,0.2731455310291804,0.33033276720003274,0.39652170177078694,-0.08,0.019210912623037424,0.5219160660132003,0.4780839339867997,0.5691645104976465,0.4308354895023535,0.317366866290003,0.016612681651218972,0.0,0.0,0.0,0.0,0.0,0.0,0.0,0.059478933129623546,0.171083736610111,57.0,1.054,1.0,0.998,1.0,0.9288354486423526,0.0,OPEN,233ccc43aff073185fd1c04a
568,2026-07-11T19:33:22+00:00,,soccer_argentina_primera_division,Argentina Primera Division,Lanus vs San Lorenzo,San Lorenzo,Codere (IT),2026-07-26T00:30:00Z,4.3,0.4503417651860627,0.32339630881836756,0.22626192599556968,0.22626192599556968,0.04467544536794854,9.0,1.4546056375,1.309375,2.7639806375,0.1452306375000001,0.0,0.0,0.39798481406640107,0.26878182461202627,0.3332333613215727,0.3332333613215727,57.0,0.0,0.0,0.36203522504892366,0.2759295499021527,0.36203522504892366,0.36203522504892366,0.0,0.0,0.0,0.39652170177078694,0.2731455310291804,0.33033276720003274,0.33033276720003274,-0.08,0.019210912623037424,0.5219160660132003,0.4780839339867997,0.5691645104976465,0.4308354895023535,0.2763386059503862,0.014310084377760057,0.0,0.0,0.0,0.0,0.0,0.0,0.0,0.05007667995481649,0.18825600558666045,57.0,1.054,1.0,1.0,1.0,0.9347320241827456,0.0,OPEN,f98b935baac718daf4eb4b81
577,2026-07-11T19:33:23+00:00,,soccer_argentina_primera_division,Argentina Primera Division,Deportivo Riestra vs Boca Juniors,Deportivo Riestra,Codere (IT),2026-07-26T22:30:00Z,4.3,0.2227845270662954,0.32217303032540245,0.4550424426083022,0.2227845270662954,0.04773166657281758,7.0,1.4546056375,1.309375,2.7639806375,0.1452306375000001,0.0,0.0,0.39798481406640107,0.26878182461202627,0.3332333613215727,0.39798481406640107,57.0,0.0,0.0,0.36203522504892366,0.2759295499021527,0.36203522504892366,0.36203522504892366,0.0,0.0,0.0,0.39652170177078694,0.2731455310291804,0.33033276720003274,0.39652170177078694,-0.08,0.019210912623037424,0.5219160660132003,0.4780839339867997,0.5691645104976465,0.4308354895023535,0.2980599929382568,0.016612681651218972,0.0,0.0,0.0,0.0,0.0,0.0,0.0,0.0752754658719614,0.2816579696345043,57.0,1.054,1.0,1.0,1.0,0.9262961217599343,0.0,OPEN,5e1a5da227014ca0c5b7ea84
584,2026-07-11T19:33:24+00:00,,soccer_mexico_ligamx,Liga MX,Tijuana vs Tigres,Tijuana,Tipico,2026-07-17T03:00:00Z,3.7,0.2649901373929085,0.2751793479333188,0.45983051467377284,0.2649901373929085,0.02881727881727869,16.0,1.5042885625,1.2661295871559632,2.7704181496559634,0.23815897534403674,0.0,0.0,0.41003072486741055,0.26532489567925294,0.3246443794533366,0.41003072486741055,75.0,0.0,0.0,0.36203522504892366,0.2759295499021527,0.36203522504892366,0.36203522504892366,0.0,0.0,0.0,0.4184393935836201,0.2713928324294736,0.3101677739869064,0.4184393935836201,-0.08,0.01908764156117304,0.523464790566605,0.476535209433395,0.5680835515238599,0.4319164484761401,0.32783075723391775,0.024845531546595336,0.0,0.0,0.0,0.0,0.0,0.0,0.0,0.06284061984100925,0.21297380176549563,75.0,1.09,1.0,1.01,1.0,0.9110547659515746,0.0,OPEN,ef451a27e2a34e260b6fa144
600,2026-07-11T19:33:25+00:00,,soccer_mexico_ligamx,Liga MX,Atlético San Luis vs Cruz Azul,Atlético San Luis,Unibet (NL),2026-07-18T01:00:00Z,4.1,0.2364804598468296,0.26146446572825116,0.5020550744249193,0.2364804598468296,0.034129315115140724,15.0,1.5042885625,1.2661295871559632,2.7704181496559634,0.23815897534403674,0.0,0.0,0.41003072486741055,0.26532489567925294,0.3246443794533366,0.41003072486741055,75.0,0.0,0.0,0.36203522504892366,0.2759295499021527,0.36203522504892366,0.36203522504892366,0.0,0.0,0.0,0.4184393935836201,0.2713928324294736,0.3101677739869064,0.4184393935836201,-0.08,0.01908764156117304,0.523464790566605,0.476535209433395,0.5680835515238599,0.4319164484761401,0.3121504345835744,0.024845531546595336,0.0,0.0,0.0,0.0,0.0,0.0,0.0,0.07566997473674478,0.2798167817926549,75.0,1.09,1.0,1.0005,1.0,0.9083987478026436,0.0,OPEN,4d276ec42adea2b88b72bedc
615,2026-07-11T19:33:27+00:00,,soccer_mexico_ligamx,Liga MX,Querétaro vs América,Querétaro,Tipico,2026-07-19T03:00:00Z,3.9,0.2548502720522543,0.2746161279710227,0.4705335999767229,0.2548502720522543,0.03418803418803429,11.0,1.5042885625,1.2661295871559632,2.7704181496559634,0.23815897534403674,0.0,0.0,0.41003072486741055,0.26532489567925294,0.3246443794533366,0.41003072486741055,75.0,0.0,0.0,0.36203522504892366,0.2759295499021527,0.36203522504892366,0.36203522504892366,0.0,0.0,0.0,0.4184393935836201,0.2713928324294736,0.3101677739869064,0.4184393935836201,-0.08,0.01908764156117304,0.523464790566605,0.476535209433395,0.5680835515238599,0.4319164484761401,0.32225383129655794,0.024845531546595336,0.0,0.0,0.0,0.0,0.0,0.0,0.0,0.06740355924430363,0.256789942056576,75.0,1.09,1.0,1.01,1.0,0.9083693882661968,0.0,OPEN,93a536debd304d5aad930b80
1174,2026-07-11T20:15:29+00:00,,soccer_argentina_primera_division,Argentina Primera Division,Gimnasia Mendoza vs Central Córdoba,Central Córdoba,Pinnacle,2026-07-24T19:45:00Z,4.49,0.4655965036908811,0.3102291127653131,0.22417438354380587,0.22417438354380587,0.03379932423853149,7.0,1.4546056375,1.309375,2.7639806375,0.1452306375000001,0.0,0.0,0.39798481406640107,0.26878182461202627,0.3332333613215727,0.3332333613215727,57.0,0.0,0.0,0.36203522504892366,0.2759295499021527,0.36203522504892366,0.36203522504892366,0.0,0.0,0.0,0.39652170177078694,0.2731455310291804,0.33033276720003274,0.33033276720003274,-0.08,0.019210912623037424,0.5219160660132003,0.4780839339867997,0.5691645104976465,0.4308354895023535,0.27519045760191607,0.014310084377760057,0.0,0.0,0.0,0.0,0.0,0.0,0.0,0.051016074058110206,0.23560515463260323,57.0,1.054,1.0,1.0078,1.0,0.9401700847474541,0.0,OPEN,c2402ef8e7ef0a7940a7eb68
1807,2026-07-11T21:44:55+00:00,2026-07-12T04:05:39Z,soccer_fifa_world_cup,FIFA World Cup,Norway vs England,England,Betfair,2026-07-11T21:01:00Z,3.7,0.42896987492749916,0.29896948126780354,0.27206064380469736,0.27206064380469736,0.0,16.0,1.4297641749999999,1.3321247586872587,2.7618889336872585,0.0976394163127412,0.0,0.0,0.39190823400427377,0.27060213445315356,0.3374896315425727,0.3374896315425727,48.0,0.0,0.0,0.36203522504892366,0.2759295499021527,0.36203522504892366,0.36203522504892366,0.0,0.0,0.0,0.38540886936220403,0.2737174586797633,0.3408736719580327,0.3408736719580327,-0.08,0.019251137524688378,0.521412252851549,0.478587747148451,0.569516528467712,0.43048347153228805,0.30447420079579135,0.010861497847038923,0.0,0.0,0.0,0.0,0.0,0.0,0.0,0.032413556991093995,0.12655454294442814,48.0,1.036,1.0,0.9982,1.0,0.9674155064588832,0.0,WON,0755183ef0289eb0063b0411
1926,2026-07-12T06:37:00+00:00,,soccer_france_ligue_one,Ligue 1,RC Lens vs Auxerre,Draw,1xBet,2026-08-22T15:15:00Z,4.47,0.5859826324324838,0.22688529441871147,0.1871320731488048,0.22688529441871147,0.011592434411226371,17.0,1.4684064500000003,1.2970688439849625,2.765475293984963,0.17133760601503778,0.0,0.0,0.4013468634058377,0.2677974389533476,0.3308556976408148,0.2677974389533476,62.0,0.0,0.0,0.36203522504892366,0.2759295499021527,0.36203522504892366,0.2759295499021527,0.0,0.0,0.0,0.4026522698187894,0.27273758438693013,0.3246101457942806,0.27273758438693013,-0.08,0.01918222085835941,0.5222758942450849,0.4777241057549151,0.568913208169054,0.431086791830946,0.24713918216724626,0.003345393337428371,0.0,0.0,0.0,0.0,0.0,0.0,0.0,0.020253887748534788,0.10471214428759068,62.0,1.064,1.0,0.9961,1.0,0.9841676027821017,0.0,OPEN,6521bc8d8b125426dedac288
2218,2026-07-12T06:54:11+00:00,2026-07-12T19:35:24Z,soccer_norway_eliteserien,Eliteserien,Sarpsborg FK vs Viking FK,Draw,Matchbook,2026-07-12T17:15:00Z,4.5,0.2252778081945045,0.2300215072953229,0.5447006845101726,0.2300215072953229,0.006242197253433224,23.0,1.4553000000000003,1.2523191094619666,2.707619109461967,0.2029808905380337,0.0,0.0,0.406033984394501,0.2664507181848216,0.32751529742067753,0.2664507181848216,69.0,0.0,0.0,0.36203522504892366,0.2759295499021527,0.36203522504892366,0.2759295499021527,0.0,0.0,0.0,0.4088023595640306,0.27566901776238095,0.3155286226735885,0.27566901776238095,-0.08,0.0194483920852353,0.508239820823476,0.49176017917652404,0.5572480338843628,0.44275196611563716,0.24934186445510798,0.004408239442263739,0.0,0.0,0.0,0.0,0.0,0.0,0.0,0.019320357159785084,0.12203839004798578,69.0,1.078,1.0,0.9982,1.0005,0.9836541830464922,0.0,LOST,31fdce39f64aa5342b03b4cc
2486,2026-07-12T06:54:49+00:00,,soccer_mexico_ligamx,Liga MX,Necaxa vs Atlante FC,Atlante FC,Pinnacle,2026-07-17T01:00:00Z,3.93,0.48772839023673864,0.2535922112302947,0.25867939853296673,0.25867939853296673,0.028024586215131597,16.0,1.5042885625,1.2661295871559632,2.7704181496559634,0.23815897534403674,0.0,0.0,0.41003072486741055,0.26532489567925294,0.3246443794533366,0.3246443794533366,75.0,0.0,0.0,0.36203522504892366,0.2759295499021527,0.36203522504892366,0.36203522504892366,0.0,0.0,0.0,0.4184393935836201,0.2713928324294736,0.3101677739869064,0.3101677739869064,-0.08,0.01908764156117304,0.523464790566605,0.476535209433395,0.5680835515238599,0.4319164484761401,0.2884715798207892,0.021852739263469066,0.0,0.0,0.0,0.0,0.0,0.0,0.0,0.02979218128782246,0.1336933086957015,75.0,1.09,1.0,0.9995,1.0005,0.920429489102027,0.0,OPEN,93f166694b86626b0b86d7ae
2653,2026-07-12T07:54:30+00:00,2026-07-12T17:03:59Z,soccer_norway_eliteserien,Eliteserien,Rosenborg vs Kristiansund BK,Draw,Betfair,2026-07-12T15:00:00Z,4.5,0.5848520488435492,0.22923176842563536,0.18591618273081537,0.22923176842563536,0.0,23.0,1.4553000000000003,1.2523191094619666,2.707619109461967,0.2029808905380337,0.0,0.0,0.406033984394501,0.2664507181848216,0.32751529742067753,0.2664507181848216,69.0,0.0,0.0,0.36203522504892366,0.2759295499021527,0.36203522504892366,0.2759295499021527,0.0,0.0,0.0,0.4088023595640306,0.27566901776238095,0.3155286226735885,0.27566901776238095,-0.08,0.0194483920852353,0.508239820823476,0.49176017917652404,0.5572480338843628,0.44275196611563716,0.24396060206752587,0.003781190015024444,0.0,0.0,0.0,0.0,0.0,0.0,0.0,0.01472883364189051,0.09782270930386638,69.0,1.078,1.0,0.9967,1.0005,0.9886564299549266,0.0,LOST,7709da5e7c09ec5afd758115
2911,2026-07-12T08:56:02+00:00,,soccer_usa_mls,MLS,FC Cincinnati vs Vancouver Whitecaps FC,FC Cincinnati,1xBet,2026-07-22T23:30:00Z,3.6,0.2756371044359693,0.2296404179489147,0.4947224776151161,0.2756371044359693,0.012700960534026251,8.0,1.4960080750000002,1.273137684501845,2.7691457595018454,0.22287039049815527,0.0,0.0,0.4080349088527372,0.26588455940314754,0.32608053174411533,0.4080349088527372,72.0,0.0,0.0,0.36203522504892366,0.2759295499021527,0.36203522504892366,0.36203522504892366,0.0,0.0,0.0,0.4148162676994535,0.2717383633989492,0.3134453689015973,0.4148162676994535,-0.08,0.01911194349735379,0.5231589008776668,0.4768410991223332,0.5682969158550849,0.4317030841449151,0.3166902497031967,0.018898129407348082,0.0,0.0,0.0,0.0,0.0,0.0,0.0,0.04105314526722742,0.14008489893150822,72.0,1.084,1.0,0.9933,1.0005,0.9369551315109427,0.0,OPEN,485c4b4069d6bef2619e4987
2919,2026-07-12T08:56:04+00:00,,soccer_usa_mls,MLS,Sporting Kansas City vs Minnesota United FC,Sporting Kansas City,1xBet,2026-07-23T00:30:00Z,3.61,0.27473425394481304,0.24578260859578832,0.4794831374593987,0.27473425394481304,0.030172867211332832,8.0,1.4960080750000002,1.273137684501845,2.7691457595018454,0.22287039049815527,0.0,0.0,0.4080349088527372,0.26588455940314754,0.32608053174411533,0.4080349088527372,72.0,0.0,0.0,0.36203522504892366,0.2759295499021527,0.36203522504892366,0.36203522504892366,0.0,0.0,0.0,0.4148162676994535,0.2717383633989492,0.3134453689015973,0.4148162676994535,-0.08,0.01911194349735379,0.5231589008776668,0.4768410991223332,0.5682969158550849,0.4317030841449151,0.31629243028254217,0.018898129407348082,0.0,0.0,0.0,0.0,0.0,0.0,0.0,0.041558176337729125,0.14181567331997713,72.0,1.084,1.0,0.9933,1.0005,0.9282191781722894,0.0,OPEN,d59f0c1975170be0e005180a
3214,2026-07-12T09:08:17+00:00,,soccer_usa_mls,MLS,Los Angeles FC vs Real Salt Lake,Real Salt Lake,Betsson,2026-07-23T02:30:00Z,4.45,0.5438917714304753,0.23496324619210268,0.22114498237742214,0.22114498237742214,0.02930753869075664,8.0,1.4960080750000002,1.273137684501845,2.7691457595018454,0.22287039049815527,0.0,0.0,0.4080349088527372,0.26588455940314754,0.32608053174411533,0.32608053174411533,72.0,0.0,0.0,0.36203522504892366,0.2759295499021527,0.36203522504892366,0.36203522504892366,0.0,0.0,0.0,0.4148162676994535,0.2717383633989492,0.3134453689015973,0.3134453689015973,-0.08,0.01911194349735379,0.5231589008776668,0.4768410991223332,0.5682969158550849,0.4317030841449151,0.2541320146456111,0.0173741917849089,0.0,0.0,0.0,0.0,0.0,0.0,0.0,0.03298703226818894,0.13088746517296945,72.0,1.084,1.0,0.9995,1.0005,0.9332236552998949,0.0,OPEN,6becb0adb302d327ec0ee0c3
3227,2026-07-12T12:28:19+00:00,2026-07-12T14:02:56Z,soccer_sweden_allsvenskan,Allsvenskan,Malmo FF vs IFK Goteborg,Malmo FF,Pinnacle,2026-07-12T12:00:00Z,1.4,0.8334056750751238,0.1115784682496254,0.05501585667525087,0.8334056750751238,0.0,14.0,1.4526,1.254646840148699,2.7072468401486987,0.1979531598513009,0.0,0.0,0.40536592236190494,0.2666408941279083,0.3279931835101868,0.40536592236190494,68.0,0.0,0.0,0.36203522504892366,0.2759295499021527,0.36203522504892366,0.36203522504892366,0.0,0.0,0.0,0.4076024220844181,0.2757716584420645,0.3166259194735173,0.4076024220844181,-0.08,0.019455633363920033,0.5081488071633297,0.49185119283667034,0.557310232630726,0.442689767369274,0.7860463942643431,0.016504494932620992,0.52,0.68,0.0,0.0,0.0,0.15,0.55,-0.04735928081078067,0.10046495197008021,68.0,1.076,1.0,0.9995,1.0005,1.0,0.0,WON,88bbca62f26e150e23500a5a
3240,2026-07-12T13:00:55+00:00,2026-07-12T14:45:56Z,soccer_norway_eliteserien,Eliteserien,KFUM vs Bodø/Glimt,Bodø/Glimt,Pinnacle,2026-07-12T12:30:00Z,1.52,0.0833457486731233,0.16059877217886998,0.7560554791480067,0.7560554791480067,0.0,14.0,1.4553000000000003,1.2523191094619666,2.707619109461967,0.2029808905380337,0.0,0.0,0.406033984394501,0.2664507181848216,0.32751529742067753,0.32751529742067753,69.0,0.0,0.0,0.36203522504892366,0.2759295499021527,0.36203522504892366,0.36203522504892366,0.0,0.0,0.0,0.4088023595640306,0.27566901776238095,0.3155286226735885,0.3155286226735885,-0.08,0.0194483920852353,0.508239820823476,0.49176017917652404,0.5572480338843628,0.44275196611563716,0.7087157139064044,0.01662646723998564,0.542,0.68,0.0,0.0,0.0,0.15,0.55,-0.04733976524160233,0.07724788513773473,69.0,1.078,1.0,0.9995,1.0005,1.0,0.0,WON,65be934425f27d901a38517e
3254,2026-07-12T13:08:41+00:00,2026-07-12T14:02:56Z,soccer_sweden_allsvenskan,Allsvenskan,Västerås SK vs Degerfors IF,Draw,Betfair,2026-07-12T12:00:00Z,4.5,0.6816032934458374,0.22969860677706275,0.08869809977709987,0.22969860677706275,0.009780907668231587,15.0,1.4526,1.254646840148699,2.7072468401486987,0.1979531598513009,0.0,0.0,0.40536592236190494,0.2666408941279083,0.3279931835101868,0.2666408941279083,68.0,0.0,0.0,0.36203522504892366,0.2759295499021527,0.36203522504892366,0.2759295499021527,0.0,0.0,0.0,0.4076024220844181,0.2757716584420645,0.3166259194735173,0.2757716584420645,-0.08,0.019455633363920033,0.5081488071633297,0.49185119283667034,0.557310232630726,0.442689767369274,0.244351932886937,0.0037363233087810825,0.952,0.68,0.0,0.0,0.0,0.15,0.55,0.014653326109874243,0.09958369799121636,68.0,1.076,1.0,0.9908,1.0005,1.0,0.0,LOST,5923bdee8ccb16a08cd11877
3255,2026-07-12T13:46:52+00:00,,soccer_epl,Premier League,Brentford vs Tottenham Hotspur,Tottenham Hotspur,1xBet,2026-08-22T16:30:00Z,3.15,0.40090639335875655,0.2607405179579876,0.3383530886832559,0.3383530886832559,0.0,20.0,1.4766869375,1.2897955607476634,2.7664824982476635,0.18689137675233658,0.0,0.0,0.40335862001574185,0.2672158303906449,0.32942554959361336,0.32942554959361336,65.0,0.0,0.0,0.36203522504892366,0.2759295499021527,0.36203522504892366,0.36203522504892366,0.0,0.0,0.0,0.4063152695074333,0.2724630250962993,0.3212217053962674,0.3212217053962674,-0.08,0.01916291051298319,0.5225182876855085,0.47748171231449155,0.5687439743880386,0.4312560256119614,0.33554655933804856,0.014561751678561566,0.962,0.85,0.0,0.0,0.0,0.15,0.55,-0.0028065293452073647,0.05697166191485281,65.0,1.07,1.0,0.9933,1.0005,1.0,0.0,OPEN,74604cd44c15e07029cb6c43
3268,2026-07-12T15:09:44+00:00,2026-07-12T17:03:59Z,soccer_norway_eliteserien,Eliteserien,Sandefjord vs HamKam,Sandefjord,Pinnacle,2026-07-12T15:00:00Z,2.0,0.5946406378398046,0.21756714109959782,0.18779222106059767,0.5946406378398046,0.0,23.0,1.4552909562288598,1.2522880934358755,2.7075790496647354,0.2030028627929843,0.0,0.0,0.4060029313282132,0.2664595451602702,0.32753752351151666,0.4060029313282132,68.95350000000008,0.0,0.0,0.36203522504892366,0.2759295499021527,0.36203522504892366,0.36203522504892366,0.0,0.0,0.0,0.40880627885517967,0.27567184723227345,0.31552187391254705,0.40880627885517967,-0.08000330000000001,0.01944937089555765,0.5082300270218859,0.4917699729781141,0.5572402191672605,0.4427597808327395,0.5473456140775138,0.016906101485682487,0.776,0.68,0.0,0.0,0.0,0.15,0.55,-0.04729502376229078,0.09469122815502762,68.9535,1.0780100000000001,1.0005,1.0,1.0,1.0,0.0,LOST,3c4330ca5f6386cedcaa08f2
3282,2026-07-12T15:20:28+00:00,2026-07-12T17:03:46Z,soccer_sweden_allsvenskan,Allsvenskan,IF Brommapojkarna vs IK Sirius,IK Sirius,Pinnacle,2026-07-12T14:30:00Z,1.26,0.024447084901923412,0.07685780003364354,0.8986951150644331,0.8986951150644331,0.0,13.0,1.4527975082905433,1.2547428003322616,2.707540308622805,0.19805470795828173,0.0,0.0,0.40535522906362736,0.26664394289212334,0.32800082804424935,0.32800082804424935,67.98399999999992,0.0,0.0,0.36203522504892366,0.2759295499021527,0.36203522504892366,0.36203522504892366,0.0,0.0,0.0,0.407646088864388,0.27572651102655765,0.3166274001090543,0.3166274001090543,-0.0798928,0.019427988551888764,0.5082205579340107,0.49177944206598934,0.5573504017089496,0.44264959829105044,0.8512912210562389,0.016225662448786243,0.389,0.68,0.0,0.0,0.0,0.15,0.55,-0.047403894008194225,0.07262693853086111,67.984,1.076032,0.9967,1.0,1.0,1.0,0.0,WON,02f1b3299b7b2c220f64be57
3285,2026-07-12T15:20:29+00:00,,soccer_sweden_allsvenskan,Allsvenskan,IF Elfsborg vs IK Sirius,IF Elfsborg,Unibet (SE),2026-07-19T14:30:00Z,3.45,0.3014867614129456,0.26300554217196187,0.4355076964150924,0.3014867614129456,0.0,9.0,1.4527975082905433,1.2547428003322616,2.707540308622805,0.19805470795828173,0.0,0.0,0.40535522906362736,0.26664394289212334,0.32800082804424935,0.40535522906362736,67.98399999999992,0.0,0.0,0.36203522504892366,0.2759295499021527,0.36203522504892366,0.36203522504892366,0.0,0.0,0.0,0.407646088864388,0.27572651102655765,0.3166274001090543,0.407646088864388,-0.0798928,0.019427988551888764,0.5082205579340107,0.49177944206598934,0.5573504017089496,0.44264959829105044,0.33276586050192514,0.016516657027724868,0.892,0.68,0.0,0.0,0.0,0.15,0.55,0.03127909908897952,0.1480422187316417,67.984,1.076032,0.9967,0.9982,1.0,1.0,0.0,OPEN,bade1d08df25be1405893702
3316,2026-07-12T20:40:52+00:00,,soccer_mexico_ligamx,Liga MX,Toluca vs Pumas,Pumas,1xBet,2026-07-22T03:00:00Z,4.34,0.5077909551080262,0.23601907945817485,0.256189965433799,0.256189965433799,0.04221249935276772,6.0,1.5042885625,1.2661295871559632,2.7704181496559634,0.23815897534403674,0.0,0.0,0.41003072486741055,0.26532489567925294,0.3246443794533366,0.3246443794533366,75.0,0.0,0.0,0.36203522504892366,0.2759295499021527,0.36203522504892366,0.36203522504892366,0.0,0.0,0.0,0.4184393935836201,0.2713928324294736,0.3101677739869064,0.3101677739869064,-0.08,0.01908764156117304,0.523464790566605,0.476535209433395,0.5680835515238599,0.4319164484761401,0.27735053245134533,0.018577158421242045,0.905,0.68,0.0,0.0,0.0,0.15,0.55,0.021160567017546317,0.2037013108388388,75.0,1.09,1.0,0.9933,0.9835,1.0,0.0,OPEN,dcd85d7268ed4650ec0eadd6
3328,2026-07-13T09:36:08+00:00,,soccer_norway_eliteserien,Eliteserien,HamKam vs Tromso,HamKam,Betsson,2026-07-18T12:00:00Z,3.55,0.28322598722669023,0.27133303078685456,0.44544098198645504,0.28322598722669023,0.04133807584845561,14.0,1.4554487735009798,1.2517921203274818,2.7072408938284616,0.20365665317349801,0.0,0.0,0.41261736667755416,0.26649208075855324,0.3208905525638927,0.41261736667755416,72.52820116723181,0.06666666666666667,0.0,0.3495931707247679,0.2749221557442532,0.3754846735309788,0.3495931707247679,-0.16666666666666669,0.2,0.0,0.4089324574747474,0.2757240197112851,0.31534352281396755,0.4089324574747474,-0.08017880000000001,0.019493019821890112,0.508147350516655,0.49185264948334495,0.5571796137252557,0.4428203862747443,0.3194274939024768,0.025020871907458306,0.868,0.68,0.0,0.0,0.0,0.15,0.55,0.03620150667578659,0.13396760335379265,68.988,1.078282,0.9954,0.9995,0.9835,1.0,0.044444444444444446,OPEN,19766604b8d236ab0b226459
3329,2026-07-13T09:36:08+00:00,,soccer_norway_eliteserien,Eliteserien,Lillestrom vs KFUM,KFUM,GTbets,2026-07-18T14:00:00Z,4.5,0.5213388686379525,0.2414561524855343,0.23720497887651312,0.23720497887651312,0.04043023144146751,12.0,1.4554487735009798,1.2517921203274818,2.7072408938284616,0.20365665317349801,0.0,0.0,0.41888794773148164,0.2638285811573739,0.3172834711111446,0.3172834711111446,85.02383407321958,0.0,0.03333333333333333,0.4439301721376863,0.2639437891775865,0.29212603868472725,0.29212603868472725,0.5,0.0,0.1,0.4089324574747474,0.2757240197112851,0.31534352281396755,0.31534352281396755,-0.08017880000000001,0.019493019821890112,0.508147350516655,0.49185264948334495,0.5571796137252557,0.4428203862747443,0.2619600353588317,0.009332197380491916,0.919,0.68,0.0,0.0,0.0,0.15,0.55,0.0247550564823186,0.1788201591147427,68.988,1.078282,0.9954,1.0033,0.9835,1.0,0.022222222222222223,OPEN,a885c420876e7c15c1cc165d
3331,2026-07-13T09:36:09+00:00,,soccer_sweden_allsvenskan,Allsvenskan,Kalmar FF vs Malmo FF,Kalmar FF,Coolbet,2026-07-20T17:00:00Z,2.9,0.3762160823562774,0.26459485759960016,0.3591890600441225,0.3762160823562774,0.0,9.0,1.4536620180654736,1.253769061735378,2.707431079800852,0.19989295633009552,0.0,0.0,0.3904730452346391,0.27296629705056197,0.33656065771479904,0.3904730452346391,40.71937985273065,0.0,0.06666666666666667,0.26675000000000004,0.26000000000000006,0.47325,0.26675000000000004,-0.5,0.0,0.2,0.40811464644986034,0.27563302375436954,0.31625232979577017,0.40811464644986034,-0.0796017,0.01935580200828474,0.5081938520761995,0.4918061479238005,0.5572459327213586,0.4427540672786414,0.37538715021827707,0.05686869178450961,0.862,0.68,0.0,0.0,0.0,0.15,0.55,-0.0008289321380003378,0.08862273563300338,68.10849999999999,1.07677,0.9922,1.0005,0.9835,0.9703894802020268,0.044444444444444446,OPEN,c59ff0a69d1436f011344c86
3332,2026-07-13T09:36:09+00:00,,soccer_germany_bundesliga2,2. Bundesliga,1. FC Heidenheim vs VfL Osnabrück,Draw,Winamax (DE),2026-08-08T11:00:00Z,4.4,0.5879183082515179,0.252873405912154,0.15920828583632812,0.252873405912154,0.05895589558955905,9.0,1.4364000000000001,1.268796992481203,2.705196992481203,0.1676030075187971,0.0,0.0,0.4013468634058377,0.2677974389533476,0.3308556976408148,0.2677974389533476,62.0,0.0,0.0,0.36203522504892366,0.2759295499021527,0.36203522504892366,0.2759295499021527,0.0,0.0,0.0,0.40037581523968346,0.2763375197162663,0.3232866650440501,0.2763375197162663,-0.08,0.01949555475956999,0.5076474948055681,0.49235250519443186,0.5576529410285183,0.44234705897148174,0.260257068279593,0.0034515010818866446,0.976,0.85,0.0,0.0,0.0,0.15,0.55,0.007383662367438981,0.14513110043020938,62.0,1.064,1.0,1.0,0.9835,1.0,0.0,OPEN,c475d1726db0acd1efd86486
3333,2026-07-13T09:36:09+00:00,,soccer_germany_bundesliga2,2. Bundesliga,1. FC Magdeburg vs Eintracht Braunschweig,Eintracht Braunschweig,Tipico,2026-08-08T11:00:00Z,4.3,0.5201859048850921,0.24835603966114425,0.23145805545376363,0.23145805545376363,0.06395348837209314,9.0,1.4364000000000001,1.268796992481203,2.705196992481203,0.1676030075187971,0.0,0.0,0.4013468634058377,0.2677974389533476,0.3308556976408148,0.3308556976408148,62.0,0.0,0.0,0.36203522504892366,0.2759295499021527,0.36203522504892366,0.36203522504892366,0.0,0.0,0.0,0.40037581523968346,0.2763375197162663,0.3232866650440501,0.3232866650440501,-0.08,0.01949555475956999,0.5076474948055681,0.49235250519443186,0.5576529410285183,0.44234705897148174,0.2641068350807714,0.013825402287021062,0.878,0.85,0.0,0.0,0.0,0.15,0.55,0.03264877962700774,0.13565939084731693,62.0,1.064,1.0,1.0,0.9835,1.0,0.0,OPEN,6c9a245abbe91bc970176ef3
3335,2026-07-13T09:36:10+00:00,,soccer_germany_bundesliga2,2. Bundesliga,FC St. Pauli vs Greuther Fürth,Draw,Tipico,2026-08-09T11:30:00Z,4.0,0.5331423472498029,0.2681797031395219,0.1986779496106752,0.2681797031395219,0.06385615865044114,9.0,1.4364000000000001,1.268796992481203,2.705196992481203,0.1676030075187971,0.0,0.0,0.4013468634058377,0.2677974389533476,0.3308556976408148,0.2677974389533476,62.0,0.0,0.0,0.36203522504892366,0.2759295499021527,0.36203522504892366,0.2759295499021527,0.0,0.0,0.0,0.40037581523968346,0.2763375197162663,0.3232866650440501,0.2763375197162663,-0.08,0.01949555475956999,0.5076474948055681,0.49235250519443186,0.5576529410285183,0.44234705897148174,0.2703342106452372,0.0034515010818866446,0.99,0.85,0.0,0.0,0.0,0.15,0.55,0.0021545075057153307,0.08133684258094886,62.0,1.064,1.0,1.0,0.9835,1.0,0.0,OPEN,ae72ddc26bfef3126b8cb7c6
3363,2026-07-13T17:58:43+00:00,,soccer_mexico_ligamx,Liga MX,Atlante FC vs América,Atlante FC,Marathon Bet,2026-07-25T03:00:00Z,4.5,0.2278317734708122,0.26761399885451986,0.504554227674668,0.2278317734708122,0.04376023477147073,9.0,1.5042885625,1.2661295871559632,2.7704181496559634,0.23815897534403674,0.0,0.0,0.41003072486741055,0.26532489567925294,0.3246443794533366,0.41003072486741055,75.0,0.0,0.0,0.36203522504892366,0.2759295499021527,0.36203522504892366,0.36203522504892366,0.0,0.0,0.0,0.4184393935836201,0.2713928324294736,0.3101677739869064,0.4184393935836201,-0.08,0.01908764156117304,0.523464790566605,0.476535209433395,0.5680835515238599,0.4319164484761401,0.27460598239895395,0.020161194199114326,0.809,0.68,0.0,0.0,0.0,0.15,0.55,0.04677420892814174,0.23572692079529278,75.0,1.09,1.0,1.0,0.9835,1.0,0.0,OPEN,77fdbdec0652aee7853dd75e
3364,2026-07-13T17:58:43+00:00,,soccer_mexico_ligamx,Liga MX,Pachuca vs Querétaro,Draw,Coolbet,2026-07-27T01:00:00Z,4.2,0.5581662967770329,0.24955013963097977,0.19228356359198723,0.24955013963097977,0.044913419913420016,9.0,1.5042885625,1.2661295871559632,2.7704181496559634,0.23815897534403674,0.0,0.0,0.41003072486741055,0.26532489567925294,0.3246443794533366,0.26532489567925294,75.0,0.0,0.0,0.36203522504892366,0.2759295499021527,0.36203522504892366,0.2759295499021527,0.0,0.0,0.0,0.4184393935836201,0.2713928324294736,0.3101677739869064,0.2713928324294736,-0.08,0.01908764156117304,0.523464790566605,0.476535209433395,0.5680835515238599,0.4319164484761401,0.2568037160801149,0.0032757673905604956,0.975,0.68,0.0,0.0,0.0,0.15,0.55,0.007253576449135102,0.07857560753648252,75.0,1.09,1.0,1.0,0.9835,1.0,0.0,OPEN,0506daf82b86dda831436ef2
3373,2026-07-14T08:16:23+00:00,,soccer_england_league1,League One,Leyton Orient vs Sheffield Wednesday,Leyton Orient,888sport,2026-08-15T14:00:00Z,3.2,0.3186777387283063,0.2599031622382336,0.42141909903346003,0.3186777387283063,0.06318456555132568,9.0,1.431,1.2735849056603774,2.7045849056603775,0.15741509433962264,0.0,0.0,0.4000033586052737,0.26818892303058517,0.33180771836414114,0.4000033586052737,60.0,0.0,0.0,0.36203522504892366,0.2759295499021527,0.36203522504892366,0.36203522504892366,0.0,0.0,0.0,0.39795683151970035,0.27650671157340223,0.3255364569068974,0.39795683151970035,-0.08,0.019507491210034922,0.5074977503425347,0.49250224965746525,0.5577553463573915,0.44224465364260845,0.3429690015477138,0.013366277552541125,0.917,0.68,0.0,0.0,0.0,0.15,0.55,0.024291262819407522,0.0975008049526842,60.0,1.06,1.0,1.05,0.9835,1.0,0.0,OPEN,b58601a363e9f4e0d5fc0322
3378,2026-07-14T08:16:29+00:00,,soccer_denmark_superliga,Danish Superliga,Randers FC vs Silkeborg IF,Silkeborg IF,Codere (IT),2026-07-27T17:00:00Z,4.5,0.537895597056541,0.24421917782393063,0.21788522511952838,0.21788522511952838,0.03418803418803407,18.0,1.4418000000000002,1.2640449438202248,2.705844943820225,0.17775505617977538,0.0,0.0,0.40268851535954364,0.267408954739361,0.3299025299010953,0.3299025299010953,64.0,0.0,0.0,0.36203522504892366,0.2759295499021527,0.36203522504892366,0.36203522504892366,0.0,0.0,0.0,0.4027897785255205,0.27615852707807437,0.321051694396405,0.321051694396405,-0.08,0.01948292686603237,0.507805987310504,0.49219401268949603,0.5575445715759576,0.4424554284240424,0.25345430718700945,0.014624231827840523,0.865,0.68,0.0,0.0,0.0,0.15,0.55,0.03556908206748108,0.14054438234154265,64.0,1.068,1.0,1.0,0.9835,1.0,0.0,OPEN,2bc62f483970678622fd92e7
3384,2026-07-14T08:16:36+00:00,,soccer_germany_bundesliga2,2. Bundesliga,1. FC Nürnberg vs Dynamo Dresden,Dynamo Dresden,Marathon Bet,2026-08-09T11:30:00Z,4.05,0.48239683255005916,0.26482468005628,0.2527784873936608,0.2527784873936608,0.020275556616408785,10.0,1.4364000000000001,1.268796992481203,2.705196992481203,0.1676030075187971,0.0,0.0,0.4013468634058377,0.2677974389533476,0.3308556976408148,0.3308556976408148,62.0,0.0,0.0,0.36203522504892366,0.2759295499021527,0.36203522504892366,0.36203522504892366,0.0,0.0,0.0,0.40037581523968346,0.2763375197162663,0.3232866650440501,0.3232866650440501,-0.08,0.01949555475956999,0.5076474948055681,0.49235250519443186,0.5576529410285183,0.44234705897148174,0.2779800458654045,0.013825402287021062,0.9,0.85,0.0,0.0,0.0,0.15,0.55,0.025201558471743657,0.12581918575488804,62.0,1.064,1.0,1.0,0.9835,1.0,0.0,OPEN,0afc3d0d3ab85b391a6b0d5b
3390,2026-07-14T08:16:51+00:00,,soccer_argentina_primera_division,Argentina Primera Division,Velez Sarsfield BA vs Instituto de Córdoba,Instituto de Córdoba,Unibet (SE),2026-07-24T22:00:00Z,4.3,0.4544126553998421,0.3105245861711914,0.23506275842896654,0.23506275842896654,0.0037737358651588337,12.0,1.4546056375,1.309375,2.7639806375,0.1452306375000001,0.0,0.0,0.39798481406640107,0.26878182461202627,0.3332333613215727,0.3332333613215727,57.0,0.0,0.0,0.36203522504892366,0.2759295499021527,0.36203522504892366,0.36203522504892366,0.0,0.0,0.0,0.39652170177078694,0.2731455310291804,0.33033276720003274,0.33033276720003274,-0.08,0.019210912623037424,0.5219160660132003,0.4780839339867997,0.5691645104976465,0.4308354895023535,0.26740359639800165,0.01140103075025033,0.88,0.68,0.0,0.0,0.0,0.15,0.55,0.03234083796903511,0.14983546451140706,57.0,1.054,1.0,0.9961,0.9835,1.0,0.0,OPEN,98106b3e8887ca1d54edc39b
