id,observed_at,sport,league,external_event_id,event,home_team,away_team,market,selection,bookmaker,odds,market_probability,start_time,mode,result,final_score,settled_at,source_hash
1,2026-10-08T12:20:44.193109+00:00,handball,handball_germany_bundesliga,5308bb16311c5b268f00156efca1ae1f,TVB Stuttgart vs HSG Wetzlar,TVB Stuttgart,HSG Wetzlar,h2h,HSG Wetzlar,Tipico,4.0,0.22702835516257036,2026-10-08T17:00:00Z,SHADOW,OPEN,,,95f226a567e6bded342347ad1cb862f9
2,2026-10-08T12:20:44.193109+00:00,handball,handball_germany_bundesliga,5308bb16311c5b268f00156efca1ae1f,TVB Stuttgart vs HSG Wetzlar,TVB Stuttgart,HSG Wetzlar,h2h,TVB Stuttgart,Tipico,1.35,0.6906399269078825,2026-10-08T17:00:00Z,SHADOW,OPEN,,,f20524a289c4c2b7bcb4d42824ebd6c3
3,2026-10-08T12:20:44.193109+00:00,handball,handball_germany_bundesliga,5308bb16311c5b268f00156efca1ae1f,TVB Stuttgart vs HSG Wetzlar,TVB Stuttgart,HSG Wetzlar,h2h,Draw,Tipico,10.5,0.09056488972250182,2026-10-08T17:00:00Z,SHADOW,OPEN,,,43785b22e298cb91f36ba0b68dbabb8b
33,2026-10-08T12:20:44.197619+00:00,handball,handball_germany_bundesliga,1987ad5b7c2dfb0212ded2c6d59df7e4,Rhein-Neckar Löwen vs ThSV Eisenach,Rhein-Neckar Löwen,ThSV Eisenach,h2h,Rhein-Neckar Löwen,Tipico,1.25,0.7289361866828841,2026-10-08T17:00:00Z,SHADOW,OPEN,,,d1690f0a304b8aa33c949a1ca7d61eaa
34,2026-10-08T12:20:44.197619+00:00,handball,handball_germany_bundesliga,1987ad5b7c2dfb0212ded2c6d59df7e4,Rhein-Neckar Löwen vs ThSV Eisenach,Rhein-Neckar Löwen,ThSV Eisenach,h2h,ThSV Eisenach,Tipico,4.9,0.19350027704283834,2026-10-08T17:00:00Z,SHADOW,OPEN,,,aeeda8e0d6c5e1bf7cb026cd0a5ae7c3
35,2026-10-08T12:20:44.197619+00:00,handball,handball_germany_bundesliga,1987ad5b7c2dfb0212ded2c6d59df7e4,Rhein-Neckar Löwen vs ThSV Eisenach,Rhein-Neckar Löwen,ThSV Eisenach,h2h,Draw,Tipico,12.0,0.08531988990170548,2026-10-08T17:00:00Z,SHADOW,OPEN,,,207cc1e7827bf21b28c24d57bc00be60
65,2026-10-08T12:20:44.201252+00:00,handball,handball_germany_bundesliga,51e586c9fbd55d6dde11f2d2b36cf512,TSV Hannover-Burgdorf vs SG Flensburg-Handewitt,TSV Hannover-Burgdorf,SG Flensburg-Handewitt,h2h,SG Flensburg-Handewitt,Tipico,1.37,0.664415106565844,2026-10-09T17:00:00Z,SHADOW,OPEN,,,f6c821d25ec41a424211ed1dae4eb6e1
66,2026-10-08T12:20:44.201252+00:00,handball,handball_germany_bundesliga,51e586c9fbd55d6dde11f2d2b36cf512,TSV Hannover-Burgdorf vs SG Flensburg-Handewitt,TSV Hannover-Burgdorf,SG Flensburg-Handewitt,h2h,TSV Hannover-Burgdorf,Tipico,3.9,0.24869386373695399,2026-10-09T17:00:00Z,SHADOW,OPEN,,,e636017c5d8378c737b2c6b7f99355c4
67,2026-10-08T12:20:44.201252+00:00,handball,handball_germany_bundesliga,51e586c9fbd55d6dde11f2d2b36cf512,TSV Hannover-Burgdorf vs SG Flensburg-Handewitt,TSV Hannover-Burgdorf,SG Flensburg-Handewitt,h2h,Draw,Tipico,10.0,0.09558013266692213,2026-10-09T17:00:00Z,SHADOW,OPEN,,,67cf0f490d440f7d6db2a75db7c9bf8c
97,2026-10-08T12:20:44.204898+00:00,handball,handball_germany_bundesliga,a90e4ee2f42650f25bbd70b4185966af,Frisch Auf Göppingen vs SG BBM Bietigheim,Frisch Auf Göppingen,SG BBM Bietigheim,h2h,Frisch Auf Göppingen,Tipico,1.22,0.7457076643560592,2026-10-10T17:00:00Z,SHADOW,OPEN,,,12dc5ea84042fd7c2710e706592be3a8
98,2026-10-08T12:20:44.204898+00:00,handball,handball_germany_bundesliga,a90e4ee2f42650f25bbd70b4185966af,Frisch Auf Göppingen vs SG BBM Bietigheim,Frisch Auf Göppingen,SG BBM Bietigheim,h2h,SG BBM Bietigheim,Tipico,6.0,0.16555820129824061,2026-10-10T17:00:00Z,SHADOW,OPEN,,,b55ea72c8c595e1068e5f2a7a4affae3
99,2026-10-08T12:20:44.204898+00:00,handball,handball_germany_bundesliga,a90e4ee2f42650f25bbd70b4185966af,Frisch Auf Göppingen vs SG BBM Bietigheim,Frisch Auf Göppingen,SG BBM Bietigheim,h2h,Draw,Tipico,10.0,0.08873413434570027,2026-10-10T17:00:00Z,SHADOW,OPEN,,,7e04822be7b5b3d3a32726d87ec9ff3e
124,2026-10-08T12:20:44.209976+00:00,handball,handball_germany_bundesliga,313fc0752041f93c537d5b4b4096984d,THW Kiel vs HSV Hamburg,THW Kiel,HSV Hamburg,h2h,HSV Hamburg,Tipico,11.0,0.09847687847727682,2026-10-11T13:00:00Z,SHADOW,OPEN,,,70855811d9be969235059e9d83ff3613
125,2026-10-08T12:20:44.209976+00:00,handball,handball_germany_bundesliga,313fc0752041f93c537d5b4b4096984d,THW Kiel vs HSV Hamburg,THW Kiel,HSV Hamburg,h2h,THW Kiel,Tipico,1.08,0.8363895291202703,2026-10-11T13:00:00Z,SHADOW,OPEN,,,e6851f7773a26ac69b952938ea7b033c
126,2026-10-08T12:20:44.209976+00:00,handball,handball_germany_bundesliga,313fc0752041f93c537d5b4b4096984d,THW Kiel vs HSV Hamburg,THW Kiel,HSV Hamburg,h2h,Draw,Tipico,14.0,0.06513359240245283,2026-10-11T13:00:00Z,SHADOW,OPEN,,,bc1f818017ea57147f59cdd3e48cd453
148,2026-10-08T12:20:44.213738+00:00,handball,handball_germany_bundesliga,823c7a74c7101f4eb53fda7ebc8a62a9,HC Erlangen vs MT Melsungen,HC Erlangen,MT Melsungen,h2h,HC Erlangen,Tipico,3.4,0.27745592116289813,2026-10-11T14:30:00Z,SHADOW,OPEN,,,e2a91338d19a7ebcc982b049f4a7b95a
149,2026-10-08T12:20:44.213738+00:00,handball,handball_germany_bundesliga,823c7a74c7101f4eb53fda7ebc8a62a9,HC Erlangen vs MT Melsungen,HC Erlangen,MT Melsungen,h2h,MT Melsungen,Tipico,1.5,0.6110442978468048,2026-10-11T14:30:00Z,SHADOW,OPEN,,,bb7d5161d86b12d36968ec825130cc92
150,2026-10-08T12:20:44.213738+00:00,handball,handball_germany_bundesliga,823c7a74c7101f4eb53fda7ebc8a62a9,HC Erlangen vs MT Melsungen,HC Erlangen,MT Melsungen,h2h,Draw,Tipico,7.8,0.11149978099029714,2026-10-11T14:30:00Z,SHADOW,OPEN,,,16ea03b7e8220d1451e483394eaecc56
172,2026-10-08T12:20:44.217319+00:00,handball,handball_germany_bundesliga,e2615050e2c168e25452ff65f257ef04,Füchse Berlin vs TBV Lemgo,Füchse Berlin,TBV Lemgo,h2h,Füchse Berlin,Tipico,1.1,0.8200137655489684,2026-10-11T16:00:00Z,SHADOW,OPEN,,,c127bc84508e951860e28dd2659c07a2
173,2026-10-08T12:20:44.217319+00:00,handball,handball_germany_bundesliga,e2615050e2c168e25452ff65f257ef04,Füchse Berlin vs TBV Lemgo,Füchse Berlin,TBV Lemgo,h2h,TBV Lemgo,Tipico,9.5,0.11177666500119249,2026-10-11T16:00:00Z,SHADOW,OPEN,,,388e60f299e114d086dacec7972c72b6
174,2026-10-08T12:20:44.217319+00:00,handball,handball_germany_bundesliga,e2615050e2c168e25452ff65f257ef04,Füchse Berlin vs TBV Lemgo,Füchse Berlin,TBV Lemgo,h2h,Draw,Tipico,14.0,0.06820956944983902,2026-10-11T16:00:00Z,SHADOW,OPEN,,,73ed4437c016f20fd1f296d7dd4491d6
