source_hash,league,home_team,away_team,home_goals,away_goals,processed_at
4e388fab28b6586538f1bba9,La Liga,Espanyol,Levante,3,0,2026-08-20T13:18:40+00:00
afa7f779954736288ac690db,La Liga,Real Racing Club de Santander,Villarreal,2,2,2026-08-20T13:18:40+00:00
1df092392ed1e7f66fa73f8a,Eredivisie,Go Ahead Eagles,Willem II,4,1,2026-08-20T13:18:40+00:00
91b999d39069c47bff7f5170,League One,Notts County,Leicester City,1,1,2026-08-20T13:18:40+00:00
703141b85615b7beaeec85de,League One,Barnsley,Bromley FC,0,1,2026-08-20T13:18:40+00:00
53671f4cc5a9191dec53d348,League One,Bradford City,Peterborough United,2,0,2026-08-20T13:18:40+00:00
f0cdf6a7903681e691a6a067,League Two,Grimsby Town,Exeter City,1,0,2026-08-20T13:18:40+00:00
7f5d147b491dad25a101bf55,Scottish Premiership,Aberdeen,Hearts,2,1,2026-08-20T13:18:40+00:00
c1fee4eb3db22c9cbc1f7ef9,Austrian Bundesliga,WSG Tirol,Sturm Graz,1,1,2026-08-20T13:18:40+00:00
061d04d6b15bfdc576b8b7f9,Austrian Bundesliga,Rapid Wien,Rheindorf Altach,1,0,2026-08-20T13:18:40+00:00
2e5f445a2b656ef5e95575c8,Danish Superliga,AC Horsens,FC Nordsjaelland,1,1,2026-08-20T13:18:40+00:00
df504c0452d29331533aa5d1,Eliteserien,Sandefjord,HamKam,2,2,2026-08-20T13:18:40+00:00
6ab37b23cff9771f030c2767,Eliteserien,Sarpsborg FK,Viking FK,1,0,2026-08-20T13:18:40+00:00
0e08f2d74df2729a0bf3b8b0,Allsvenskan,Västerås SK,Degerfors IF,2,0,2026-08-20T13:18:40+00:00
943a0e27354f33a1d60fdc66,Allsvenskan,Malmo FF,IFK Goteborg,4,0,2026-08-20T13:18:40+00:00
7e100a08c2216d0202332f8d,Allsvenskan,GAIS,IF Elfsborg,1,0,2026-08-20T13:18:40+00:00
cb3e6587200eab33c7d9b566,Allsvenskan,IF Brommapojkarna,IK Sirius,1,2,2026-08-20T13:18:40+00:00
387fbfb2572dc7caf13fed7a,Allsvenskan,IFK Goteborg,IF Brommapojkarna,2,1,2026-08-20T13:18:40+00:00
ff136dc0d6a69dc82c94091a,Allsvenskan,Mjällby AIF,Västerås SK,0,0,2026-08-20T13:18:40+00:00
17e9d54e50e451ef4650eded,2. Bundesliga,VfL Bochum,Hertha Berlin,0,1,2026-08-20T13:18:40+00:00
a7029924acd313dc3ecf4ca6,2. Bundesliga,Karlsruher SC,Arminia Bielefeld,2,1,2026-08-20T13:18:40+00:00
424b50e4126d70375bba44a0,2. Bundesliga,SV Darmstadt 98,Holstein Kiel,2,2,2026-08-20T13:18:40+00:00
23dd8965eb0be580a5f08883,2. Bundesliga,1. FC Nürnberg,Dynamo Dresden,3,0,2026-08-20T13:18:40+00:00
9f46a8f034b2fd1ce899165a,2. Bundesliga,FC Energie Cottbus,Hannover 96,3,1,2026-08-20T13:18:40+00:00
5bd3c444110383700f440370,Brazil Serie A,Botafogo,Santos,2,1,2026-08-20T13:18:40+00:00
1c41120dba1acbbb8e997bcf,Brazil Serie A,Fluminense,Bragantino-SP,1,1,2026-08-20T13:18:40+00:00
a1052f8d8edbc83a09b1d35b,Brazil Serie A,Mirassol,Grêmio,2,1,2026-08-20T13:18:40+00:00
0d83cfbba89f955de55fba29,Brazil Serie A,Coritiba,Palmeiras,1,3,2026-08-20T13:18:40+00:00
ea7c8d12e7fe4f84b8846c7f,Brazil Serie A,Sao Paulo,Atletico Paranaense,1,2,2026-08-20T13:18:40+00:00
6056e5c2a73bfee7a5668c34,Argentina Primera Division,Sarmiento de Junin,Argentinos Juniors,2,3,2026-08-20T13:18:40+00:00
c2402ef8e7ef0a7940a7eb68,Argentina Primera Division,Gimnasia Mendoza,Central Córdoba,1,0,2026-08-20T13:18:40+00:00
233ccc43aff073185fd1c04a,Argentina Primera Division,Estudiantes de Río Cuarto,CA Tigre BA,1,0,2026-08-20T13:18:40+00:00
f98b935baac718daf4eb4b81,Argentina Primera Division,Lanus,San Lorenzo,1,0,2026-08-20T13:18:40+00:00
5e1a5da227014ca0c5b7ea84,Argentina Primera Division,Deportivo Riestra,Boca Juniors,3,0,2026-08-20T13:18:40+00:00
ef451a27e2a34e260b6fa144,Liga MX,Tijuana,Tigres,3,1,2026-08-20T13:18:40+00:00
4d276ec42adea2b88b72bedc,Liga MX,Atlético San Luis,Cruz Azul,2,3,2026-08-20T13:18:40+00:00
93a536debd304d5aad930b80,Liga MX,Querétaro,América,0,1,2026-08-20T13:18:40+00:00
0755183ef0289eb0063b0411,FIFA World Cup,Norway,England,1,2,2026-08-20T13:18:40+00:00
31fdce39f64aa5342b03b4cc,Eliteserien,Sarpsborg FK,Viking FK,1,0,2026-08-20T13:18:40+00:00
93f166694b86626b0b86d7ae,Liga MX,Necaxa,Atlante FC,2,1,2026-08-20T13:18:40+00:00
7709da5e7c09ec5afd758115,Eliteserien,Rosenborg,Kristiansund BK,3,0,2026-08-20T13:18:40+00:00
485c4b4069d6bef2619e4987,MLS,FC Cincinnati,Vancouver Whitecaps FC,4,3,2026-08-20T13:18:40+00:00
d59f0c1975170be0e005180a,MLS,Sporting Kansas City,Minnesota United FC,2,1,2026-08-20T13:18:40+00:00
6becb0adb302d327ec0ee0c3,MLS,Los Angeles FC,Real Salt Lake,3,1,2026-08-20T13:18:40+00:00
88bbca62f26e150e23500a5a,Allsvenskan,Malmo FF,IFK Goteborg,4,0,2026-08-20T13:18:40+00:00
65be934425f27d901a38517e,Eliteserien,KFUM,Bodø/Glimt,0,2,2026-08-20T13:18:40+00:00
5923bdee8ccb16a08cd11877,Allsvenskan,Västerås SK,Degerfors IF,2,0,2026-08-20T13:18:40+00:00
3c4330ca5f6386cedcaa08f2,Eliteserien,Sandefjord,HamKam,2,2,2026-08-20T13:18:40+00:00
02f1b3299b7b2c220f64be57,Allsvenskan,IF Brommapojkarna,IK Sirius,1,2,2026-08-20T13:18:40+00:00
bade1d08df25be1405893702,Allsvenskan,IF Elfsborg,IK Sirius,1,3,2026-08-20T13:18:40+00:00
dcd85d7268ed4650ec0eadd6,Liga MX,Toluca,Pumas,1,2,2026-08-20T13:18:40+00:00
19766604b8d236ab0b226459,Eliteserien,HamKam,Tromso,1,4,2026-08-20T13:18:40+00:00
a885c420876e7c15c1cc165d,Eliteserien,Lillestrom,KFUM,2,1,2026-08-20T13:18:40+00:00
c59ff0a69d1436f011344c86,Allsvenskan,Kalmar FF,Malmo FF,2,2,2026-08-20T13:18:40+00:00
c475d1726db0acd1efd86486,2. Bundesliga,1. FC Heidenheim,VfL Osnabrück,4,3,2026-08-20T13:18:40+00:00
6c9a245abbe91bc970176ef3,2. Bundesliga,1. FC Magdeburg,Eintracht Braunschweig,1,6,2026-08-20T13:18:40+00:00
ae72ddc26bfef3126b8cb7c6,2. Bundesliga,FC St. Pauli,Greuther Fürth,1,1,2026-08-20T13:18:40+00:00
77fdbdec0652aee7853dd75e,Liga MX,Atlante FC,América,1,1,2026-08-20T13:18:40+00:00
0506daf82b86dda831436ef2,Liga MX,Pachuca,Querétaro,1,2,2026-08-20T13:18:40+00:00
b58601a363e9f4e0d5fc0322,League One,Leyton Orient,Sheffield Wednesday,1,2,2026-08-20T13:18:40+00:00
2bc62f483970678622fd92e7,Danish Superliga,Randers FC,Silkeborg IF,1,1,2026-08-20T13:18:40+00:00
0afc3d0d3ab85b391a6b0d5b,2. Bundesliga,1. FC Nürnberg,Dynamo Dresden,3,0,2026-08-20T13:18:40+00:00
98106b3e8887ca1d54edc39b,Argentina Primera Division,Velez Sarsfield BA,Instituto de Córdoba,1,0,2026-08-20T13:18:40+00:00
9ffbd0fe9e1a85518c356883,Eliteserien,Vålerenga,Aalesund,6,1,2026-08-20T13:18:40+00:00
eb80f1d3ebbbe132a4fb9409,Liga MX,Tijuana,Tigres,3,1,2026-08-20T13:18:40+00:00
8cb7d9296dfd15103c2c8d04,Belgian Pro League,Charleroi,Leuven,3,1,2026-08-20T13:18:40+00:00
fd77b6fe9f863ae1cd01f97a,Belgian Pro League,SV Zulte-Waregem,Genk,2,1,2026-08-20T13:18:40+00:00
28dc0e4b9444c45334dc2f90,Eliteserien,Vålerenga,Aalesund,6,1,2026-08-20T13:18:40+00:00
14dd36c5ce69b4888d0d03ce,MLS,Inter Miami CF,Chicago Fire,3,2,2026-08-20T13:18:40+00:00
1fd87407e348ce26241dd8fe,MLS,FC Cincinnati,Vancouver Whitecaps FC,4,3,2026-08-20T13:18:40+00:00
0a4d5c6521d52e3322f0f7bb,Liga MX,Querétaro,América,0,1,2026-08-20T13:18:40+00:00
caf6e2be8752be8390fd0715,La Liga,Espanyol,Levante,3,0,2026-08-20T13:18:40+00:00
f9a36727781df137d64d572f,Allsvenskan,AIK,GAIS,2,0,2026-08-20T13:18:40+00:00
c7bb662c7408f8ea47e90f52,MLS,Philadelphia Union,New York Red Bulls,3,1,2026-08-20T13:18:40+00:00
45f672374fed596d0bde4e3e,MLS,Charlotte FC,Atlanta United FC,2,2,2026-08-20T13:18:40+00:00
ebb92e2a1fc9e7b06b48eb9b,MLS,Austin FC,Seattle Sounders FC,3,1,2026-08-20T13:18:40+00:00
a9d1d7a96cd19b2316c46f3e,MLS,LA Galaxy,St. Louis City SC,1,3,2026-08-20T13:18:40+00:00
42d50c9f1038e8963d78431b,Brazil Serie A,Atletico Paranaense,Internacional,2,0,2026-08-20T13:18:40+00:00
939905fee52c5140c80b6cdf,Brazil Serie A,Cruzeiro,Botafogo,0,1,2026-08-20T13:18:40+00:00
c524a0900078016941bc7a48,FIFA World Cup,France,England,4,6,2026-08-20T13:18:40+00:00
a8546a5b0ace27a2c7311176,FIFA World Cup,Spain,Argentina,1,0,2026-08-20T13:18:40+00:00
31fb27cfcd24c4541a9e5a3d,League One,Oxford United,Milton Keynes Dons,2,2,2026-08-20T13:18:40+00:00
0c8452221fb79ad95f269326,Eliteserien,SK Brann,Vålerenga,2,3,2026-08-20T13:18:41+00:00
a133b3d3659f0549d5713673,Eliteserien,Rosenborg,Fredrikstad FK,4,0,2026-08-20T13:18:41+00:00
826ac532d8d154ca84c69b33,Allsvenskan,Malmo FF,IF Elfsborg,1,2,2026-08-20T13:18:41+00:00
d7e5a31a299ca171999470dd,Allsvenskan,BK Hacken,AIK,0,0,2026-08-20T13:18:41+00:00
8be8bb3eb3fb2fa907b1e9a4,MLS,Columbus Crew SC,FC Cincinnati,2,1,2026-08-20T13:18:41+00:00
6a7093546e787e2607dbd793,MLS,New England Revolution,Atlanta United FC,4,1,2026-08-20T13:18:41+00:00
3c480f4b2b3bed04bf52c961,MLS,D.C. United,Toronto FC,2,1,2026-08-20T13:18:41+00:00
cb5904d7f732fc47f645a90a,MLS,San Jose Earthquakes,LA Galaxy,1,1,2026-08-20T13:18:41+00:00
a7a5f97adf171199cbeeb4b5,MLS,Houston Dynamo,Austin FC,3,0,2026-08-20T13:18:41+00:00
8dcc55edecbefddf79e72ed1,MLS,St. Louis City SC,Colorado Rapids,1,0,2026-08-20T13:18:41+00:00
3ee4276b647fe029f0832ded,MLS,Minnesota United FC,Vancouver Whitecaps FC,0,0,2026-08-20T13:18:41+00:00
7a3083ccfcf3a6a7d5492ae4,MLS,San Jose Earthquakes,LA Galaxy,1,1,2026-08-20T13:18:41+00:00
8b54044b0d36816d28ae4716,Eliteserien,Lillestrom,Viking FK,1,2,2026-08-20T13:18:41+00:00
34041c5f3b3f88c73f8922be,MLS,New England Revolution,Toronto FC,0,0,2026-08-20T13:18:41+00:00
07b41f947d0aefde39a247cf,MLS,Houston Dynamo,D.C. United,1,1,2026-08-20T13:18:41+00:00
b60def1d99476eb51bdb7748,MLS,Colorado Rapids,San Diego FC,1,0,2026-08-20T13:18:41+00:00
b3bff4993aeebabf686eaa94,Danish Superliga,Viborg FF,OB Odense BK,1,0,2026-08-20T13:18:41+00:00
1fdc02c1be4286d5124045fc,MLS,CF Montreal,Inter Miami CF,0,1,2026-08-20T13:18:41+00:00
d4040ac2b236be8af791e616,Argentina Primera Division,Boca Juniors,Estudiantes,1,0,2026-08-20T13:18:41+00:00
7cffa759a35260097911d49f,Liga MX,Querétaro,Tigres,3,2,2026-08-20T13:18:41+00:00
79f73cc994ac42a0b20452c4,MLS,Austin FC,Seattle Sounders FC,3,1,2026-08-20T13:18:41+00:00
aff71449b4e204a833f7563a,Argentina Primera Division,River Plate,Barracas Central,0,1,2026-08-20T13:18:41+00:00
f31e8578c7a71a499f158e11,La Liga,Sevilla,Rayo Vallecano,2,1,2026-08-20T13:18:41+00:00
6ed54dde7268e26903a151ee,MLS,Columbus Crew SC,FC Cincinnati,2,1,2026-08-20T13:18:41+00:00
e63f905b7ea10523f1c54b7a,MLS,CF Montreal,Inter Miami CF,0,1,2026-08-20T13:18:41+00:00
d9dd9246c4b87b92205a0774,Brazil Serie A,Atletico Mineiro,Bahia,1,1,2026-08-20T13:18:41+00:00
ce750d434fac87dcbbb2e09c,Eliteserien,Sarpsborg FK,HamKam,1,0,2026-08-20T13:18:41+00:00
27bdfcf0b74617575c88f66d,MLS,Columbus Crew SC,New York City FC,1,2,2026-08-20T13:18:41+00:00
880526ba52b696c94fa867e2,La Liga,Real Racing Club de Santander,Villarreal,2,2,2026-08-20T13:18:41+00:00
d1624818cf7e9661650b1d33,MLS,Orlando City SC,Nashville SC,1,0,2026-08-20T13:18:41+00:00
9b34bf1218197a208a6569a5,Brazil Serie A,Fluminense,Bahia,0,0,2026-08-20T13:18:41+00:00
4d3ff9a7465ad8c37810e631,Brazil Serie A,Corinthians,Atletico Paranaense,0,0,2026-08-20T13:18:41+00:00
e7079a089518d1fd37c3c920,Swiss Super League,FC Luzern,FC Thun,1,3,2026-08-20T13:18:41+00:00
fecc12286d7c889bf3b579bb,Brazil Serie A,Vasco da Gama,Mirassol,1,1,2026-08-20T13:18:41+00:00
b2e792534d30344628abeca3,Argentina Primera Division,Estudiantes,Independiente,0,2,2026-08-20T13:18:41+00:00
3e921f1b86987fc29bb22aff,Argentina Primera Division,Banfield,Sarmiento de Junin,3,2,2026-08-20T13:18:41+00:00
09264565f51184b6b937ff41,Liga MX,Atlante FC,América,1,1,2026-08-20T13:18:41+00:00
9da05fd45448689cff09592a,Eredivisie,Go Ahead Eagles,Willem II,4,1,2026-08-20T13:18:41+00:00
cc85af6433136fed3634981e,Argentina Primera Division,Platense,Union Santa Fe,2,2,2026-08-20T13:18:41+00:00
0cab2322dba66741bb86b6af,Swiss Super League,FC Lausanne-Sport,Grasshopper Zürich,1,1,2026-08-20T13:18:41+00:00
5ae3d6cf481a98c3646f1d1a,Argentina Primera Division,San Lorenzo,Gimnasia Mendoza,1,0,2026-08-20T13:18:41+00:00
9b69ba77e6f45d28cf76bac5,Argentina Primera Division,Defensa y Justicia,Deportivo Riestra,2,1,2026-08-20T13:18:41+00:00
76abc121252f51f5f33c2348,Argentina Primera Division,Gimnasia La Plata,River Plate,1,0,2026-08-20T13:18:41+00:00
5311385489e8ce18f2cfc01e,Argentina Primera Division,Lanus,Instituto de Córdoba,0,1,2026-08-20T13:18:41+00:00
4e70c8ff3c9283aca3616ecb,Argentina Primera Division,Union Santa Fe,Lanus,2,1,2026-08-20T13:18:41+00:00
c488cfcc22a27fc6b43144db,Danish Superliga,Silkeborg IF,FC Copenhagen,1,3,2026-08-20T13:18:41+00:00
2cf02023068811630c8e6f2a,Swiss Super League,Servette,FC Basel,0,1,2026-08-20T13:18:41+00:00
3870f139d5e8b893b90a0475,Swiss Super League,FC St Gallen,FC Zurich,2,1,2026-08-20T13:18:41+00:00
59e684fd6a38ef0f74c81de1,Danish Superliga,FC Nordsjaelland,Randers FC,1,0,2026-08-20T13:18:41+00:00
0b99a0c261595830319918ed,Danish Superliga,Brondby IF,Viborg FF,1,0,2026-08-20T13:18:41+00:00
e7af5962049d9e4329cf6e1b,Liga MX,Necaxa,Monterrey,2,1,2026-08-20T13:18:41+00:00
09982c47ff2fdcb009f12f70,MLS,Inter Miami CF,Columbus Crew SC,2,2,2026-08-20T13:18:41+00:00
8c7a4975a9400175aa915844,MLS,Vancouver Whitecaps FC,Los Angeles FC,1,1,2026-08-20T13:18:41+00:00
0eb70fed07cdb05eaa3575ef,MLS,Sporting Kansas City,Houston Dynamo,0,2,2026-08-20T13:18:41+00:00
c710d8aee1c4491b9c429b33,MLS,Colorado Rapids,Austin FC,1,0,2026-08-20T13:18:41+00:00
574a2f22a705da96f66e3e95,Liga MX,Puebla,Guadalajara,1,1,2026-08-20T13:18:41+00:00
465a6459f255f9b8a579ed45,Swiss Super League,FC Zurich,Servette,2,1,2026-08-20T13:18:41+00:00
1223ccf8c513783bfc377470,Swiss Super League,Grasshopper Zürich,FC Lugano,1,4,2026-08-20T13:18:41+00:00
b7f19a641c057c3b92c07bbc,Danish Superliga,Lyngby,AGF Aarhus,2,2,2026-08-20T13:18:41+00:00
c6825468803a28e4ad68c92f,Eliteserien,Molde,Sarpsborg FK,3,3,2026-08-20T13:18:41+00:00
bb71f19658c6b7b318c9c71f,Brazil Serie A,Grêmio,Fluminense,1,1,2026-08-20T13:18:41+00:00
6cb61a6300e3041165b5b866,Brazil Serie A,Internacional,Flamengo,1,1,2026-08-20T13:18:41+00:00
400f29a9c16e3c87109e1f5f,Turkish Super Lig,Kasimpasa SK,Trabzonspor,1,1,2026-08-20T13:18:41+00:00
aa8304edea28741198a4ba19,Austrian Bundesliga,LASK,Grazer AK,3,0,2026-08-20T13:18:41+00:00
59b0a0f005190a1648abddbc,Swiss Super League,FC Sion,FC Luzern,3,0,2026-08-20T13:18:41+00:00
36fc32a63694315e798b5e02,Brazil Serie A,Vitoria,Palmeiras,0,4,2026-08-20T13:18:41+00:00
b96361c5e7022ad9d568888b,Eliteserien,SK Brann,Rosenborg,3,2,2026-08-20T13:18:41+00:00
f13fb980f596077ddc49ccc4,Allsvenskan,BK Hacken,Kalmar FF,1,1,2026-08-20T13:18:41+00:00
2075b2522ac192beb3be53ec,MLS,New York City FC,Toronto FC,1,1,2026-08-20T13:18:41+00:00
ace09b2aff63c58ffc182ff6,MLS,Philadelphia Union,Atlanta United FC,3,2,2026-08-20T13:18:41+00:00
29f9787e6096e17a941dbd5a,MLS,Vancouver Whitecaps FC,Los Angeles FC,1,1,2026-08-20T13:18:41+00:00
e929124d145d6ae62a7974be,MLS,Sporting Kansas City,Houston Dynamo,0,2,2026-08-20T13:18:41+00:00
90d6c203183bd1540b2d954a,MLS,Minnesota United FC,San Diego FC,1,1,2026-08-20T13:18:41+00:00
411377a7459027482b7c362b,MLS,Portland Timbers,Seattle Sounders FC,2,1,2026-08-20T13:18:41+00:00
c23f2b9a10850d962129c188,MLS,Houston Dynamo,LA Galaxy,1,0,2026-08-20T13:18:41+00:00
feec423deb0b2d9457d0de0f,MLS,Real Salt Lake,Minnesota United FC,1,1,2026-08-20T13:18:41+00:00
b9b56d78d4582554720934e5,Brazil Serie A,Bahia,Vasco da Gama,0,0,2026-08-20T13:18:41+00:00
21c1dc6f8bbc2e072e8d0ae4,Argentina Primera Division,Rosario Central,Racing Club,0,0,2026-08-20T13:18:41+00:00
87d542a6f3b816dbb523d9c6,Eliteserien,Aalesund,Tromso,2,6,2026-08-20T13:18:41+00:00
79526ffd7a48740434fd1c5f,MLS,New York City FC,Philadelphia Union,2,3,2026-08-20T13:18:41+00:00
862033c06c0f6101d2084066,Championship,Watford,Southampton,2,1,2026-08-20T13:18:41+00:00
d6492f0212c8cb5a21bdfa35,Turkish Super Lig,Amed SK,Erzurum BB,3,0,2026-08-20T13:18:41+00:00
dfd457e7496e7b6728589bb4,MLS,St. Louis City SC,Real Salt Lake,1,1,2026-08-20T13:18:41+00:00
ae842f9fa53e8fd38df948ab,MLS,Colorado Rapids,Austin FC,1,0,2026-08-20T13:18:41+00:00
bb19a61eb14273d7517521cc,MLS,San Jose Earthquakes,St. Louis City SC,1,3,2026-08-20T13:18:41+00:00
b6c9442615322eb4effa92dd,Brazil Serie A,Coritiba,Cruzeiro,0,1,2026-08-20T13:18:41+00:00
9010cfd2396c3491ea9fd214,Swiss Super League,FC Basel,FC Lausanne-Sport,0,1,2026-08-20T13:18:41+00:00
7116d1be36c3b6b1fe08a547,Swiss Super League,FC Thun,BSC Young Boys,0,6,2026-08-20T13:18:41+00:00
6f3af70e6a041bd531d08aed,Argentina Primera Division,Racing Club,CA Tigre BA,1,3,2026-08-20T13:18:41+00:00
87ee8eb507a5ab9739ca2a45,Argentina Primera Division,Newells Old Boys,Boca Juniors,2,2,2026-08-20T13:18:41+00:00
5c63a932444233464ee248f5,MLS,Portland Timbers,Seattle Sounders FC,2,1,2026-08-20T13:18:41+00:00
5f5338dbe51c3eb5a497daad,Argentina Primera Division,Barracas Central,Aldosivi Mar del Plata,1,0,2026-08-20T13:18:41+00:00
a2a7195f26d3ad283bc4918b,Argentina Primera Division,Talleres,Velez Sarsfield BA,1,3,2026-08-20T13:18:41+00:00
6b19816ecb33be049107aade,Primeira Liga,Gil Vicente,Rio Ave FC,1,0,2026-08-20T13:18:41+00:00
ec32ed741cc2527218d4c040,Primeira Liga,Santa Clara,Nacional,2,2,2026-08-20T13:18:41+00:00
d3d3092dd3f64998b0177cc3,Allsvenskan,BK Hacken,Kalmar FF,1,1,2026-08-20T13:18:41+00:00
929291d80ae7c585dcd205ff,Argentina Primera Division,Deportivo Riestra,Barracas Central,0,1,2026-08-20T13:18:41+00:00
68be68aff6f4ab25842c67ee,Argentina Primera Division,River Plate,Rosario Central,0,1,2026-08-20T13:18:41+00:00
ca5aa2e2a9809b1b50580a7f,Primeira Liga,Estoril,Famalicão,1,1,2026-08-20T13:18:41+00:00
bfc0a2187e963b8549e9f307,Eliteserien,Molde,Sarpsborg FK,3,3,2026-08-20T13:18:41+00:00
d1de1f6a60e08a9462f88d79,MLS,D.C. United,Nashville SC,2,2,2026-08-20T13:18:41+00:00
875064ad35d35f106465333b,MLS,LA Galaxy,FC Dallas,0,0,2026-08-20T13:18:41+00:00
c033a226a1f2bd48e9abab8a,Argentina Primera Division,Central Córdoba,Atlético Tucuman,0,2,2026-08-20T13:18:41+00:00
6576b80b503993a609884c54,Argentina Primera Division,CA Tigre BA,River Plate,1,0,2026-08-20T13:18:41+00:00
e67eb209dc4df6309cf9dd19,Liga MX,Puebla,Guadalajara,1,1,2026-08-20T13:18:41+00:00
96cece64777715abe4e9cc46,Scottish Premiership,Falkirk F.C.,St Mirren,0,2,2026-08-20T13:18:41+00:00
6bb94b771ba718ed623594a4,Belgian Pro League,Gent,KV Mechelen,2,0,2026-08-20T13:18:41+00:00
75f85e56092c51f54c4be21e,Eliteserien,SK Brann,Rosenborg,3,2,2026-08-20T13:18:41+00:00
f1cd364b2b4a59ec146cc941,Allsvenskan,IF Brommapojkarna,Malmo FF,1,2,2026-08-20T13:18:41+00:00
ab27b2700eb838a10d7b8739,MLS,CF Montreal,New England Revolution,2,2,2026-08-20T13:18:41+00:00
8e1b5eeaf496b84cfb34e9ea,Argentina Primera Division,Gimnasia Mendoza,Union Santa Fe,2,0,2026-08-20T13:18:41+00:00
7cbe4ab25e690e4208e696d3,Argentina Primera Division,Atlético Huracán,Atlético Tucuman,0,0,2026-08-20T13:18:41+00:00
713334026d841bd9adc766c3,Liga MX,Atlético San Luis,Tijuana,0,0,2026-08-20T13:18:41+00:00
6c3f8231d08a866117cd46b8,J-League,Yokohama F Marinos,Kashima Antlers,3,4,2026-08-20T13:18:41+00:00
ec3e4eb0c1bc49a9f80063ee,MLS,CF Montreal,New England Revolution,2,2,2026-08-20T13:18:41+00:00
f3240f774afc64c3940b7d5c,Argentina Primera Division,Velez Sarsfield BA,Independiente,1,0,2026-08-20T13:18:41+00:00
9436cf644262c5d12b414bd0,Allsvenskan,Mjällby AIF,IF Elfsborg,0,1,2026-08-20T13:18:41+00:00
6bd7ca039d3254ed23f2d9e4,2. Bundesliga,FC St. Pauli,Greuther Fürth,1,1,2026-08-20T13:18:41+00:00
9c822596f408329ce11ae4eb,Ligue 2,Sochaux,Saint Etienne,0,3,2026-08-20T13:18:41+00:00
254a3690f4b86bd10585db57,MLS,FC Cincinnati,San Jose Earthquakes,4,2,2026-08-20T13:18:41+00:00
f10c903c4c1b45d2aa07e9b3,J-League,Avispa Fukuoka,Vissel Kobe,0,1,2026-08-20T13:18:41+00:00
fdc4c56c2b2445ea43f19145,Danish Superliga,Silkeborg IF,FC Copenhagen,1,3,2026-08-20T13:18:41+00:00
0c9be266a50b03c75ea6e142,Ligue 2,Clermont,Stade de Reims,0,0,2026-08-20T13:18:41+00:00
f54a9df8edc32eedd49bb9dc,MLS,Real Salt Lake,Minnesota United FC,1,1,2026-08-20T13:18:41+00:00
266d80bc6c5b1e0b2b27c91e,Argentina Primera Division,Sarmiento de Junin,Independiente Rivadavia,2,1,2026-08-20T13:18:41+00:00
07aaaf8bfacced7be5bbb13d,Austrian Bundesliga,Austria Lustenau,Ried,1,1,2026-08-20T13:18:41+00:00
87b8c4528ae41a4eaeb89686,Austrian Bundesliga,Wolfsberger AC,Austria Wien,3,0,2026-08-20T13:18:41+00:00
840d422355217d1843fbe5bc,Austrian Bundesliga,Rheindorf Altach,WSG Tirol,3,1,2026-08-20T13:18:41+00:00
bf37eb86d051f4037302b07d,Eliteserien,Kristiansund BK,Molde,2,1,2026-08-20T13:18:41+00:00
d294e4c02d7b7c4b0d2cbea8,Allsvenskan,Örgryte IS,AIK,3,4,2026-08-20T13:18:41+00:00
1b1999d21c500829bbfc4a88,Allsvenskan,Halmstads BK,GAIS,0,2,2026-08-20T13:18:41+00:00
0c69be21c77077ef84c99653,Allsvenskan,Västerås SK,Djurgardens IF,1,0,2026-08-20T13:18:41+00:00
675bb2f64f5426e925dc3fc1,MLS,Nashville SC,Inter Miami CF,4,1,2026-08-20T13:18:41+00:00
df06d1f22199b825120003d6,MLS,Orlando City SC,Chicago Fire,1,2,2026-08-20T13:18:41+00:00
925926b5a789ae0f20e3ea36,MLS,Real Salt Lake,FC Dallas,3,4,2026-08-20T13:18:41+00:00
36f78783b6094d8e584052b2,Brazil Serie A,Mirassol,Flamengo,1,5,2026-08-20T13:18:41+00:00
644a4236e46aa8e3fbd27636,Argentina Primera Division,CA Tigre BA,River Plate,1,0,2026-08-20T13:18:41+00:00
736dee19d591c9b693fb3a45,Austrian Bundesliga,Austria Lustenau,Ried,1,1,2026-08-20T13:18:41+00:00
d459f915e5f437165e042b62,Austrian Bundesliga,Grazer AK,Austria Lustenau,2,1,2026-08-20T13:18:41+00:00
9978052117cff28d62f4bf40,Scottish Premiership,Hibernian,Motherwell,1,2,2026-08-20T13:18:41+00:00
22c139e228d5cb7292503b20,Primeira Liga,Vitória SC,Arouca,0,1,2026-08-20T13:18:41+00:00
53fff980728842aa4d3e8913,Austrian Bundesliga,Wolfsberger AC,RB Salzburg,1,1,2026-08-20T13:18:41+00:00
c44ad85a3468048bcc404fd0,Danish Superliga,Randers FC,Lyngby,2,0,2026-08-20T13:18:41+00:00
00e22dc9dfc96e62fb66f452,MLS,New York City FC,Philadelphia Union,2,3,2026-08-20T13:18:41+00:00
5aa88e2d3751b54fb7932354,MLS,FC Cincinnati,New York City FC,2,1,2026-08-20T13:18:41+00:00
e5e612e10cf4705624ada75d,Argentina Primera Division,Belgrano de Cordoba,Independiente Rivadavia,2,0,2026-08-20T13:18:41+00:00
b5a1d01c857017a1abc5de49,Argentina Primera Division,Newells Old Boys,Deportivo Riestra,2,0,2026-08-20T13:18:41+00:00
69832bd7ee814f244d6bf2cf,Argentina Primera Division,Platense,Boca Juniors,1,1,2026-08-20T13:18:41+00:00
b7b6e448ad1239657f2240d0,Argentina Primera Division,Barracas Central,Rosario Central,0,1,2026-08-20T13:18:41+00:00
7ae8ad188e44f34a48ff3c73,MLS,San Jose Earthquakes,St. Louis City SC,1,3,2026-08-20T13:18:41+00:00
4cd0e582829fb8dafc39cd19,MLS,Austin FC,FC Dallas,1,2,2026-08-20T13:18:41+00:00
ee4fb310df71cdd1dced9acb,Turkish Super Lig,Basaksehir,Kocaelispor,2,0,2026-08-20T13:18:41+00:00
ff2b00b5720aecd6652b5329,Eliteserien,Sandefjord,KFUM,0,1,2026-08-20T13:18:41+00:00
f1277af11eecbac41b931b71,Segunda Division,Real Sociedad B,CD Castellón,0,1,2026-08-20T13:18:41+00:00
b3dd0321f9fd8cfafe9a7c7d,Ligue 2,Nantes,Red Star,0,1,2026-08-20T13:18:41+00:00
46d6a9ebe4c2e228dcdbba77,MLS,New York Red Bulls,Nashville SC,0,1,2026-08-20T13:18:41+00:00
a82b5f88a7f6d1585b478799,MLS,Sporting Kansas City,St. Louis City SC,1,1,2026-08-20T13:18:41+00:00
4c15c711a05a1139c2792914,League Two,Newport County,Rochdale,3,0,2026-08-20T13:18:41+00:00
4c0178b377cf9c1758d062d9,Scottish Premiership,Motherwell,Falkirk F.C.,0,0,2026-08-20T13:18:41+00:00
ae4e4906bef6f57c40212578,Ligue 2,Montpellier,Dijon,1,1,2026-08-20T13:18:41+00:00
885813a4ee34a59c27bed983,Argentina Primera Division,Deportivo Riestra,Estudiantes,2,0,2026-08-20T13:18:41+00:00
f53301a5b973d5303ca568bc,2. Bundesliga,FC Energie Cottbus,Hannover 96,3,1,2026-08-20T13:18:41+00:00
f41d79ceb9e6cf0590bbd6f5,MLS,Seattle Sounders FC,Vancouver Whitecaps FC,0,2,2026-08-20T13:18:41+00:00
b22a4c3969f05958b3de4000,MLS,LA Galaxy,San Jose Earthquakes,1,0,2026-08-20T13:18:42+00:00
b66af8570b1714628d8708c1,Liga MX,Atlas,Tigres,2,1,2026-08-20T13:18:42+00:00
00a97fd8123b80378079183f,Eliteserien,Kristiansund BK,Molde,2,1,2026-08-20T13:18:42+00:00
78dda1686757e72ef72fde84,Argentina Primera Division,Estudiantes,Gimnasia La Plata,4,0,2026-08-20T13:18:42+00:00
d35687438788f92102d700c2,J-League,Cerezo Osaka,Fagiano Okayama,2,1,2026-08-20T13:18:42+00:00
2c757959e3054d44da827db6,J-League,Tokyo Verdy,Kawasaki Frontale,1,1,2026-08-20T13:18:42+00:00
e5b284430c79991ad26fb7c9,League One,Reading,Luton,3,4,2026-08-20T13:18:42+00:00
866a959ef415b58059e6ba08,Belgian Pro League,Westerlo,Union Saint-Gilloise,1,5,2026-08-20T13:18:42+00:00
f1f173991e407f12c65a4fcb,Swiss Super League,FC Basel,FC Thun,4,2,2026-08-20T13:18:42+00:00
22b30c453b8577f1fe985a60,Danish Superliga,SonderjyskE,Viborg FF,0,0,2026-08-20T13:18:42+00:00
f565ca570c1df651db95eee1,Allsvenskan,Mjällby AIF,IF Elfsborg,0,1,2026-08-20T13:18:42+00:00
b1e8adebaebfa7b1bb8aaa09,MLS,Orlando City SC,Chicago Fire,1,2,2026-08-20T13:18:42+00:00
f0f632dd86bbfa8672b3094c,Argentina Primera Division,Banfield,Belgrano de Cordoba,0,2,2026-08-20T13:18:42+00:00
d0effc00766998851d294c32,Argentina Primera Division,Central Córdoba,Instituto de Córdoba,0,1,2026-08-20T13:18:42+00:00
85c2dc697a3ed00834809852,Austrian Bundesliga,WSG Tirol,RB Salzburg,0,3,2026-08-20T13:18:42+00:00
0be5f04a194ecfa0d62c5fd8,Swiss Super League,FC St Gallen,FC Luzern,2,2,2026-08-20T13:18:42+00:00
b6e21aa1e641eec882027db7,Allsvenskan,Halmstads BK,GAIS,0,2,2026-08-20T13:18:42+00:00
cfbebfd68e88785d0a2cffea,MLS,Atlanta United FC,New York Red Bulls,2,1,2026-08-20T13:18:42+00:00
af265ecd6a4b85502afaec0c,MLS,D.C. United,New England Revolution,0,3,2026-08-20T13:18:42+00:00
adcc67b1c2db1763b029bd8b,MLS,Philadelphia Union,Inter Miami CF,2,2,2026-08-20T13:18:42+00:00
3d11042084c02a6591f4cff3,MLS,Minnesota United FC,Atlanta United FC,1,2,2026-08-20T13:18:42+00:00
98cf2770600ba9cbcc198270,MLS,Seattle Sounders FC,Austin FC,1,2,2026-08-20T13:18:42+00:00
6afb89d3a0ab3e4847435a89,MLS,Real Salt Lake,FC Dallas,3,4,2026-08-20T13:18:42+00:00
32f145ba70248bbd700bca73,Argentina Primera Division,River Plate,Argentinos Juniors,2,0,2026-08-20T13:18:42+00:00
0f0c5a2bea2922c9ae828454,Liga MX,Pumas,Querétaro,0,0,2026-08-20T13:18:42+00:00
32dee0fe0e3d4dbdefc78766,Liga MX,Pachuca,Puebla,2,3,2026-08-20T13:18:42+00:00
7d81cbfaf48bec2da4b339b6,Primeira Liga,Moreirense FC,Braga,2,2,2026-08-20T13:18:42+00:00
bec19012e0a9aecb6decd0ce,Swiss Super League,FC Lausanne-Sport,BSC Young Boys,2,2,2026-08-20T13:18:42+00:00
6782920612e25e6d83392c6c,Swiss Super League,FC Basel,FC Thun,4,2,2026-08-20T13:18:42+00:00
054c5478724151082c4be004,Eliteserien,Rosenborg,Viking FK,2,1,2026-08-20T13:18:42+00:00
8d852b328ffd269bb3a8fbf8,Ligue 2,USL Dunkerque,Grenoble,4,2,2026-08-20T13:18:42+00:00
7a0b17c68313678996c966c5,MLS,Nashville SC,Inter Miami CF,4,1,2026-08-20T13:18:42+00:00
830f2a07d913b5e8b0b31c20,MLS,Seattle Sounders FC,Vancouver Whitecaps FC,0,2,2026-08-20T13:18:42+00:00
33d28ed69cb041e7eddf8b29,Argentina Primera Division,Gimnasia Mendoza,Talleres,3,1,2026-08-20T13:18:42+00:00
a060e945bdee1606583e612b,Eredivisie,NEC Nijmegen,SC Telstar,1,2,2026-08-20T13:18:42+00:00
4c205983a076318777f41040,League Two,Chesterfield FC,Fleetwood Town,0,1,2026-08-20T13:18:42+00:00
e991fb8fd96b2f65c5b0786c,Swiss Super League,FC Lausanne-Sport,BSC Young Boys,2,2,2026-08-20T13:18:42+00:00
c472a051ded86daa544f832d,Eliteserien,IK Start,Fredrikstad FK,0,1,2026-08-20T13:18:42+00:00
6765db4d9c4b3f1ea6cf5a88,Ligue 2,Metz,Guingamp,2,1,2026-08-20T13:18:42+00:00
c4241b938c632475eb3466f9,Ligue 2,Rodez AF,Stade Lavallois,3,1,2026-08-20T13:18:42+00:00
6e4654f0e4e427122b938852,Brazil Serie A,Santos,Atletico Paranaense,0,2,2026-08-20T13:18:42+00:00
413e249db6ffc73ca0a27f90,J-League,Urawa Red Diamonds,Hiroshima Sanfrecce FC,1,4,2026-08-20T13:18:42+00:00
7d665155f9c55cf5ba25e475,La Liga,Alavés,Getafe,3,0,2026-08-20T13:18:42+00:00
7595e8c61dbaecd59bcdd979,Eredivisie,Heerenveen,FC Twente Enschede,1,0,2026-08-20T13:18:42+00:00
e13db12df85d327ef9434b94,Eredivisie,Excelsior,PSV Eindhoven,1,2,2026-08-20T13:18:42+00:00
7be492b9464c38cb205abd84,League Two,York City,Bristol Rovers,3,2,2026-08-20T13:18:42+00:00
22c09b5f43ec0f6f9f3665e4,Belgian Pro League,Leuven,Club Brugge,0,3,2026-08-20T13:18:42+00:00
b33936355b16295583546afc,Austrian Bundesliga,Austria Wien,LASK,0,2,2026-08-20T13:18:42+00:00
00b5955a973622ad615edd2d,Argentina Primera Division,Argentinos Juniors,Racing Club,2,1,2026-08-20T13:18:42+00:00
433751fad853eee588ec73ef,J-League,V-Varen Nagasaki,Kyoto Purple Sanga,2,1,2026-08-20T13:18:42+00:00
3a922beade4add81eb9cefa9,J-League,JEF United Chiba,FC Machida Zelvia,0,4,2026-08-20T13:18:42+00:00
0916241ab896581d119bdc0a,La Liga,Deportivo La Coruña,Elche CF,1,1,2026-08-20T13:18:42+00:00
917b980d1d34c36693eea3e4,Eredivisie,Fortuna Sittard,SC Cambuur,3,1,2026-08-20T13:18:42+00:00
f8f2c47824cfad2ec78a5b2f,Scottish Premiership,Rangers,Hibernian,1,2,2026-08-20T13:18:42+00:00
13b9a171ae75129c1f3dbf0c,Austrian Bundesliga,Austria Wien,LASK,0,2,2026-08-20T13:18:42+00:00
460ca08c53fb1950b0a2b453,Austrian Bundesliga,Austria Lustenau,Wolfsberger AC,2,1,2026-08-20T13:18:42+00:00
467c6d442e75c4f9dfb2573e,Danish Superliga,Lyngby,FC Midtjylland,1,1,2026-08-20T13:18:42+00:00
e9c6be55f9db7bb249651dcf,Danish Superliga,Randers FC,FC Copenhagen,0,4,2026-08-20T13:18:42+00:00
99102e3c66a84a41acadbcf6,Eliteserien,HamKam,Aalesund,1,1,2026-08-20T13:18:42+00:00
9da5a904d33134f6278ebd0b,Allsvenskan,IF Elfsborg,Västerås SK,3,0,2026-08-20T13:18:42+00:00
e9514949f6407849c2105dd7,Argentina Primera Division,Defensa y Justicia,Newells Old Boys,2,1,2026-08-20T13:18:42+00:00
90608dce9dde57e26119f159,Championship,Norwich City,West Bromwich Albion,1,2,2026-08-20T13:18:42+00:00
1ad32acfece11a5a64ba606b,Belgian Pro League,SK Beveren,Anderlecht,1,0,2026-08-20T13:18:42+00:00
77dd8602bc43a8cfc570bad0,Austrian Bundesliga,Rapid Wien,Grazer AK,8,0,2026-08-20T13:18:42+00:00
4259295fe8ad281bbfbf8d13,Allsvenskan,Degerfors IF,IFK Goteborg,3,0,2026-08-20T13:18:42+00:00
60373548ed25c0abea958187,Allsvenskan,Kalmar FF,Hammarby IF,0,4,2026-08-20T13:18:42+00:00
5d169ba5c0349def67a60b18,MLS,Toronto FC,Charlotte FC,3,3,2026-08-20T13:18:42+00:00
1892e554fca12858b1606daf,MLS,FC Cincinnati,New York City FC,2,1,2026-08-20T13:18:42+00:00
cd6e025363d0487ce00e5928,MLS,New York Red Bulls,Nashville SC,0,1,2026-08-20T13:18:42+00:00
3e7274b871bee234268e1591,Danish Superliga,Silkeborg IF,OB Odense BK,1,0,2026-08-20T13:18:42+00:00
af8ab2010f9531778bc473f0,2. Bundesliga,Arminia Bielefeld,FC Energie Cottbus,3,0,2026-08-20T13:18:42+00:00
06ae692cf70088458432322b,2. Bundesliga,Arminia Bielefeld,FC Energie Cottbus,3,0,2026-08-20T13:18:42+00:00
11d21abc9da1075f91b36fa6,MLS,CF Montreal,D.C. United,1,1,2026-08-20T13:18:42+00:00
627144b866c63519490cd348,MLS,Toronto FC,New England Revolution,2,1,2026-08-20T13:18:42+00:00
b818f0bb15268bcb1cc0b553,MLS,Colorado Rapids,Los Angeles FC,1,0,2026-08-20T13:18:42+00:00
9c4500d42f6dd3c913ee122e,Brazil Serie A,Atletico Paranaense,Bragantino-SP,1,1,2026-08-20T13:18:42+00:00
70446fd877f8a1942c831c70,Eliteserien,Fredrikstad FK,Kristiansund BK,1,0,2026-08-20T13:18:42+00:00
091276e7f303790ab0ee39f6,Primeira Liga,Arouca,Moreirense FC,4,0,2026-08-20T13:18:42+00:00
e7277d09e17d620755e48789,Segunda Division,SD Eibar,Tenerife,1,3,2026-08-20T13:18:42+00:00
03421139302a880fc8867370,Argentina Primera Division,Talleres,Lanus,0,3,2026-08-20T13:18:42+00:00
54d37539b558130bba80007e,Allsvenskan,Mjällby AIF,IK Sirius,4,3,2026-08-20T13:18:42+00:00
47c119d05e8683ceb7df13d8,Brazil Serie A,Vasco da Gama,Santos,0,3,2026-08-20T13:18:42+00:00
68da44fcd0f2f02593a73b04,Argentina Primera Division,Lanus,Independiente,1,3,2026-08-20T13:18:42+00:00
0a79671105c07d5156c01735,Liga MX,Atlas,Tigres,2,1,2026-08-20T13:18:42+00:00
f0e75248cbe40df4359b4a7b,J-League,Tokyo Verdy,Kashiwa Reysol,1,3,2026-08-20T13:18:42+00:00
a21f4bb58feb8411ef13b4a3,Championship,Burnley,West Ham United,2,2,2026-08-20T13:18:42+00:00
d2541f4aff72841bcacbd8b9,Eliteserien,Sarpsborg FK,Sandefjord,1,2,2026-08-20T13:18:42+00:00
1d97fe3237faeafc9eb3b5bd,Argentina Primera Division,Central Córdoba,Instituto de Córdoba,0,1,2026-08-20T13:18:42+00:00
6415f0d22472780d4c4b99e0,Belgian Pro League,Lommel SK,Charleroi,0,1,2026-08-20T13:18:42+00:00
2b09b9c82c382f54e89946e5,Ligue 2,Stade Lavallois,Nantes,2,1,2026-08-20T13:18:42+00:00
7baa56b382547cafafdf2076,Brazil Serie A,Vitoria,Botafogo,1,0,2026-08-20T13:18:42+00:00
870eae47a5616b90f416f9a5,Brazil Serie A,Chapecoense,Bahia,3,3,2026-08-20T13:18:42+00:00
b1f2d5b388907c255fca83f2,Danish Superliga,Lyngby,FC Midtjylland,1,1,2026-08-20T13:18:42+00:00
a52a94ec9336c44a986651c6,Allsvenskan,GAIS,Malmo FF,0,1,2026-08-20T13:18:42+00:00
ec228dde254375966dd2dbc9,Ligue 2,Grenoble,Metz,0,0,2026-08-20T13:18:42+00:00
b1b6d9377493371d49041204,MLS,Austin FC,FC Dallas,1,2,2026-08-20T13:18:42+00:00
06bcf85026510289fcbb711d,Liga MX,América,Atlético San Luis,3,0,2026-08-20T13:18:42+00:00
58be894fc246a4954022f68c,League One,Plymouth Argyle,Stockport County FC,1,3,2026-08-20T13:18:42+00:00
94822345b5717100f939ddc1,Belgian Pro League,Genk,Westerlo,3,2,2026-08-20T13:18:42+00:00
b22e54127f7e762ded6ded54,Turkish Super Lig,Samsunspor,Goztepe,3,3,2026-08-20T13:18:42+00:00
2cad75addb12841c55a7c247,Danish Superliga,Viborg FF,AGF Aarhus,2,1,2026-08-20T13:18:42+00:00
52789841bdb0c3c105d389f1,Danish Superliga,Randers FC,FC Copenhagen,0,4,2026-08-20T13:18:42+00:00
d088e320a1d826f48c5efb09,Allsvenskan,IF Elfsborg,Västerås SK,3,0,2026-08-20T13:18:42+00:00
a2178aec5b80681cfc1cf6be,Ligue 2,Red Star,Sochaux,0,0,2026-08-20T13:18:42+00:00
00d3c1ea2701a95cb5c62028,MLS,Atlanta United FC,New York Red Bulls,2,1,2026-08-20T13:18:42+00:00
5add9b2efaa04a7b3897e060,MLS,Charlotte FC,Columbus Crew SC,3,1,2026-08-20T13:18:42+00:00
7c91be1ffb0acb48a68b4507,J-League,Kashima Antlers,Nagoya Grampus,2,1,2026-08-20T13:18:42+00:00
c5003ca60b0068a9512bd5f2,Primeira Liga,Alverca,CF Estrela,2,2,2026-08-20T13:18:42+00:00
d60e9e2221a4541fc6f31692,Primeira Liga,Académico de Viseu,Santa Clara,0,1,2026-08-20T13:18:42+00:00
bc296f3d704741d13c5c19ed,Segunda Division,Oviedo,Granada CF,0,0,2026-08-20T13:18:42+00:00
20342f5fcabc42f01024ea2f,MLS,Toronto FC,New England Revolution,2,1,2026-08-20T13:18:42+00:00
8abfed7b39128370a9b20673,J-League,Fagiano Okayama,V-Varen Nagasaki,1,0,2026-08-20T13:18:42+00:00
45203177fcacd50e2960d291,Turkish Super Lig,Torku Konyaspor,Çaykur Rizespor,0,1,2026-08-20T13:18:42+00:00
3266741504ef9bb79321e73a,Eliteserien,Sarpsborg FK,Sandefjord,1,2,2026-08-20T13:18:42+00:00
4d7f9ad0ccae9956ac69e90b,Argentina Primera Division,Sarmiento de Junin,Atlético Huracán,2,0,2026-08-20T13:18:42+00:00
8777d8656c9df4d973ae46ce,Eredivisie,Ajax,Heerenveen,2,2,2026-08-20T13:18:42+00:00
7f98a0927a2f35c16a13d42b,Championship,Burnley,West Ham United,2,2,2026-08-20T13:18:42+00:00
6fee4498673a991ff637ee4d,Danish Superliga,Randers FC,FC Copenhagen,0,4,2026-08-20T13:18:42+00:00
fd5a4102778fe59e4da98c4f,Eliteserien,Sarpsborg FK,Sandefjord,1,2,2026-08-20T13:18:42+00:00
e7348440488973304618ca32,MLS,Colorado Rapids,Los Angeles FC,1,0,2026-08-20T13:18:42+00:00
368dda718dc2441f5509443e,Brazil Serie A,Corinthians,Cruzeiro,1,2,2026-08-20T13:18:42+00:00
ffaac363f6da31ab2cef062e,MLS,Minnesota United FC,Atlanta United FC,1,2,2026-08-20T13:18:42+00:00
ed3043eb27b2044179e86a75,Argentina Primera Division,Estudiantes de Río Cuarto,Atlético Tucuman,0,1,2026-08-20T13:18:42+00:00
9c11c6f04f00a555e2f3df47,MLS,Portland Timbers,San Diego FC,3,1,2026-08-20T13:18:42+00:00
3e5241d7074c0adc2e1b7c39,MLS,D.C. United,New England Revolution,0,3,2026-08-20T13:18:42+00:00
f6205eac183ec0bdb8758ff2,MLS,Columbus Crew SC,CF Montreal,1,2,2026-08-20T13:18:42+00:00
a38294892806001a2983fa42,MLS,Sporting Kansas City,St. Louis City SC,1,1,2026-08-20T13:18:42+00:00
