sport,entity,rating,games,updated_at
hockey,Carolina Hurricanes,1436.0824696650707,30,2026-09-30T11:27:35.395976+00:00
hockey,Vegas Golden Knights,1569.619792437814,36,2026-09-30T11:27:35.557272+00:00
baseball,Pittsburgh Pirates,1581.9586591473958,121,2026-09-28T12:08:24.604679+00:00
baseball,Miami Marlins,1368.3924544730146,142,2026-09-28T12:08:24.606683+00:00
basketball,Chicago Sky,1487.571476896644,5,2026-08-02T08:29:33.073358+00:00
basketball,New York Liberty,1559.3932786649254,17,2026-09-28T12:08:24.917429+00:00
basketball,Golden State Valkyries,1592.502878247005,12,2026-08-20T06:22:35.778543+00:00
basketball,Dallas Wings,1572.0959468566953,32,2026-08-15T06:17:08.531775+00:00
basketball,Phoenix Mercury,1486.7952155219152,1,2026-06-18T10:19:02.444423+00:00
basketball,Las Vegas Aces,1557.4897012643496,13,2026-08-10T07:03:42.672968+00:00
basketball,Washington Mystics,1475.5897060053978,8,2026-08-22T06:18:11.834086+00:00
basketball,Minnesota Lynx,1512.6383630575524,12,2026-09-28T12:08:24.916350+00:00
basketball,Atlanta Dream,1486.8651601444353,17,2026-09-24T10:36:38.303011+00:00
basketball,Seattle Storm,1423.189081128964,7,2026-07-18T13:48:41.720115+00:00
basketball,Portland Fire,1537.4518424479134,10,2026-08-01T08:26:49.926455+00:00
baseball,Washington Nationals,1431.150592819136,148,2026-09-28T12:08:24.575226+00:00
baseball,New York Yankees,1613.1126643869904,161,2026-10-04T11:24:38.278410+00:00
baseball,Minnesota Twins,1454.3077265084996,159,2026-09-28T12:08:24.612468+00:00
baseball,Atlanta Braves,1454.3952387337904,153,2026-10-05T12:49:00.696282+00:00
baseball,New York Mets,1576.8252175225064,131,2026-09-28T12:08:24.576137+00:00
baseball,Kansas City Royals,1487.4642032471725,157,2026-09-28T12:08:24.615311+00:00
baseball,Philadelphia Phillies,1476.8284555159976,150,2026-10-02T11:27:15.354938+00:00
basketball,Toronto Tempo,1352.2989432905729,24,2026-07-13T09:35:52.009596+00:00
basketball,Los Angeles Sparks,1477.0372410088753,5,2026-08-21T06:23:02.333747+00:00
basketball,Indiana Fever,1490.723224920067,6,2026-08-23T06:19:39.433266+00:00
baseball,Tampa Bay Rays,1581.6608779547123,151,2026-10-04T11:24:38.277562+00:00
baseball,Cleveland Guardians,1664.685513610945,157,2026-10-04T11:24:38.271939+00:00
baseball,Boston Red Sox,1650.6567346439908,136,2026-10-01T11:55:32.039504+00:00
baseball,Chicago White Sox,1579.4937058312796,160,2026-10-04T11:24:38.272820+00:00
baseball,Athletics,1357.9389293109443,142,2026-09-28T12:08:24.581158+00:00
baseball,Los Angeles Angels,1380.762683932145,147,2026-09-28T12:08:24.610526+00:00
baseball,San Francisco Giants,1429.0564692489268,144,2026-09-28T12:08:24.586582+00:00
baseball,Colorado Rockies,1188.587937865606,138,2026-09-28T12:08:24.601494+00:00
baseball,Seattle Mariners,1360.5784194539704,128,2026-09-28T12:08:24.609587+00:00
baseball,Detroit Tigers,1401.1944749158022,143,2026-09-28T12:08:24.603610+00:00
baseball,Baltimore Orioles,1636.1798900677218,148,2026-09-26T10:23:51.573316+00:00
baseball,Texas Rangers,1598.0303683028064,138,2026-09-28T12:08:24.613350+00:00
baseball,Houston Astros,1551.6754429389127,134,2026-10-01T11:55:32.036775+00:00
baseball,Cincinnati Reds,1372.7202563224098,151,2026-09-28T12:08:24.595088+00:00
baseball,Chicago Cubs,1513.756746754305,146,2026-10-01T11:55:32.041640+00:00
baseball,St. Louis Cardinals,1485.961669264832,146,2026-09-28T12:08:24.598444+00:00
baseball,San Diego Padres,1590.9289038813995,150,2026-10-05T12:49:00.694140+00:00
baseball,Toronto Blue Jays,1564.7133332785797,149,2026-09-28T12:08:24.594067+00:00
baseball,Los Angeles Dodgers,1509.4907393463104,156,2026-10-05T12:49:00.695625+00:00
baseball,Arizona Diamondbacks,1473.2307744365921,143,2026-09-28T12:08:24.618939+00:00
baseball,Milwaukee Brewers,1664.260916283306,119,2026-10-05T12:49:00.693434+00:00
mma,Cody Durden,1486.7952155219152,1,2026-07-12T06:36:17.673969+00:00
mma,Alessandro Costa,1513.2047844780848,1,2026-07-12T06:36:17.674851+00:00
mma,Max Holloway,1510.7952155219152,1,2026-07-12T06:52:16.696751+00:00
mma,Conor McGregor,1489.2047844780848,1,2026-07-12T06:52:16.697816+00:00
mma,Tommy McMillen,1510.7952155219152,1,2026-07-19T08:25:43.179100+00:00
mma,Alberto Montes,1489.2047844780848,1,2026-07-19T08:25:43.179875+00:00
mma,RJ Harris,1510.7952155219152,1,2026-07-19T08:25:43.181550+00:00
mma,Alvin Hines,1489.2047844780848,1,2026-07-19T08:25:43.182342+00:00
mma,Chase Hooper,1510.7952155219152,1,2026-07-19T08:25:43.184057+00:00
mma,Mitch Ramirez,1489.2047844780848,1,2026-07-19T08:25:43.184817+00:00
mma,Valter Walker,1510.7952155219152,1,2026-07-26T08:32:15.985167+00:00
mma,Thomas Petersen,1489.2047844780848,1,2026-07-26T08:32:15.986222+00:00
mma,Ismael Bonfim,1486.7952155219152,1,2026-07-26T08:32:15.988475+00:00
mma,Axel Sola,1513.2047844780848,1,2026-07-26T08:32:15.989493+00:00
mma,Nurullo Aliev,1510.7952155219152,1,2026-07-26T08:32:15.991457+00:00
mma,Mike Davis,1489.2047844780848,1,2026-07-26T08:32:15.992615+00:00
mma,Rizvan Kuniev,1520.8577546690424,2,2026-07-26T08:32:16.003337+00:00
mma,Tyrell Fortune,1479.1422453309576,2,2026-07-26T08:32:16.004402+00:00
mma,Magomed Zaynukov,1520.8577546690424,2,2026-07-26T08:32:16.006279+00:00
mma,Damian Rzepecki,1479.1422453309576,2,2026-07-26T08:32:16.007204+00:00
mma,Dustin Jacoby,1486.7952155219152,1,2026-07-26T08:32:16.000451+00:00
mma,Muhammad Said,1513.2047844780848,1,2026-07-26T08:32:16.001470+00:00
basketball,Connecticut Sun,1488.3579405446874,1,2026-07-29T08:47:11.990939+00:00
mma,Louie Sutherland,1486.7952155219152,1,2026-08-09T16:19:13.201616+00:00
mma,Jose Montanha,1513.2047844780848,1,2026-08-09T16:19:13.202574+00:00
mma,Diyar Nurgozhay,1510.7952155219152,1,2026-08-09T16:19:13.204020+00:00
mma,Bruno Lopes,1489.2047844780848,1,2026-08-09T16:19:13.204846+00:00
mma,Steven Asplund,1510.7952155219152,1,2026-08-09T16:19:13.206252+00:00
mma,Guilherme Pat,1489.2047844780848,1,2026-08-09T16:19:13.207107+00:00
mma,Juliana Miller,1510.7952155219152,1,2026-08-09T16:19:13.208559+00:00
mma,Ravena Oliveira,1489.2047844780848,1,2026-08-09T16:19:13.209422+00:00
mma,Manoel Sousa,1510.7952155219152,1,2026-08-09T16:19:13.210965+00:00
mma,Richie Miranda,1489.2047844780848,1,2026-08-09T16:19:13.212245+00:00
mma,Jamall Emmers,1510.7952155219152,1,2026-08-23T16:10:51.885013+00:00
mma,Lerryan Douglas,1489.2047844780848,1,2026-08-23T16:10:51.885790+00:00
mma,Levi Rodrigues,1486.7952155219152,1,2026-08-30T10:48:37.904589+00:00
mma,Liu Ce,1513.2047844780848,1,2026-08-30T10:48:37.905527+00:00
tennis,Francisco Cerundolo,1490.0,1,2026-09-08T10:10:22.053047+00:00
tennis,Alexander Blockx,1510.0,1,2026-09-08T10:10:22.053889+00:00
tennis,Alexander Zverev,1536.1434983622519,6,2026-10-04T19:58:43.234799+00:00
tennis,Luciano Darderi,1490.0,1,2026-09-08T10:10:22.056781+00:00
tennis,Botic van de Zandschulp,1490.28774368332,1,2026-09-10T10:08:11.754139+00:00
nfl,Seattle Seahawks,1499.629869270454,2,2026-09-28T12:08:44.712573+00:00
nfl,New England Patriots,1503.1422453309576,2,2026-10-05T12:49:22.664890+00:00
tennis,Ben Shelton,1490.56675634087,1,2026-09-14T11:04:05.414795+00:00
tennis,Elsa Jacquemot,1490.0,1,2026-09-15T10:33:40.502336+00:00
tennis,Liudmila Samsonova,1509.1537822632934,3,2026-10-04T19:58:43.526834+00:00
tennis,Carole Monnet,1490.0,1,2026-09-15T10:33:40.505785+00:00
tennis,Sloane Stephens,1510.0,1,2026-09-15T10:33:40.506842+00:00
tennis,Cristina Bucsa,1509.43278790048,3,2026-09-19T09:49:37.609167+00:00
tennis,Panna Udvardy,1490.0,1,2026-09-16T10:22:52.860576+00:00
tennis,Zeynep Sonmez,1490.0,1,2026-09-17T10:32:12.816591+00:00
tennis,Iva Jović,1529.9836878329522,3,2026-10-03T18:52:07.595971+00:00
tennis,Sara Bejlek,1500.56721209952,2,2026-10-02T11:27:15.629783+00:00
hockey,BIK Karlskoga,1486.7952155219152,1,2026-09-19T09:49:38.031316+00:00
hockey,Kalmar HC,1501.5014270079007,2,2026-09-21T20:09:33.930252+00:00
hockey,Leksands IF,1523.629869270454,2,2026-09-20T10:11:12.059462+00:00
hockey,Södertälje SK,1489.2047844780848,1,2026-09-19T09:49:38.035519+00:00
hockey,Nybro Vikings IF,1498.1263529747835,2,2026-09-28T21:26:48.601677+00:00
hockey,Vimmerby HC,1476.7418642128944,2,2026-09-20T18:20:58.571726+00:00
hockey,Västerås IK,1486.7952155219152,1,2026-09-19T09:49:38.040622+00:00
hockey,Almtuna IS,1500.0,2,2026-09-19T15:33:31.932510+00:00
hockey,AIK,1498.4985729920993,2,2026-09-21T20:09:33.929363+00:00
hockey,Modo Hockey,1539.0784315033013,3,2026-09-28T21:26:48.602521+00:00
hockey,IK Oskarshamn,1523.2581357871056,2,2026-09-20T18:20:58.572591+00:00
hockey,Visby/Roma HK,1489.2047844780848,1,2026-09-19T09:49:38.047919+00:00
hockey,Frölunda HC,1540.7253569985705,4,2026-09-23T10:21:39.787476+00:00
hockey,Växjö Lakers,1470.9682523869985,5,2026-09-24T19:33:26.142545+00:00
hockey,Linköping HC,1531.7990916652748,6,2026-09-22T19:19:31.080390+00:00
hockey,Timrå IK,1452.7403785941444,5,2026-09-20T10:11:09.984178+00:00
hockey,Skellefteå AIK,1509.345940927823,3,2026-09-24T19:33:26.145229+00:00
hockey,Brynäs IF,1494.6027750715384,3,2026-09-22T19:19:31.081413+00:00
hockey,Färjestad BK,1510.3827302381646,3,2026-09-23T10:21:39.788507+00:00
hockey,Örebro HK,1467.1098666587582,3,2026-09-24T19:33:26.147101+00:00
hockey,Djurgårdens IF,1497.412593084496,2,2026-09-24T19:33:26.141714+00:00
hockey,IF Björklöven,1525.2371631502842,2,2026-09-24T19:33:26.147975+00:00
hockey,Luleå HF,1520.8577546690424,2,2026-09-20T10:11:09.995882+00:00
hockey,Rögle BK,1479.1422453309576,2,2026-09-20T10:11:09.996705+00:00
hockey,Mora IK,1487.1653462514612,1,2026-09-20T10:11:12.058542+00:00
nfl,Houston Texans,1476.4495480682863,2,2026-09-28T12:08:44.715482+00:00
nfl,Cincinnati Bengals,1488.6849360183369,3,2026-10-05T12:49:22.666395+00:00
tennis,Maria Sakkari,1519.71225631668,2,2026-09-24T18:55:16.525362+00:00
tennis,Linda Fruhvirtova,1480.5750112778453,2,2026-10-02T11:27:15.623311+00:00
tennis,Barbora Krejcikova,1510.0,1,2026-09-22T19:19:30.951658+00:00
tennis,Anna-Lena Friedsam,1490.0,1,2026-09-22T19:19:30.952624+00:00
hockey,Malmö Redhawks,1488.164037482728,1,2026-09-23T10:21:39.785566+00:00
tennis,Talia Gibson,1510.0,1,2026-09-24T10:36:34.921571+00:00
tennis,Viktória Morvayová,1490.0,1,2026-09-24T10:36:34.922440+00:00
tennis,Tatiana Prozorova,1519.71225631668,2,2026-09-25T10:40:12.151080+00:00
tennis,Alexandra Eala,1490.0,1,2026-09-24T18:55:16.524063+00:00
tennis,Nao Hibino,1490.28774368332,1,2026-09-24T18:55:16.525960+00:00
hockey,HV71,1511.5118137412194,1,2026-09-24T19:33:26.144412+00:00
tennis,Xinyu Wang,1490.28774368332,1,2026-09-25T10:40:12.150217+00:00
basketball,KK Crvena zvezda,1486.7952155219152,1,2026-09-25T10:40:15.074112+00:00
basketball,Žalgiris,1488.3177107322556,3,2026-10-02T11:27:15.526399+00:00
basketball,ASVEL Lyon Villeurbanne,1510.7952155219152,1,2026-09-25T10:40:15.076992+00:00
basketball,Maccabi Tel Aviv,1489.2047844780848,1,2026-09-25T10:40:15.078005+00:00
tennis,Mirra Andreeva,1510.2794617562658,3,2026-10-04T11:24:38.491887+00:00
tennis,Leylah Fernandez,1509.14549997581,3,2026-10-03T10:43:36.617699+00:00
tennis,Maja Chwalinska,1490.28774368332,1,2026-09-26T18:46:14.066317+00:00
nfl,Pittsburgh Steelers,1511.2482058351854,1,2026-09-28T12:08:44.705862+00:00
nfl,Buffalo Bills,1496.8577546690424,2,2026-10-05T12:49:22.664166+00:00
nfl,Los Angeles Chargers,1489.2047844780848,1,2026-09-28T12:08:44.709617+00:00
nfl,Washington Commanders,1511.1653462514612,1,2026-09-28T12:08:44.711674+00:00
nfl,Indianapolis Colts,1510.345667453629,1,2026-09-28T12:08:44.714551+00:00
nfl,Chicago Bears,1510.7952155219152,1,2026-09-29T11:40:59.366568+00:00
nfl,Philadelphia Eagles,1476.370130729546,2,2026-10-05T12:49:22.668536+00:00
basketball,Dubai Basketball,1510.7952155219152,1,2026-09-29T20:17:43.712068+00:00
basketball,FC Barcelona Bàsquet,1502.777398358837,2,2026-10-02T20:12:32.543432+00:00
basketball,Anadolu Efes,1510.7952155219152,1,2026-09-29T20:17:43.713828+00:00
basketball,Real Madrid,1478.777398358837,2,2026-10-01T20:37:09.782796+00:00
basketball,Olympiacos,1513.654332546371,1,2026-09-29T20:17:43.716159+00:00
hockey,Florida Panthers,1572.9018232894866,23,2026-10-02T11:27:15.471765+00:00
hockey,Toronto Maple Leafs,1358.653004601802,21,2026-10-04T11:24:38.316070+00:00
hockey,Montréal Canadiens,1587.7542063288536,24,2026-10-04T11:24:38.314167+00:00
hockey,Boston Bruins,1635.6535067012603,21,2026-10-04T11:24:38.325211+00:00
hockey,New York Rangers,1514.1899309761473,25,2026-10-03T10:43:34.359372+00:00
hockey,Edmonton Oilers,1490.7548302670743,14,2026-10-04T11:24:38.318894+00:00
hockey,Vancouver Canucks,1522.4521186592908,13,2026-10-02T11:27:15.465004+00:00
hockey,Chicago Blackhawks,1257.142605526043,37,2026-10-04T11:24:38.311424+00:00
tennis,Arthur Fils,1499.71225631668,2,2026-10-04T11:24:38.395103+00:00
tennis,Luca Van Assche,1490.0,1,2026-09-30T11:27:35.651483+00:00
basketball,Paris Basketball,1498.0279567213734,2,2026-10-02T11:27:15.525688+00:00
basketball,KK Partizan NIS,1525.9565786428993,2,2026-10-03T10:43:34.391250+00:00
tennis,Nuno Borges,1490.0,1,2026-09-30T20:22:16.209974+00:00
tennis,Novak Djokovic,1521.066925842089,2,2026-10-04T19:58:43.235633+00:00
hockey,Philadelphia Flyers,1403.208368362149,10,2026-10-02T11:27:15.378306+00:00
hockey,Pittsburgh Penguins,1618.2144559839073,10,2026-10-04T11:24:38.313342+00:00
hockey,New York Islanders,1484.2161791214119,1,2026-10-01T11:55:31.962751+00:00
hockey,Colorado Avalanche,1575.5643271586732,9,2026-10-01T11:55:31.984628+00:00
hockey,Los Angeles Kings,1418.7911139955124,10,2026-10-04T11:24:38.332056+00:00
tennis,Cameron Norrie,1490.8369126932575,1,2026-10-01T11:55:32.049367+00:00
tennis,Alex de Minaur,1510.0,1,2026-10-01T11:55:32.050807+00:00
tennis,Mariano Navone,1490.0,1,2026-10-01T11:55:32.051483+00:00
tennis,Jiri Lehecka,1510.0,1,2026-10-01T11:55:34.212188+00:00
tennis,Zizou Bergs,1490.0,1,2026-10-01T11:55:34.212907+00:00
tennis,Adolfo Daniel Vallejo,1510.0,1,2026-10-01T11:55:34.223364+00:00
tennis,Rafael Jodar,1490.0,1,2026-10-01T11:55:34.224039+00:00
tennis,Kei Nishikori,1490.0,1,2026-10-01T11:55:34.225545+00:00
tennis,Frances Tiafoe,1510.0,1,2026-10-01T11:55:34.226330+00:00
tennis,Qinwen Zheng,1510.0,1,2026-10-01T11:55:34.363826+00:00
tennis,Shi Han,1490.0,1,2026-10-01T11:55:34.364479+00:00
tennis,Yushan Shao,1490.0,1,2026-10-01T11:55:34.365949+00:00
tennis,Anastasia Zakharova,1499.71225631668,2,2026-10-03T10:43:36.619962+00:00
tennis,Harriet Dart,1500.2957805832477,2,2026-10-03T18:52:07.596801+00:00
tennis,Yihan Qu,1490.0,1,2026-10-01T11:55:34.368759+00:00
tennis,Aoi Ito,1490.0,1,2026-10-01T11:55:34.370208+00:00
tennis,Kimberly Birrell,1510.0,1,2026-10-01T11:55:34.370873+00:00
tennis,Tallon Griekspoor,1490.0,1,2026-10-01T20:37:09.603213+00:00
tennis,Andrey Rublev,1510.0,1,2026-10-01T20:37:09.603943+00:00
basketball,Hapoel Tel Aviv,1510.4273861192478,1,2026-10-01T20:37:09.781970+00:00
tennis,Lanlana Tararudee,1490.0,1,2026-10-01T20:37:11.879997+00:00
tennis,Maria Camila Osorio Serrano,1499.71225631668,2,2026-10-03T10:43:36.613351+00:00
tennis,Eva Lys,1490.0,1,2026-10-01T20:37:11.882290+00:00
tennis,Sun Xinran,1510.0,1,2026-10-01T20:37:11.882998+00:00
tennis,Daniil Medvedev,1519.71225631668,2,2026-10-03T18:52:07.359513+00:00
tennis,Pablo Carreno Busta,1490.0,1,2026-10-02T11:27:15.324187+00:00
hockey,Columbus Blue Jackets,1547.2596214058556,5,2026-10-02T11:27:15.390668+00:00
hockey,Buffalo Sabres,1473.2994221207384,9,2026-10-04T11:24:38.310581+00:00
hockey,New Jersey Devils,1539.2398673026867,5,2026-10-02T11:27:15.377648+00:00
hockey,Tampa Bay Lightning,1430.7595811260298,8,2026-10-04T11:24:38.321670+00:00
hockey,Nashville Predators,1452.3888121930133,4,2026-10-02T11:27:15.407361+00:00
hockey,Minnesota Wild,1561.9083173776821,5,2026-10-04T11:24:38.324363+00:00
hockey,Calgary Flames,1452.3888121930133,4,2026-10-02T11:27:15.421214+00:00
hockey,Seattle Kraken,1534.4042388806215,5,2026-10-04T11:24:38.319748+00:00
hockey,Utah Mammoth,1549.404664005963,11,2026-10-02T11:27:15.443580+00:00
hockey,San Jose Sharks,1599.9341603948428,8,2026-10-04T11:24:38.331084+00:00
tennis,Yue Yuan,1489.71225631668,1,2026-10-02T11:27:15.625498+00:00
tennis,Maria Timofeeva,1490.0,1,2026-10-02T11:27:15.627690+00:00
tennis,Naomi Osaka,1510.0,1,2026-10-02T11:27:15.628332+00:00
tennis,Maddison Inglis,1489.7205315838,1,2026-10-02T11:27:15.630430+00:00
tennis,Linda Noskova,1519.71225631668,2,2026-10-04T11:24:38.496586+00:00
tennis,Elena Gabriela Ruse,1490.0,1,2026-10-02T11:27:15.632524+00:00
tennis,Karolina Muchova,1520.2712064588613,2,2026-10-04T19:58:43.525990+00:00
tennis,Katie Boulter,1490.0,1,2026-10-02T11:27:15.634601+00:00
basketball,Beşiktaş J.K.,1486.4273861192478,1,2026-10-02T20:12:32.542604+00:00
hockey,Detroit Red Wings,1460.6360307631896,3,2026-10-03T10:43:34.358503+00:00
hockey,Winnipeg Jets,1458.1072789278521,5,2026-10-03T10:43:34.370175+00:00
hockey,Dallas Stars,1433.1669117955432,6,2026-10-03T10:43:34.386056+00:00
hockey,St Louis Blues,1566.8330882044568,6,2026-10-03T10:43:34.386764+00:00
basketball,FC Bayern München,1487.2482058351854,1,2026-10-03T10:43:34.390452+00:00
basketball,Saski Baskonia,1510.7952155219152,1,2026-10-03T10:43:34.392753+00:00
basketball,Pallacanestro Olimpia Milano,1489.2047844780848,1,2026-10-03T10:43:34.393569+00:00
tennis,Coco Gauff,1510.28774368332,1,2026-10-03T10:43:36.612576+00:00
tennis,Katerina Siniakova,1490.0,1,2026-10-03T10:43:36.614853+00:00
tennis,Elina Svitolina,1510.0,1,2026-10-03T10:43:36.615538+00:00
tennis,Kamilla Rakhimova,1510.56675634087,1,2026-10-03T10:43:36.616992+00:00
tennis,Belinda Bencic,1510.28774368332,1,2026-10-03T10:43:36.619244+00:00
tennis,Juncheng Shang,1491.0981630782117,1,2026-10-03T18:52:07.357647+00:00
tennis,Jan-Lennard Struff,1490.28774368332,1,2026-10-03T18:52:07.360315+00:00
tennis,Elena Rybakina,1490.0,1,2026-10-03T18:52:07.592873+00:00
tennis,Alina Charaeva,1510.0,1,2026-10-03T18:52:07.594108+00:00
hockey,Ottawa Senators,1508.7139182991896,1,2026-10-04T11:24:38.316957+00:00
hockey,Washington Capitals,1486.3565419348254,1,2026-10-04T11:24:38.322480+00:00
tennis,Valentin Vacherot,1510.28774368332,1,2026-10-04T11:24:38.394172+00:00
tennis,Carlos Alcaraz,1519.71225631668,2,2026-10-05T12:49:00.805786+00:00
tennis,Denis Shapovalov,1490.0,1,2026-10-04T11:24:38.398028+00:00
tennis,Polina Kudermetova,1490.0082819270542,1,2026-10-04T11:24:38.490890+00:00
tennis,Nikola Bartunkova,1510.0,1,2026-10-04T11:24:38.493842+00:00
tennis,Aryna Sabalenka,1490.0,1,2026-10-04T11:24:38.494697+00:00
tennis,Viktorija Golubic,1490.28774368332,1,2026-10-04T11:24:38.497510+00:00
tennis,Jaume Munar,1490.28774368332,1,2026-10-05T12:49:00.806477+00:00
tennis,Donna Vekic,1490.0,1,2026-10-05T12:49:01.008932+00:00
tennis,Iga Swiatek,1510.0,1,2026-10-05T12:49:01.009648+00:00
basketball,Los Angeles Clippers,1510.7952155219152,1,2026-10-05T12:49:03.176754+00:00
basketball,Golden State Warriors,1489.2047844780848,1,2026-10-05T12:49:03.177521+00:00
nfl,Tampa Bay Buccaneers,1486.7952155219152,1,2026-10-05T12:49:22.661752+00:00
nfl,Green Bay Packers,1513.2047844780848,1,2026-10-05T12:49:22.662520+00:00
nfl,Jacksonville Jaguars,1513.2716426245624,1,2026-10-05T12:49:22.667051+00:00
nfl,Los Angeles Rams,1512.8346537485388,1,2026-10-05T12:49:22.669202+00:00
