id,sport,league,event,home_team,away_team,market,selection,odds,prob_model,prob_market,prob_final,edge,stake,bookmaker,start_time,score,source_hash,result,closing_odds,clv_pct,created_at,settled_at,profit,profit_units,home_goals,away_goals,final_score,settlement_source,external_event_id
1,football,Premier League,Newcastle United vs Liverpool,Newcastle United,Liverpool,h2h,Newcastle United,3.1,0.3589247198006063,0.3281221821907373,0.3441584863802853,0.06689130777888441,0.22,Betfair,2026-08-23T15:30:00Z,6.044147091636179,42d2cccca41ca195f04c0c05,OPEN,,,2026-07-11 20:13:54,,0.0,0.0,,,,,
21,football,Premier League,Fulham vs Chelsea,Fulham,Chelsea,h2h,Fulham,3.25,0.3469853379322875,0.30641421515743034,0.32760404197470244,0.06471313641778287,0.21,William Hill,2026-08-24T19:00:00Z,6.0964854512697935,9fa579fb56092b59d965f941,OPEN,,,2026-07-11 20:13:55,,0.0,0.0,,,,,
41,baseball,baseball_mlb,Chicago White Sox vs Athletics,Chicago White Sox,Athletics,h2h,Chicago White Sox,1.17,0.8116061104713896,0.8116061104713896,0.9609576414680078,0.12432044051756908,5.0,Winamax (DE),2026-07-11T18:11:00Z,97.0,767ae70b28614e8b7ecd8b84,WON,,,2026-07-11 20:13:56,2026-07-11T20:22:37.540796+00:00,0.85,0.17,,,,,
42,baseball,baseball_mlb,Minnesota Twins vs Los Angeles Angels,Minnesota Twins,Los Angeles Angels,h2h,Los Angeles Angels,2.9,0.2915236507604127,0.2915236507604127,0.36918706797235923,0.07064249711984183,0.28,Winamax (DE),2026-07-11T18:37:00Z,85.0,b2460a08428784cc398ecd48,WON,,,2026-07-11 20:13:56,2026-07-11T20:22:37.540868+00:00,0.532,1.9,,,,,
43,baseball,baseball_mlb,Minnesota Twins vs Los Angeles Angels,Minnesota Twins,Los Angeles Angels,h2h,Minnesota Twins,1.4,0.7084763492395871,0.7084763492395871,0.7647229320276407,0.07061210483869695,1.32,Winamax (DE),2026-07-11T18:37:00Z,88.0,0e7164ee386eb64a6d55d4a3,LOST,,,2026-07-11 20:13:56,2026-07-11T20:22:37.540926+00:00,-1.32,-1.0,,,,,
48,baseball,baseball_mlb,Washington Nationals vs New York Yankees,Washington Nationals,New York Yankees,h2h,New York Yankees,1.4,0.6503215416303202,0.6503215416303202,0.7728333940197744,0.08196675162768408,1.54,888sport,2026-07-11T20:05:50Z,94.0,95ee823c924c14c0e3f21c46,WON,,,2026-07-11 20:13:56,2026-07-11T20:22:37.540984+00:00,0.616,0.4,,,,,
63,baseball,baseball_mlb,Washington Nationals vs New York Yankees,Washington Nationals,New York Yankees,h2h,Washington Nationals,3.2,0.34967845836967987,0.34967845836967987,0.35603660598022585,0.13931713913672272,0.47,Betfair,2026-07-11T20:05:50Z,90.0,9bf9238e3312b321697feabc,LOST,,,2026-07-11 20:13:57,2026-07-11T20:22:37.541039+00:00,-0.47,-1.0,,,,,
65,baseball,baseball_mlb,San Francisco Giants vs Colorado Rockies,San Francisco Giants,Colorado Rockies,h2h,San Francisco Giants,1.5,0.5981936482652924,0.5981936482652924,0.7186238378974172,0.07793575684612586,1.17,888sport,2026-07-11T20:06:00Z,93.0,e7d4036560560f77e90fa1da,WON,,,2026-07-11 20:13:57,2026-07-11T20:22:37.541081+00:00,0.585,0.5,,,,,
79,baseball,baseball_mlb,New York Mets vs Boston Red Sox,New York Mets,Boston Red Sox,h2h,Boston Red Sox,2.15,0.42373707368975666,0.42373707368975666,0.5172957504804017,0.11218586353286342,0.73,888sport,2026-07-11T20:11:00Z,92.0,dbe5e933c152af1aa3c0d5f1,WON,,,2026-07-11 20:13:57,2026-07-11T20:22:37.541131+00:00,0.8395,1.15,,,,,
89,baseball,baseball_mlb,New York Mets vs Boston Red Sox,New York Mets,Boston Red Sox,h2h,New York Mets,1.67,0.5955237023870503,0.5955237023870503,0.6374015109050711,0.06446052321146878,0.72,William Hill,2026-07-11T20:11:00Z,86.0,ad443c3ff8eaa91cd3aaa8dd,LOST,,,2026-07-11 20:13:58,2026-07-11T20:22:37.541184+00:00,-0.72,-1.0,,,,,
104,baseball,baseball_mlb,Miami Marlins vs Cleveland Guardians,Miami Marlins,Cleveland Guardians,h2h,Miami Marlins,1.83,0.5715314813079588,0.5715314813079588,0.6088695798556987,0.11423133113592865,1.03,888sport,2026-07-11T20:11:00Z,94.0,ffb474898b6d377cc83739f6,LOST,,,2026-07-11 20:13:58,2026-07-11T20:22:37.541231+00:00,-1.03,-1.0,,,,,
105,baseball,baseball_mlb,Miami Marlins vs Cleveland Guardians,Miami Marlins,Cleveland Guardians,h2h,Cleveland Guardians,2.05,0.4488717814869004,0.4488717814869004,0.5444977734845065,0.11622043564323814,0.83,Betclic (FR),2026-07-11T20:11:00Z,93.0,1d597321404956779b61776e,WON,,,2026-07-11 20:13:58,2026-07-11T20:22:37.541279+00:00,0.8715,1.05,,,,,
115,baseball,baseball_mlb,Pittsburgh Pirates vs Milwaukee Brewers,Pittsburgh Pirates,Milwaukee Brewers,h2h,Pittsburgh Pirates,2.15,0.4370632578899789,0.4370632578899789,0.5348037961015274,0.14982816161828394,0.98,888sport,2026-07-11T20:16:00Z,94.0,08752b4d5a51f725c4622906,WON,,,2026-07-11 20:13:58,2026-07-11T20:22:37.541340+00:00,1.127,1.15,,,,,
120,baseball,baseball_mlb,Pittsburgh Pirates vs Milwaukee Brewers,Pittsburgh Pirates,Milwaukee Brewers,h2h,Milwaukee Brewers,1.8,0.5629367421100211,0.5629367421100211,0.5992262038984728,0.07860716701725101,0.74,1xBet,2026-07-11T20:16:00Z,89.0,4a6f864618b4b40f194ad465,LOST,,,2026-07-11 20:13:59,2026-07-11T20:22:37.541437+00:00,-0.74,-1.0,,,,,
131,baseball,baseball_mlb,Tampa Bay Rays vs Seattle Mariners,Tampa Bay Rays,Seattle Mariners,h2h,Tampa Bay Rays,1.85,0.5066066939780796,0.5066066939780796,0.6130001267121711,0.1340502344175165,1.18,888sport,2026-07-11T20:21:00Z,94.0,70fdc35043aa1d7205177868,WON,,,2026-07-11 20:13:59,2026-07-11T20:22:37.541487+00:00,1.003,0.85,,,,,
148,baseball,baseball_mlb,Detroit Tigers vs Philadelphia Phillies,Detroit Tigers,Philadelphia Phillies,h2h,Detroit Tigers,2.15,0.443220741997396,0.443220741997396,0.5415083690450345,0.16424299344682414,1.07,888sport,2026-07-11T22:11:00Z,94.0,c04ee7668a8bfa2f9d0dc055,WON,,,2026-07-11 20:13:59,2026-07-11T20:22:37.541534+00:00,1.2305,1.15,,,,,
154,baseball,baseball_mlb,Detroit Tigers vs Philadelphia Phillies,Detroit Tigers,Philadelphia Phillies,h2h,Philadelphia Phillies,1.8,0.5567792580026041,0.5567792580026041,0.5892816309549656,0.06070693571893804,0.57,Matchbook,2026-07-11T22:11:00Z,84.0,84dda20d8e5cb3d156b954b1,LOST,,,2026-07-11 20:14:00,2026-07-11T20:22:37.541577+00:00,-0.57,-1.0,,,,,
160,baseball,baseball_mlb,Baltimore Orioles vs Kansas City Royals,Baltimore Orioles,Kansas City Royals,h2h,Baltimore Orioles,1.62,0.5851421067391349,0.5851421067391349,0.7043201759642647,0.14099868506210878,1.71,888sport,2026-07-11T23:06:00Z,95.0,18794c4b0cfbc952af44c9f3,WON,,,2026-07-11 20:14:00,2026-07-11T20:22:37.541624+00:00,1.0602,0.62,,,,,
180,baseball,baseball_mlb,Texas Rangers vs Houston Astros,Texas Rangers,Houston Astros,h2h,Texas Rangers,1.85,0.5173604273261978,0.5173604273261978,0.6256029313644662,0.15736542302426249,1.39,888sport,2026-07-11T23:06:00Z,95.0,3ee536e526cb1a1b11ae39ef,WON,,,2026-07-11 20:14:01,2026-07-11T20:22:37.541679+00:00,1.1815,0.85,,,,,
195,baseball,baseball_mlb,Cincinnati Reds vs Chicago Cubs,Cincinnati Reds,Chicago Cubs,h2h,Cincinnati Reds,1.85,0.5083086539930385,0.5083086539930385,0.6152554766606109,0.13822263182213024,1.22,888sport,2026-07-11T23:11:00Z,94.0,492b50f62b4819878dcc762e,WON,,,2026-07-11 20:14:01,2026-07-11T20:22:37.541737+00:00,1.037,0.85,,,,,
212,baseball,baseball_mlb,St. Louis Cardinals vs Atlanta Braves,St. Louis Cardinals,Atlanta Braves,h2h,St. Louis Cardinals,1.91,0.5016040283385909,0.5016040283385909,0.6099799099663722,0.16506162803577085,1.36,888sport,2026-07-11T23:15:00Z,95.0,611209b4e9ebeebbcf8ddefc,WON,,,2026-07-11 20:14:02,2026-07-11T20:22:37.541796+00:00,1.2376,0.91,,,,,
228,baseball,baseball_mlb,San Diego Padres vs Toronto Blue Jays,San Diego Padres,Toronto Blue Jays,h2h,Toronto Blue Jays,1.91,0.49574388189610435,0.49574388189610435,0.5987466121848004,0.14360602927296884,1.18,888sport,2026-07-12T00:41:00Z,95.0,866716fddba9b7bb5f0145fa,WON,,,2026-07-11 20:14:02,2026-07-11T20:22:37.541859+00:00,1.0738,0.91,,,,,
247,baseball,baseball_mlb,Los Angeles Dodgers vs Arizona Diamondbacks,Los Angeles Dodgers,Arizona Diamondbacks,h2h,Arizona Diamondbacks,3.15,0.2956835257165568,0.2956835257165568,0.37126641998588866,0.16948922295554936,0.59,888sport,2026-07-12T01:10:00Z,92.0,68266cef6ebb1ac28bdc8f0e,WON,,,2026-07-11 20:14:03,2026-07-11T20:22:37.541919+00:00,1.2685,2.15,,,,,
255,baseball,baseball_mlb,Pittsburgh Pirates vs Milwaukee Brewers,Pittsburgh Pirates,Milwaukee Brewers,h2h,Pittsburgh Pirates,2.09,0.4614851241619527,0.4614851241619527,0.5639030200933007,0.17855731199499836,1.23,BetOnline.ag,2026-07-12T16:16:00Z,95.0,498b6260403b5308d0ccc25e,WON,,,2026-07-11 20:14:03,2026-07-11T20:22:37.541983+00:00,1.3407,1.09,,,,,
264,baseball,baseball_mlb,Baltimore Orioles vs Kansas City Royals,Baltimore Orioles,Kansas City Royals,h2h,Baltimore Orioles,1.71,0.5544911513530365,0.5544911513530365,0.6684808414651853,0.1431022389054668,1.51,888sport,2026-07-12T17:36:00Z,95.0,a4e7346b67fd3068f91ba98c,WON,,,2026-07-11 20:14:03,2026-07-11T20:22:37.542026+00:00,1.0721,0.71,,,,,
274,baseball,baseball_mlb,Cincinnati Reds vs Chicago Cubs,Cincinnati Reds,Chicago Cubs,h2h,Cincinnati Reds,2.05,0.46278512729245463,0.46278512729245463,0.5645881118564053,0.15740562930563073,1.12,888sport,2026-07-12T17:41:00Z,94.0,3621dcf42471957fb775a6ee,WON,,,2026-07-11 20:14:04,2026-07-11T20:22:37.542071+00:00,1.176,1.05,,,,,
282,baseball,baseball_mlb,Detroit Tigers vs Philadelphia Phillies,Detroit Tigers,Philadelphia Phillies,h2h,Detroit Tigers,1.84,0.49997933801510686,0.49997933801510686,0.6059288174933629,0.1149090241877877,1.03,Unibet (FR),2026-07-12T17:41:00Z,93.0,2991478c004d0e292f47e216,WON,,,2026-07-11 20:14:04,2026-07-11T20:22:37.542113+00:00,0.8652,0.84,,,,,
292,baseball,baseball_mlb,Detroit Tigers vs Philadelphia Phillies,Detroit Tigers,Philadelphia Phillies,h2h,Philadelphia Phillies,2.04,0.5000206619848931,0.5000206619848931,0.5251311825066373,0.07126761231354006,0.51,1xBet,2026-07-12T17:41:00Z,86.0,2873223146ee1a1ba88aec07,LOST,,,2026-07-11 20:14:04,2026-07-11T20:22:37.542154+00:00,-0.51,-1.0,,,,,
293,baseball,baseball_mlb,Tampa Bay Rays vs Seattle Mariners,Tampa Bay Rays,Seattle Mariners,h2h,Tampa Bay Rays,1.74,0.5520004680976014,0.5520004680976014,0.6631695892699654,0.15391508532973974,1.56,GTbets,2026-07-12T17:41:00Z,96.0,bcf590c27382429b3a13506b,WON,,,2026-07-11 20:14:04,2026-07-11T20:22:37.542200+00:00,1.1544,0.74,,,,,
304,baseball,baseball_mlb,Chicago White Sox vs Athletics,Chicago White Sox,Athletics,h2h,Chicago White Sox,1.78,0.5179757935404508,0.5179757935404508,0.6279446699082389,0.11774151243666542,1.13,Unibet (FR),2026-07-12T18:11:00Z,94.0,d69d9b89102778f8080029d9,WON,,,2026-07-11 20:14:05,2026-07-11T20:22:37.542247+00:00,0.8814,0.78,,,,,
310,baseball,baseball_mlb,Minnesota Twins vs Los Angeles Angels,Minnesota Twins,Los Angeles Angels,h2h,Los Angeles Angels,2.15,0.44312734743686616,0.44312734743686616,0.539900702128498,0.1607865095762706,1.05,888sport,2026-07-12T18:11:00Z,94.0,963c229ae79659be89884ef0,WON,,,2026-07-11 20:14:05,2026-07-11T20:22:37.542298+00:00,1.2075,1.15,,,,,
316,baseball,baseball_mlb,Minnesota Twins vs Los Angeles Angels,Minnesota Twins,Los Angeles Angels,h2h,Minnesota Twins,1.86,0.5568726525631338,0.5568726525631338,0.5922692978715021,0.10162089404099395,0.89,1xBet,2026-07-12T18:11:00Z,93.0,9aeeecd848d0dc30e7ff4e7e,LOST,,,2026-07-11 20:14:05,2026-07-11T20:22:37.542350+00:00,-0.89,-1.0,,,,,
317,baseball,baseball_mlb,St. Louis Cardinals vs Atlanta Braves,St. Louis Cardinals,Atlanta Braves,h2h,St. Louis Cardinals,1.77,0.5464603873619094,0.5464603873619094,0.6625824581301639,0.17277095089039007,1.68,GTbets,2026-07-12T18:16:00Z,96.0,36bf1d9c5e39defea59d18a6,WON,,,2026-07-11 20:14:05,2026-07-11T20:22:37.542402+00:00,1.2936,0.77,,,,,
325,baseball,baseball_mlb,San Francisco Giants vs Colorado Rockies,San Francisco Giants,Colorado Rockies,h2h,San Francisco Giants,1.65,0.58886049778386,0.58886049778386,0.707262389957058,0.16698294342914566,1.93,GTbets,2026-07-12T20:06:00Z,96.0,f7c665298ae9268989fdca27,WON,,,2026-07-11 20:14:05,2026-07-11T20:22:37.542441+00:00,1.2545,0.65,,,,,
333,baseball,baseball_mlb,Los Angeles Dodgers vs Arizona Diamondbacks,Los Angeles Dodgers,Arizona Diamondbacks,h2h,Arizona Diamondbacks,2.5,0.3635741304281484,0.3635741304281484,0.4498342468640482,0.12458561716012051,0.62,Unibet (FR),2026-07-12T20:11:00Z,93.0,108de600d0d3ed681a2d7fba,WON,,,2026-07-11 20:14:05,2026-07-11T20:22:37.542497+00:00,0.93,1.5,,,,,
337,baseball,baseball_mlb,San Diego Padres vs Toronto Blue Jays,San Diego Padres,Toronto Blue Jays,h2h,Toronto Blue Jays,1.73,0.5321674704043587,0.5321674704043587,0.6387264683882649,0.10499679031169817,1.08,Unibet (FR),2026-07-12T20:11:00Z,93.0,67282e5a4710eb101f5c3a7b,WON,,,2026-07-11 20:14:06,2026-07-11T20:22:37.542552+00:00,0.7884,0.73,,,,,
344,football,La Liga,Celta Vigo vs CA Osasuna,Celta Vigo,CA Osasuna,h2h,CA Osasuna,4.1,0.2887084506083657,0.25513848745796763,0.2727457809639237,0.11825770195208718,0.27,Betfair,2026-08-16T19:00:00Z,10.784045144976508,420046dc16fe0eec6c36006b,OPEN,,,2026-07-11 20:14:07,,0.0,0.0,,,,,
359,football,La Liga,Espanyol vs Levante,Espanyol,Levante,h2h,Levante,4.2,0.2841072769704242,0.24677271720716495,0.2663407310157845,0.11863107026629494,0.26,Betfair,2026-08-16T19:00:00Z,10.808677508196508,4e388fab28b6586538f1bba9,OPEN,,,2026-07-11 20:14:08,,0.0,0.0,,,,,
374,football,La Liga,Real Racing Club de Santander vs Villarreal,Real Racing Club de Santander,Villarreal,h2h,Real Racing Club de Santander,3.4,0.33815940672761013,0.28838067102983245,0.3140774432433979,0.06786330702755294,0.19,Betfair,2026-08-16T19:00:00Z,6.06788062167555,afa7f779954736288ac690db,OPEN,,,2026-07-11 20:14:10,,0.0,0.0,,,,,
387,baseball,baseball_npb,Fukuoka SoftBank Hawks vs Tohoku Rakuten Golden Eagles,Fukuoka SoftBank Hawks,Tohoku Rakuten Golden Eagles,h2h,Tohoku Rakuten Golden Eagles,2.55,0.3909882836307745,0.3909882836307745,0.41602097839569635,0.060853494909025585,0.29,Pinnacle,2026-07-12T05:00:00Z,77.0,f389cd381a45c1cc218f7d8f,OPEN,,,2026-07-11 20:14:11,,0.0,0.0,,,,,
389,baseball,baseball_npb,Chiba Lotte Marines vs Orix Buffaloes,Chiba Lotte Marines,Orix Buffaloes,h2h,Chiba Lotte Marines,1.99,0.4980937585431555,0.4980937585431555,0.5365621940782297,0.06775876621567711,0.51,Pinnacle,2026-07-12T08:00:00Z,80.0,29b26870507cbdcf8b2543e9,OPEN,,,2026-07-11 20:14:12,,0.0,0.0,,,,,
390,baseball,baseball_npb,Hanshin Tigers vs Tokyo Yakult Swallows,Hanshin Tigers,Tokyo Yakult Swallows,h2h,Tokyo Yakult Swallows,3.06,0.3283121722057494,0.3283121722057494,0.3501503725984271,0.07146014015118696,0.26,Pinnacle,2026-07-12T09:00:00Z,80.0,cf5d93d64269d3f94d16264a,OPEN,,,2026-07-11 20:14:12,,0.0,0.0,,,,,
392,mma,mma_mixed_martial_arts,Cody Durden vs Alessandro Costa,Cody Durden,Alessandro Costa,h2h,Cody Durden,3.3,0.3277847412806135,0.3277847412806135,0.32676931889642946,0.07833875235821708,0.26,Nordic Bet,2026-07-11T21:15:00Z,7.833875235821708,260abdd1d56dd4c2ef1a046a,LOST,,,2026-07-11 20:14:13,2026-07-12T06:36:17.671599+00:00,-0.26,-1.0,,,,,
394,mma,mma_mixed_martial_arts,Max Holloway vs Conor McGregor,Max Holloway,Conor McGregor,h2h,Conor McGregor,3.55,0.3007766624477023,0.3007766624477023,0.30003366371339163,0.06511950618254025,0.19,Betfair,2026-07-12T03:20:00Z,6.295102662666166,b8531ec231ba476aa4870f5b,LOST,,,2026-07-11 20:14:15,2026-07-12T06:52:16.693864+00:00,-0.19,-1.0,,,,,
397,football,Bundesliga,1. FC Köln vs TSG Hoffenheim,1. FC Köln,TSG Hoffenheim,h2h,1. FC Köln,3.2,0.3532122294911651,0.3144285246205953,0.33455414199906597,0.07057325439701123,0.22,1xBet,2026-08-29T13:30:00Z,6.51864515109091,e4094ef9191254befa810dff,OPEN,,,2026-07-11 20:14:16,,0.0,0.0,,,,,
414,football,Serie A,Torino vs AC Milan,Torino,AC Milan,h2h,Torino,4.36,0.2949188072170095,0.21507148975154305,0.25590982201207746,0.1157668239726577,0.24,Pinnacle,2026-08-22T13:00:00Z,10.667646129701506,dcc4f8b369daa0ebba2977e4,OPEN,,,2026-07-11 20:14:21,,0.0,0.0,,,,,
418,football,Serie A,AS Roma vs Fiorentina,AS Roma,Fiorentina,h2h,Draw,4.4,0.2512239094115477,0.23414614406463308,0.24339803305708724,0.07095134545118387,0.16,1xBet,2026-08-24T18:45:00Z,6.910738441707396,300bb321d4cb8dcf3a0901f8,OPEN,,,2026-07-11 20:14:25,,0.0,0.0,,,,,
429,football,Ligue 1,Le Havre vs AS Monaco,Le Havre,AS Monaco,h2h,Le Havre,3.5,0.32939405996126014,0.2764223680688024,0.303842360366818,0.06344826128386294,0.18,Coolbet,2026-08-22T15:00:00Z,5.743043928678549,dead4ad31b7d122e19937022,OPEN,,,2026-07-11 20:14:30,,0.0,0.0,,,,,
432,football,Ligue 1,Toulouse vs Lyon,Toulouse,Lyon,h2h,Toulouse,3.6,0.32912742597083017,0.27593757899529336,0.303671375916957,0.09321695330104518,0.25,Coolbet,2026-08-22T18:45:00Z,8.513869301353434,59e4c719d5ce095ee95972f2,OPEN,,,2026-07-11 20:14:32,,0.0,0.0,,,,,
448,football,Ligue 1,Le Havre vs AS Monaco,Le Havre,AS Monaco,h2h,Le Havre,3.58,0.3301272080537757,0.27775536460064887,0.3050328040287128,0.09201743842279186,0.25,1xBet,2026-08-23T15:15:00Z,8.538382447365024,c08ae368da47d801388263c7,OPEN,,,2026-07-11 20:14:33,,0.0,0.0,,,,,
461,football,Eredivisie,Go Ahead Eagles vs Willem II,Go Ahead Eagles,Willem II,h2h,Willem II,4.46,0.278937793095126,0.2396518964589235,0.25990300763050267,0.15916741403204182,0.32,1xBet,2026-08-08T16:45:00Z,14.581138972488269,1df092392ed1e7f66fa73f8a,OPEN,,,2026-07-11 20:14:35,,0.0,0.0,,,,,
478,football,League One,Notts County vs Leicester City,Notts County,Leicester City,h2h,Notts County,3.44,0.33378634483897157,0.28665897105622534,0.3108633838971493,0.06937004060619345,0.19,1xBet,2026-08-15T11:30:00Z,6.326078699108406,91b999d39069c47bff7f5170,OPEN,,,2026-07-11 20:14:46,,0.0,0.0,,,,,
489,football,League One,Barnsley vs Bromley FC,Barnsley,Bromley FC,h2h,Bromley FC,4.15,0.28712537333186683,0.24818628780773233,0.2682650367283392,0.11329990242260779,0.25,Betsson,2026-08-15T14:00:00Z,10.46501112504862,703141b85615b7beaeec85de,OPEN,,,2026-07-11 20:14:47,,0.0,0.0,,,,,
500,football,League One,Bradford City vs Peterborough United,Bradford City,Peterborough United,h2h,Peterborough United,4.25,0.282849154830686,0.2404113450783126,0.26245209390652646,0.11542139910273752,0.25,Marathon Bet,2026-08-15T14:00:00Z,10.761776490423381,53671f4cc5a9191dec53d348,OPEN,,,2026-07-11 20:14:47,,0.0,0.0,,,,,
511,football,League Two,Grimsby Town vs Exeter City,Grimsby Town,Exeter City,h2h,Exeter City,4.25,0.28337763235800434,0.24137221330980044,0.26304501496647154,0.11794131360750404,0.25,Nordic Bet,2026-08-15T14:00:00Z,10.901774704936198,f0cdf6a7903681e691a6a067,OPEN,,,2026-07-11 20:14:53,,0.0,0.0,,,,,
522,football,Scottish Premiership,Aberdeen vs Hearts,Aberdeen,Hearts,h2h,Aberdeen,4.2,0.31144873896015224,0.2447257885764222,0.2795234139360769,0.1739983385315229,0.38,Tipico,2026-08-01T16:30:00Z,16.461763241692807,7f5d147b491dad25a101bf55,OPEN,,,2026-07-11 20:14:55,,0.0,0.0,,,,,
535,football,Austrian Bundesliga,WSG Tirol vs Sturm Graz,WSG Tirol,Sturm Graz,h2h,WSG Tirol,3.56,0.3336344003720113,0.28374650977423216,0.30965975313117733,0.10238872114699138,0.28,Pinnacle,2026-08-01T15:00:00Z,9.617738357924322,c1fee4eb3db22c9cbc1f7ef9,OPEN,,,2026-07-11 20:14:57,,0.0,0.0,,,,,
549,football,Austrian Bundesliga,Rapid Wien vs Rheindorf Altach,Rapid Wien,Rheindorf Altach,h2h,Rheindorf Altach,4.4,0.27494249985981234,0.22833792150830945,0.2524990395625938,0.11099577407541283,0.22,Tipico,2026-08-02T17:00:00Z,10.424039211465349,061d04d6b15bfdc576b8b7f9,OPEN,,,2026-07-11 20:14:59,,0.0,0.0,,,,,
563,football,Danish Superliga,AC Horsens vs FC Nordsjaelland,AC Horsens,FC Nordsjaelland,h2h,AC Horsens,3.8,0.32038171420732525,0.25965071674753026,0.2910030475844819,0.10581158082103115,0.26,Tipico,2026-07-26T16:00:00Z,9.885428714649679,2e5f445a2b656ef5e95575c8,OPEN,,,2026-07-11 20:15:04,,0.0,0.0,,,,,
582,football,Eliteserien,Sandefjord vs HamKam,Sandefjord,HamKam,h2h,HamKam,4.0,0.2853959243156784,0.2501895432871388,0.26843730731177384,0.07374922924709537,0.17,Betfair,2026-07-12T15:00:00Z,6.627249270014524,df504c0452d29331533aa5d1,OPEN,,,2026-07-11 20:15:06,,0.0,0.0,,,,,
605,football,Eliteserien,Sarpsborg FK vs Viking FK,Sarpsborg FK,Viking FK,h2h,Sarpsborg FK,4.3,0.30941832897717647,0.23643643623201613,0.27413558418400796,0.17878301199123414,0.38,Coolbet,2026-07-12T17:15:00Z,16.14076508533874,6ab37b23cff9771f030c2767,OPEN,,,2026-07-11 20:15:09,,0.0,0.0,,,,,
628,football,Allsvenskan,Västerås SK vs Degerfors IF,Västerås SK,Degerfors IF,h2h,Degerfors IF,3.9,0.2900479674027642,0.2580816099871718,0.27478817686498846,0.07167388977345501,0.18,Unibet (SE),2026-07-12T12:00:00Z,6.722696339952987,0e08f2d74df2729a0bf3b8b0,LOST,,,2026-07-11 20:15:10,2026-07-12T14:02:56Z,0.0,0.0,2,0,2-0,the_odds_api_scores,6cb0727407c266ebe3839e192bc395ac
649,football,Allsvenskan,Malmo FF vs IFK Goteborg,Malmo FF,IFK Goteborg,h2h,IFK Goteborg,4.4,0.2828837728122543,0.2450558016407901,0.2648759205189326,0.1654540502833035,0.34,Unibet (SE),2026-07-12T12:00:00Z,15.567494911508062,943a0e27354f33a1d60fdc66,LOST,,,2026-07-11 20:15:11,2026-07-12T14:02:56Z,0.0,0.0,4,0,4-0,the_odds_api_scores,1dcfff56ca67a294cfc28c1671c8a77c
671,football,Allsvenskan,GAIS vs IF Elfsborg,GAIS,IF Elfsborg,h2h,IF Elfsborg,4.2,0.28053248079185855,0.24078072524007052,0.26152105512858936,0.09838843154007537,0.22,Betfair,2026-07-12T14:30:00Z,8.914038074428834,7e100a08c2216d0202332f8d,OPEN,,,2026-07-11 20:15:12,,0.0,0.0,,,,,
692,football,Allsvenskan,IF Brommapojkarna vs IK Sirius,IF Brommapojkarna,IK Sirius,h2h,Draw,4.5,0.24832847624184007,0.22809031435257127,0.23910267397450985,0.07596203288529435,0.16,Unibet (SE),2026-07-12T14:30:00Z,7.487509226259255,cb3e6587200eab33c7d9b566,OPEN,,,2026-07-11 20:15:13,,0.0,0.0,,,,,
714,football,Allsvenskan,IFK Goteborg vs IF Brommapojkarna,IFK Goteborg,IF Brommapojkarna,h2h,IF Brommapojkarna,4.5,0.27459963053085956,0.22999372476552696,0.25317471377509776,0.1392862119879399,0.28,Unibet (SE),2026-07-17T17:00:00Z,12.973387460010684,387fbfb2572dc7caf13fed7a,OPEN,,,2026-07-11 20:15:14,,0.0,0.0,,,,,
723,football,Allsvenskan,Mjällby AIF vs Västerås SK,Mjällby AIF,Västerås SK,h2h,Västerås SK,4.2,0.2862725850194906,0.2512172783812197,0.26943739907447195,0.1316370761127823,0.29,Unibet (SE),2026-07-17T17:00:00Z,12.262955704971247,ff136dc0d6a69dc82c94091a,OPEN,,,2026-07-11 20:15:14,,0.0,0.0,,,,,
735,football,2. Bundesliga,VfL Bochum vs Hertha Berlin,VfL Bochum,Hertha Berlin,h2h,Draw,3.7,0.2911540794734234,0.30543967961339613,0.297900883461268,0.10223326880669159,0.27,Tipico,2026-08-07T18:30:00Z,9.81432898296793,17e9d54e50e451ef4650eded,OPEN,,,2026-07-11 20:15:15,,0.0,0.0,,,,,
740,football,2. Bundesliga,Karlsruher SC vs Arminia Bielefeld,Karlsruher SC,Arminia Bielefeld,h2h,Draw,3.6,0.2973567451110018,0.3167172534999022,0.3063964949194836,0.10302738171014103,0.29,Tipico,2026-08-08T11:00:00Z,10.014578960181861,a7029924acd313dc3ecf4ca6,OPEN,,,2026-07-11 20:15:16,,0.0,0.0,,,,,
745,football,2. Bundesliga,SV Darmstadt 98 vs Holstein Kiel,SV Darmstadt 98,Holstein Kiel,h2h,Draw,3.65,0.2964521327572267,0.3150725037657656,0.305134207544812,0.11373985753856375,0.31,Winamax (DE),2026-08-08T11:00:00Z,10.962814881536922,424b50e4126d70375bba44a0,OPEN,,,2026-07-11 20:15:16,,0.0,0.0,,,,,
750,football,2. Bundesliga,1. FC Nürnberg vs Dynamo Dresden,1. FC Nürnberg,Dynamo Dresden,h2h,Draw,3.7,0.2941221687948212,0.31083620565230113,0.30184683755984854,0.11683329897143957,0.31,Tipico,2026-08-09T11:30:00Z,11.48112478402423,23dd8965eb0be580a5f08883,OPEN,,,2026-07-11 20:15:16,,0.0,0.0,,,,,
755,football,2. Bundesliga,FC Energie Cottbus vs Hannover 96,FC Energie Cottbus,Hannover 96,h2h,Draw,3.65,0.2953709691397781,0.3131067517340409,0.3035935884797198,0.10811659795097728,0.3,Winamax (DE),2026-08-09T11:30:00Z,10.48448674941777,9f46a8f034b2fd1ce899165a,OPEN,,,2026-07-11 20:15:16,,0.0,0.0,,,,,
760,football,Brazil Serie A,Botafogo vs Santos,Botafogo,Santos,h2h,Santos,4.0,0.29084490499213334,0.2532248851939738,0.273154298510661,0.0926171940426439,0.22,Betfair,2026-07-16T22:30:00Z,8.550515376482748,5bd3c444110383700f440370,OPEN,,,2026-07-11 20:15:20,,0.0,0.0,,,,,
782,football,Brazil Serie A,Fluminense vs Bragantino-SP,Fluminense,Bragantino-SP,h2h,Bragantino-SP,4.4,0.2793810606263212,0.232381531801588,0.2570796233074203,0.13115034255264946,0.27,Betfair,2026-07-17T23:00:00Z,11.987943970842155,1c41120dba1acbbb8e997bcf,OPEN,,,2026-07-11 20:15:22,,0.0,0.0,,,,,
804,football,Brazil Serie A,Mirassol vs Grêmio,Mirassol,Grêmio,h2h,Grêmio,4.1,0.2836595308946259,0.24016056865305113,0.2629305653767996,0.07801531804487816,0.18,Betfair,2026-07-17T23:00:00Z,7.096957221472312,a1052f8d8edbc83a09b1d35b,OPEN,,,2026-07-11 20:15:23,,0.0,0.0,,,,,
826,football,Brazil Serie A,Coritiba vs Palmeiras,Coritiba,Palmeiras,h2h,Coritiba,3.7,0.3203338531689859,0.26261457334217814,0.2925160423838616,0.08230935682028795,0.21,1xBet,2026-07-22T22:30:00Z,7.586895024830937,0d83cfbba89f955de55fba29,OPEN,,,2026-07-11 20:15:24,,0.0,0.0,,,,,
843,football,Brazil Serie A,Sao Paulo vs Atletico Paranaense,Sao Paulo,Atletico Paranaense,h2h,Atletico Paranaense,4.3,0.2836971575811608,0.24022898081038735,0.26313122007208667,0.13146424630997267,0.28,Unibet (NL),2026-07-23T00:30:00Z,12.477041991295176,ea7c8d12e7fe4f84b8846c7f,OPEN,,,2026-07-11 20:15:25,,0.0,0.0,,,,,
862,football,Argentina Primera Division,Sarmiento de Junin vs Argentinos Juniors,Sarmiento de Junin,Argentinos Juniors,h2h,Sarmiento de Junin,4.38,0.2987061702233531,0.22395939485737953,0.26277236417599714,0.15094295509086741,0.31,Pinnacle,2026-07-23T22:30:00Z,14.172861614180468,6056e5c2a73bfee7a5668c34,OPEN,,,2026-07-11 20:15:28,,0.0,0.0,,,,,
872,football,Argentina Primera Division,Gimnasia Mendoza vs Central Córdoba,Gimnasia Mendoza,Central Córdoba,h2h,Central Córdoba,4.49,0.27519045760191607,0.22417438354380587,0.25085969495143,0.12636003033192078,0.25,Pinnacle,2026-07-24T19:45:00Z,11.97265598051745,c2402ef8e7ef0a7940a7eb68,OPEN,,,2026-07-11 20:15:29,,0.0,0.0,,,,,
879,football,Argentina Primera Division,Estudiantes de Río Cuarto vs CA Tigre BA,Estudiantes de Río Cuarto,CA Tigre BA,h2h,Estudiantes de Río Cuarto,3.75,0.3166090084180073,0.2565100097567509,0.2876984789653201,0.07886929611995042,0.2,Codere (IT),2026-07-25T17:45:00Z,7.34275883895722,233ccc43aff073185fd1c04a,OPEN,,,2026-07-11 20:15:30,,0.0,0.0,,,,,
888,football,Argentina Primera Division,Lanus vs San Lorenzo,Lanus,San Lorenzo,h2h,San Lorenzo,4.3,0.2763386059503862,0.22626192599556968,0.25233331837938405,0.08503326903135133,0.18,Codere (IT),2026-07-26T00:30:00Z,7.948331968455101,f98b935baac718daf4eb4b81,OPEN,,,2026-07-11 20:15:31,,0.0,0.0,,,,,
897,football,Argentina Primera Division,Deportivo Riestra vs Boca Juniors,Deportivo Riestra,Boca Juniors,h2h,Deportivo Riestra,4.3,0.2980599929382568,0.2227845270662954,0.2616893910988831,0.12526438172519727,0.26,Codere (IT),2026-07-26T22:30:00Z,11.603191098670623,5e1a5da227014ca0c5b7ea84,OPEN,,,2026-07-11 20:15:32,,0.0,0.0,,,,,
904,football,Liga MX,Tijuana vs Tigres,Tijuana,Tigres,h2h,Tijuana,3.7,0.32783075723391775,0.2649901373929085,0.2970372601676856,0.0990378626204369,0.26,Tipico,2026-07-17T03:00:00Z,9.113120591750642,ef451a27e2a34e260b6fa144,OPEN,,,2026-07-11 20:15:33,,0.0,0.0,,,,,
920,football,Liga MX,Atlético San Luis vs Cruz Azul,Atlético San Luis,Cruz Azul,h2h,Atlético San Luis,4.1,0.3135038703010619,0.23894125206044337,0.2769229266334166,0.13538399919700805,0.3,Unibet (NL),2026-07-18T01:00:00Z,12.322882665983562,4d276ec42adea2b88b72bedc,OPEN,,,2026-07-11 20:15:34,,0.0,0.0,,,,,
935,football,Liga MX,Querétaro vs América,Querétaro,América,h2h,Querétaro,3.9,0.3223101685351465,0.25495270339514264,0.28922190664111713,0.1279654359003568,0.3,Tipico,2026-07-19T03:00:00Z,11.740228357530459,93a536debd304d5aad930b80,OPEN,,,2026-07-11 20:15:35,,0.0,0.0,,,,,
957,baseball,baseball_mlb,Tampa Bay Rays vs Seattle Mariners,Tampa Bay Rays,Seattle Mariners,h2h,Tampa Bay Rays,1.97,0.5075008184170537,0.5075008184170537,0.5439705728919376,0.0716220285971172,0.55,BetOnline.ag,2026-07-11T20:31:00Z,73.0,e0d6ac2e15b7d032703701d9,WON,,,2026-07-11 20:22:41,2026-07-11T20:34:05.805366+00:00,0.5335,0.97,,,,,
1029,baseball,baseball_mlb,Tampa Bay Rays vs Seattle Mariners,Tampa Bay Rays,Seattle Mariners,h2h,Tampa Bay Rays,1.8,0.5084868425618179,0.5084868425618179,0.6168436582744078,0.11031858489393409,1.03,Betclic (FR),2026-07-11T20:35:00Z,94.0,02319004c7ea083184eb0470,WON,,,2026-07-11 20:34:09,2026-07-11T20:50:09.802093+00:00,0.824,0.8,,,,,
1030,basketball,basketball_wnba,Atlanta Dream vs Portland Fire,Atlanta Dream,Portland Fire,h2h,Portland Fire,3.45,0.294245930375429,0.294245930375429,0.31595423187562843,0.09004209997091817,0.28,PMU (FR),2026-07-11T20:07:07Z,9.004209997091817,f01bf8d715313edcb3ca7933,WON,,,2026-07-11 20:50:09,2026-07-12T06:36:06.961606+00:00,0.686,2.45,,,,,
1055,baseball,baseball_mlb,San Francisco Giants vs Colorado Rockies,San Francisco Giants,Colorado Rockies,h2h,Colorado Rockies,1.93,0.5493849903908453,0.5493849903908453,0.582472558009027,0.12417203695742196,1.0,Pinnacle,2026-07-11T20:06:00Z,93.0,4e09a9b38ba1dc01cf10cfab,LOST,,,2026-07-11 20:50:11,2026-07-11T20:59:50.712557+00:00,-1.0,-1.0,,,,,
1117,baseball,baseball_mlb,Tampa Bay Rays vs Seattle Mariners,Tampa Bay Rays,Seattle Mariners,h2h,Seattle Mariners,1.8,0.5699383433196384,0.5699383433196384,0.6031947263046114,0.08575050734830048,0.8,Betsson,2026-07-11T20:35:00Z,93.0,13d3f1758f191322c64fd22d,LOST,,,2026-07-11 20:59:53,2026-07-11T21:23:23.828336+00:00,-0.8,-1.0,,,,,
1227,baseball,baseball_mlb,Los Angeles Dodgers vs Arizona Diamondbacks,Los Angeles Dodgers,Arizona Diamondbacks,h2h,Los Angeles Dodgers,1.4,0.7035614761797219,0.7035614761797219,0.7572757235910568,0.06018601302747939,1.13,Betfair,2026-07-12T01:10:00Z,85.0,516c518d90cf4393d7f90022,LOST,,,2026-07-11 20:59:57,2026-07-11T21:23:23.828409+00:00,-1.13,-1.0,,,,,
1239,baseball,baseball_mlb,San Francisco Giants vs Colorado Rockies,San Francisco Giants,Colorado Rockies,h2h,San Francisco Giants,1.73,0.5400310850798516,0.5400310850798516,0.6505758503524047,0.1254962211096602,1.29,888sport,2026-07-11T20:06:07Z,94.0,19de15e4658238527bb05b8d,WON,,,2026-07-11 21:23:25,2026-07-11T21:42:36.003006+00:00,0.9417,0.73,,,,,
1338,baseball,baseball_mlb,Texas Rangers vs Houston Astros,Texas Rangers,Houston Astros,h2h,Houston Astros,2.12,0.47818355419603337,0.47818355419603337,0.5014514436694214,0.0630770605791735,0.42,Matchbook,2026-07-11T23:06:00Z,84.0,a8131f6b113a350bc0259c7d,LOST,,,2026-07-11 21:23:28,2026-07-11T21:42:36.003080+00:00,-0.42,-1.0,,,,,
1618,basketball,basketball_wnba,Atlanta Dream vs Portland Fire,Atlanta Dream,Portland Fire,h2h,Atlanta Dream,2.15,0.5168221664729982,0.5168221664729982,0.4945834359182706,0.06335438722428166,0.41,888sport,2026-07-11T20:07:07Z,6.652210658549575,4ca942039c5dc804ce81b998,LOST,,,2026-07-11 21:42:44,2026-07-12T06:36:06.961636+00:00,-0.41,-1.0,,,,,
2259,football,FIFA World Cup,Norway vs England,Norway,England,h2h,England,3.7,0.30447420079579135,0.27206064380469736,0.28941281944750963,0.07082743195578578,0.19,Betfair,2026-07-11T21:01:00Z,6.839622075596655,0755183ef0289eb0063b0411,WON,,,2026-07-11 21:44:55,2026-07-12T04:05:39Z,0.0,0.0,1,2,1-2,the_odds_api_scores,e66e4478b739fa0657a7a11235e1fcee
2300,baseball,baseball_mlb,Washington Nationals vs New York Yankees,Washington Nationals,New York Yankees,h2h,New York Yankees,1.85,0.5090812062796531,0.5090812062796531,0.6140079311421597,0.1359146726129954,1.2,888sport,2026-07-12T17:36:00Z,94.0,259fc44ee08b6f8bc8b2ee37,WON,,,2026-07-12 06:36:09,2026-07-12T06:52:16.088066+00:00,1.02,0.85,,,,,
2320,baseball,baseball_mlb,New York Mets vs Boston Red Sox,New York Mets,Boston Red Sox,h2h,Boston Red Sox,1.86,0.5263369731259288,0.5263369731259288,0.6313278268515223,0.1742697579438317,1.52,BetOnline.ag,2026-07-12T17:41:00Z,95.0,11f0619b50d52c185d6d8000,WON,,,2026-07-12 06:36:09,2026-07-12T06:52:16.088150+00:00,1.3072,0.86,,,,,
2355,baseball,baseball_mlb,Miami Marlins vs Cleveland Guardians,Miami Marlins,Cleveland Guardians,h2h,Cleveland Guardians,1.91,0.49118457493868706,0.49118457493868706,0.5932150925190123,0.13304082671131345,1.1,888sport,2026-07-12T17:41:00Z,94.0,def3a98d764094d20c9aae7b,WON,,,2026-07-12 06:36:10,2026-07-12T06:52:16.088187+00:00,1.001,0.91,,,,,
2467,baseball,baseball_mlb,Texas Rangers vs Houston Astros,Texas Rangers,Houston Astros,h2h,Texas Rangers,1.73,0.5468393608179548,0.5468393608179548,0.6605876124562113,0.1428165695492456,1.47,888sport,2026-07-12T18:36:00Z,95.0,f8a50045e0265f76285ff0c7,WON,,,2026-07-12 06:36:13,2026-07-12T06:52:16.088229+00:00,1.0731,0.73,,,,,
2510,baseball,baseball_mlb,Los Angeles Dodgers vs Arizona Diamondbacks,Los Angeles Dodgers,Arizona Diamondbacks,h2h,Los Angeles Dodgers,1.52,0.655472112028488,0.655472112028488,0.7030346083628907,0.0686126047115938,0.99,1xBet,2026-07-12T20:11:00Z,87.0,18d37816467619ee3ee42f89,LOST,,,2026-07-12 06:36:14,2026-07-12T06:52:16.088277+00:00,-0.99,-1.0,,,,,
2539,basketball,basketball_wnba,Atlanta Dream vs Los Angeles Sparks,Atlanta Dream,Los Angeles Sparks,h2h,Los Angeles Sparks,3.6,0.27062446973082044,0.27062446973082044,0.2957556758034447,0.06472043289240093,0.19,Coolbet,2026-07-13T23:10:00Z,6.4720432892400925,393cc28334bef009175719dc,,,,2026-07-12 06:36:16,,0.0,0.0,,,,,
2663,football,Ligue 1,RC Lens vs Auxerre,RC Lens,Auxerre,h2h,Draw,4.47,0.24713918216724626,0.22688529441871147,0.23788063226218692,0.06332642621197548,0.14,1xBet,2026-08-22T15:15:00Z,6.208075419119415,6521bc8d8b125426dedac288,OPEN,,,2026-07-12 06:37:00,,0.0,0.0,,,,,
3236,football,Eliteserien,Sarpsborg FK vs Viking FK,Sarpsborg FK,Viking FK,h2h,Draw,4.5,0.24934186445510798,0.2300215072953229,0.2405055905734801,0.0822751575806604,0.18,Matchbook,2026-07-12T17:15:00Z,8.082502068396376,31fdce39f64aa5342b03b4cc,OPEN,,,2026-07-12 06:54:11,,0.0,0.0,,,,,
3504,football,Liga MX,Necaxa vs Atlante FC,Necaxa,Atlante FC,h2h,Atlante FC,3.93,0.2884715798207892,0.25867939853296673,0.27399833765264237,0.07681346697488456,0.18,Pinnacle,2026-07-17T01:00:00Z,7.070136248850338,93f166694b86626b0b86d7ae,OPEN,,,2026-07-12 06:54:49,,0.0,0.0,,,,,
3784,baseball,baseball_npb,Yokohama DeNA BayStars vs Yomiuri Giants,Yokohama DeNA BayStars,Yomiuri Giants,h2h,Yokohama DeNA BayStars,2.11,0.46807443540950516,0.46807443540950516,0.504747315265319,0.06501683520982304,0.44,BetOnline.ag,2026-07-12T09:00:00Z,78.0,77d5987642ee94462f56a25c,OPEN,,,2026-07-12 07:12:10,,0.0,0.0,,,,,
4230,football,Eliteserien,Rosenborg vs Kristiansund BK,Rosenborg,Kristiansund BK,h2h,Draw,4.5,0.24396060206752587,0.22923176842563536,0.23725744202843058,0.06765848912793748,0.14,Betfair,2026-07-12T15:00:00Z,6.670359514633173,7709da5e7c09ec5afd758115,OPEN,,,2026-07-12 07:54:30,,0.0,0.0,,,,,
4497,baseball,baseball_npb,Chiba Lotte Marines vs Orix Buffaloes,Chiba Lotte Marines,Orix Buffaloes,h2h,Orix Buffaloes,1.81,0.5843502733918761,0.5843502733918761,0.6221497105117446,0.12609097602625785,1.17,Pinnacle,2026-07-12T08:00:00Z,94.0,3d8715d5dcda4ee88ea21151,OPEN,,,2026-07-12 08:12:03,,0.0,0.0,,,,,
5028,football,MLS,FC Cincinnati vs Vancouver Whitecaps FC,FC Cincinnati,Vancouver Whitecaps FC,h2h,FC Cincinnati,3.6,0.3166902497031967,0.2756371044359693,0.2970516487679488,0.06938593556461581,0.19,1xBet,2026-07-22T23:30:00Z,6.4608219241433185,485c4b4069d6bef2619e4987,OPEN,,,2026-07-12 08:56:02,,0.0,0.0,,,,,
5036,football,MLS,Sporting Kansas City vs Minnesota United FC,Sporting Kansas City,Minnesota United FC,h2h,Sporting Kansas City,3.61,0.31629243028254217,0.27473425394481304,0.29624886490753166,0.06945840231618927,0.19,1xBet,2026-07-23T00:30:00Z,6.4072674880899125,d59f0c1975170be0e005180a,OPEN,,,2026-07-12 08:56:04,,0.0,0.0,,,,,
5304,baseball,baseball_npb,Yokohama DeNA BayStars vs Yomiuri Giants,Yokohama DeNA BayStars,Yomiuri Giants,h2h,Yomiuri Giants,1.93,0.5195260021158499,0.5195260021158499,0.5524650216292044,0.06625749174436457,0.53,Pinnacle,2026-07-12T09:00:00Z,80.0,84defa48717f0ca54d211c29,OPEN,,,2026-07-12 09:06:05,,0.0,0.0,,,,,
5599,football,MLS,Los Angeles FC vs Real Salt Lake,Los Angeles FC,Real Salt Lake,h2h,Real Salt Lake,4.45,0.2541320146456111,0.22114498237742214,0.23829661107810773,0.060419919297579394,0.12,Betsson,2026-07-23T02:30:00Z,5.638528384348722,6becb0adb302d327ec0ee0c3,OPEN,,,2026-07-12 09:08:17,,0.0,0.0,,,,,
5865,baseball,baseball_npb,Chiba Lotte Marines vs Orix Buffaloes,Chiba Lotte Marines,Orix Buffaloes,h2h,Orix Buffaloes,3.4,0.32275109828667803,0.32275109828667803,0.3434983456807421,0.16789437531452323,0.52,Pinnacle,2026-07-12T08:00:37Z,93.0,746954868004a9a88e1f6290,OPEN,,,2026-07-12 09:25:10,,0.0,0.0,,,,,
6128,baseball,baseball_npb,Hanshin Tigers vs Tokyo Yakult Swallows,Hanshin Tigers,Tokyo Yakult Swallows,h2h,Tokyo Yakult Swallows,3.1,0.3343485809950227,0.3343485809950227,0.3545584073661675,0.09913106283511919,0.35,William Hill,2026-07-12T09:01:00Z,87.0,cf18e379713b067e13c3e947,OPEN,,,2026-07-12 09:48:15,,0.0,0.0,,,,,
6400,baseball,baseball_npb,Hanshin Tigers vs Tokyo Yakult Swallows,Hanshin Tigers,Tokyo Yakult Swallows,h2h,Hanshin Tigers,1.44,0.7019152437126058,0.7019152437126058,0.7531147376587065,0.08448522222853727,1.44,Pinnacle,2026-07-12T09:01:00Z,87.0,685836771aca0c56d0814c72,OPEN,,,2026-07-12 10:29:58,,0.0,0.0,,,,,
6456,baseball,baseball_mlb,Washington Nationals vs New York Yankees,Washington Nationals,New York Yankees,h2h,Washington Nationals,2.04,0.4946419451164728,0.4946419451164728,0.5215582415588589,0.06397881278007223,0.46,Betfair,2026-07-12T17:36:00Z,83.0,5aef108203cc9e3e36d02201,LOST,,,2026-07-12 12:27:55,2026-07-12T13:00:29.701270+00:00,-0.46,-1.0,,,,,
6527,baseball,baseball_mlb,Tampa Bay Rays vs Seattle Mariners,Tampa Bay Rays,Seattle Mariners,h2h,Seattle Mariners,2.27,0.4497060393867991,0.4497060393867991,0.4689195423540622,0.06444736114372107,0.38,GTbets,2026-07-12T17:41:00Z,84.0,1c2744f587ee7d183003237d,LOST,,,2026-07-12 12:27:57,2026-07-12T13:00:29.701330+00:00,-0.38,-1.0,,,,,
6564,baseball,baseball_mlb,Chicago White Sox vs Athletics,Chicago White Sox,Athletics,h2h,Athletics,2.18,0.47015865329147033,0.47015865329147033,0.4919279360771868,0.07240290064826738,0.46,Betfair,2026-07-12T18:11:00Z,87.0,590eedef4c8deea5b2d53c46,LOST,,,2026-07-12 12:27:58,2026-07-12T13:00:29.701379+00:00,-0.46,-1.0,,,,,
6679,football,Allsvenskan,Malmo FF vs IFK Goteborg,Malmo FF,IFK Goteborg,h2h,Malmo FF,1.4,0.7860463942643431,0.8334056750751238,0.8075925629322407,0.13062958810513692,2.45,Pinnacle,2026-07-12T12:00:00Z,13.062955544773988,88bbca62f26e150e23500a5a,WON,,,2026-07-12 12:28:19,2026-07-12T14:02:56Z,0.0,0.0,4,0,4-0,the_odds_api_scores,1dcfff56ca67a294cfc28c1671c8a77c
6959,football,Eliteserien,KFUM vs Bodø/Glimt,KFUM,Bodø/Glimt,h2h,Bodø/Glimt,1.52,0.7087157139064044,0.7560554791480067,0.730254736181907,0.10998719899649867,1.59,Pinnacle,2026-07-12T12:30:00Z,10.998717149969893,65be934425f27d901a38517e,WON,,,2026-07-12 13:00:55,2026-07-12T14:45:56Z,0.0,0.0,0,2,0-2,the_odds_api_scores,8d6fa9efa526ed87c19cf7b498aacb1f
7239,football,Allsvenskan,Västerås SK vs Degerfors IF,Västerås SK,Degerfors IF,h2h,Draw,4.5,0.244351932886937,0.22969860677706275,0.23773434512683927,0.06980455307077671,0.15,Betfair,2026-07-12T12:00:00Z,6.919693235811682,5923bdee8ccb16a08cd11877,LOST,,,2026-07-12 13:08:41,2026-07-12T14:02:56Z,0.0,0.0,2,0,2-0,the_odds_api_scores,6cb0727407c266ebe3839e192bc395ac
7503,football,Premier League,Brentford vs Tottenham Hotspur,Brentford,Tottenham Hotspur,h2h,Tottenham Hotspur,3.15,0.33554655933804856,0.3383530886832559,0.33682175793841296,0.06098853750600086,0.21,1xBet,2026-08-22T16:30:00Z,6.0610204261863005,74604cd44c15e07029cb6c43,OPEN,,,2026-07-12 13:46:52,,0.0,0.0,,,,,
7573,baseball,baseball_mlb,New York Mets vs Boston Red Sox,New York Mets,Boston Red Sox,h2h,New York Mets,2.08,0.4883810106479998,0.4883810106479998,0.5141016484548767,0.06933142878614351,0.48,Pinnacle,2026-07-12T17:41:00Z,86.0,5c5ae6870addee9b2568cfe6,LOST,,,2026-07-12 14:11:34,2026-07-12T14:22:20.979037+00:00,-0.48,-1.0,,,,,
7851,football,Eliteserien,Sandefjord vs HamKam,Sandefjord,HamKam,h2h,Sandefjord,2.0,0.5473456140775138,0.5946406378398046,0.5688682471119926,0.13773649422398515,1.03,Pinnacle,2026-07-12T15:00:00Z,13.780536247109715,3c4330ca5f6386cedcaa08f2,OPEN,,,2026-07-12 15:09:44,,0.0,0.0,,,,,
