sport,period_days,settled,stake,profit,yield_pct,average_clv_pct,clv_samples,brier_score,calibration_error,probability_samples,max_drawdown
baseball,all,1515,1620.33,86.3381,5.328,,0,0.242342,0.053847,1515,21.4735
baseball,30,287,415.4,3.8635,0.93,,0,0.240769,0.095867,287,15.5173
baseball,90,1515,1620.33,86.3381,5.328,,0,0.242342,0.053847,1515,21.4735
baseball,365,1515,1620.33,86.3381,5.328,,0,0.242342,0.053847,1515,21.4735
basketball,all,42,22.08,3.5369,16.019,,0,0.229273,0.123081,42,2.1189
basketball,30,17,9.65,1.7515,18.15,,0,0.261765,0.293098,17,2.01
basketball,90,42,22.08,3.5369,16.019,,0,0.229273,0.123081,42,2.1189
basketball,365,42,22.08,3.5369,16.019,,0,0.229273,0.123081,42,2.1189
football,all,930,221.66,8.1739,3.688,3.667,530,0.196522,0.024465,930,17.7393
football,30,163,37.68,-4.3887,-11.647,5.456,160,0.190213,0.055174,163,8.3692
football,90,930,221.66,8.1739,3.688,3.667,530,0.196522,0.024465,930,17.7393
football,365,930,221.66,8.1739,3.688,3.667,530,0.196522,0.024465,930,17.7393
hockey,all,209,77.1,-7.9669,-10.333,,0,0.218452,0.048643,209,17.735
hockey,30,209,77.1,-7.9669,-10.333,,0,0.218452,0.048643,209,17.735
hockey,90,209,77.1,-7.9669,-10.333,,0,0.218452,0.048643,209,17.735
hockey,365,209,77.1,-7.9669,-10.333,,0,0.218452,0.048643,209,17.735
mma,all,20,8.71,-1.761,-20.218,,0,0.175791,0.224265,20,3.157
mma,30,0,0,0,0.0,,0,,,0,0.0
mma,90,20,8.71,-1.761,-20.218,,0,0.175791,0.224265,20,3.157
mma,365,20,8.71,-1.761,-20.218,,0,0.175791,0.224265,20,3.157
nfl,all,11,12.84,0.0621,0.484,,0,0.219025,0.263476,11,3.01
nfl,30,11,12.84,0.0621,0.484,,0,0.219025,0.263476,11,3.01
nfl,90,11,12.84,0.0621,0.484,,0,0.219025,0.263476,11,3.01
nfl,365,11,12.84,0.0621,0.484,,0,0.219025,0.263476,11,3.01
tennis,all,64,15.47,-0.2253,-1.456,,0,0.156221,0.127629,64,3.2023
tennis,30,62,15.11,-0.8513,-5.634,,0,0.153628,0.118963,62,3.1323
tennis,90,64,15.47,-0.2253,-1.456,,0,0.156221,0.127629,64,3.2023
tennis,365,64,15.47,-0.2253,-1.456,,0,0.156221,0.127629,64,3.2023
